ISO-10303-21;
HEADER;
FILE_DESCRIPTION((''),'2;1');
FILE_NAME('PRT0018','2020-03-23T',('Administrator'),(''),
'PRO/ENGINEER BY PARAMETRIC TECHNOLOGY CORPORATION, 2012360',
'PRO/ENGINEER BY PARAMETRIC TECHNOLOGY CORPORATION, 2012360','');
FILE_SCHEMA(('AUTOMOTIVE_DESIGN { 1 0 10303 214 1 1 1 1 }'));
ENDSEC;
DATA;
#40=DIRECTION('',(0.E0,-8.630886338333E-14,1.E0));
#41=VECTOR('',#40,1.769999999999E0);
#42=CARTESIAN_POINT('',(2.685E1,1.07E1,-1.17E1));
#43=LINE('',#42,#41);
#44=DIRECTION('',(-1.E0,-2.368475785864E-14,4.248453440894E-13));
#45=VECTOR('',#44,1.200000000001E0);
#46=CARTESIAN_POINT('',(2.685E1,1.07E1,-9.930000000001E0));
#47=LINE('',#46,#45);
#48=DIRECTION('',(-1.E0,-7.934393882645E-13,1.717144944752E-12));
#49=VECTOR('',#48,1.200000000001E0);
#50=CARTESIAN_POINT('',(2.685E1,1.07E1,-1.17E1));
#51=LINE('',#50,#49);
#52=DIRECTION('',(-1.E0,0.E0,0.E0));
#53=VECTOR('',#52,6.299999999999E0);
#54=CARTESIAN_POINT('',(2.565E1,1.07E1,-1.17E1));
#55=LINE('',#54,#53);
#56=DIRECTION('',(-1.E0,0.E0,0.E0));
#57=VECTOR('',#56,6.299999999999E0);
#58=CARTESIAN_POINT('',(1.815E1,1.07E1,-1.17E1));
#59=LINE('',#58,#57);
#60=DIRECTION('',(-1.E0,2.537652627715E-14,0.E0));
#61=VECTOR('',#60,6.299999999999E0);
#62=CARTESIAN_POINT('',(1.065E1,1.07E1,-1.17E1));
#63=LINE('',#62,#61);
#64=DIRECTION('',(-1.E0,0.E0,0.E0));
#65=VECTOR('',#64,3.E1);
#66=CARTESIAN_POINT('',(3.E1,9.E0,-1.17E1));
#67=LINE('',#66,#65);
#68=DIRECTION('',(-3.053292478499E-1,9.520118075813E-1,-2.115581794913E-2));
#69=VECTOR('',#68,9.451330885632E-1);
#70=CARTESIAN_POINT('',(4.621169463959E0,5.950752807752E0,-1.083223895128E1));
#71=LINE('',#70,#69);
#72=DIRECTION('',(9.871528776275E-1,-1.597391480004E-1,3.549758842459E-3));
#73=VECTOR('',#72,4.684027748084E-2);
#74=CARTESIAN_POINT('',(4.782597419769E0,6.844609209776E0,-1.085210242688E1));
#75=LINE('',#74,#73);
#76=DIRECTION('',(9.589569212906E-1,-2.834818128230E-1,6.299595811212E-3));
#77=VECTOR('',#76,6.875459746529E-2);
#78=CARTESIAN_POINT('',(4.828835934473E0,6.837126983759E0,-1.085193615519E1));
#79=LINE('',#78,#77);
#80=DIRECTION('',(9.167350819824E-1,-3.993970645042E-1,8.875490306438E-3));
#81=VECTOR('',#80,6.360256302491E-2);
#82=CARTESIAN_POINT('',(4.894768631583E0,6.817636305830E0,-1.085150302902E1));
#83=LINE('',#82,#81);
#84=DIRECTION('',(8.501110711388E-1,-5.264734471313E-1,1.169940994059E-2));
#85=VECTOR('',#84,5.956091958096E-2);
#86=CARTESIAN_POINT('',(4.953075332412E0,6.792233628863E0,-1.085093852509E1));
#87=LINE('',#86,#85);
#88=DIRECTION('',(7.641037668315E-1,-6.449341292174E-1,1.433186953592E-2));
#89=VECTOR('',#88,7.648066227750E-2);
#90=CARTESIAN_POINT('',(5.003708729555E0,6.760876386217E0,-1.085024169747E1));
#91=LINE('',#90,#89);
#92=DIRECTION('',(6.658651903592E-1,-7.458879326789E-1,1.657528738585E-2));
#93=VECTOR('',#92,7.992067583757E-2);
#94=CARTESIAN_POINT('',(5.062147891691E0,6.711551396889E0,-1.084914558660E1));
#95=LINE('',#94,#93);
#96=DIRECTION('',(5.657860489453E-1,-8.243485708679E-1,1.831885713750E-2));
#97=VECTOR('',#96,8.490171569702E-2);
#98=CARTESIAN_POINT('',(5.115364287721E0,6.651939529210E0,-1.084782087843E1));
#99=LINE('',#98,#97);
#100=DIRECTION('',(4.490173477828E-1,-8.933024977993E-1,1.985116660475E-2));
#101=VECTOR('',#100,8.807947106149E-2);
#102=CARTESIAN_POINT('',(5.163400493994E0,6.581950921211E0,-1.084626557603E1));
#103=LINE('',#102,#101);
#104=DIRECTION('',(3.105482281026E-1,-9.503230060828E-1,2.111828904034E-2));
#105=VECTOR('',#104,9.054850438124E-2);
#106=CARTESIAN_POINT('',(5.202949704484E0,6.503269309707E0,-1.084451709577E1));
#107=LINE('',#106,#105);
#108=DIRECTION('',(1.749119283040E-1,-9.843410662475E-1,2.187424594450E-2));
#109=VECTOR('',#108,9.485230296050E-2);
#110=CARTESIAN_POINT('',(5.231069382077E0,6.417218982827E0,-1.084260486629E1));
#111=LINE('',#110,#109);
#112=DIRECTION('',(-2.785068943366E-1,-9.601971733587E-1,2.133771498947E-2));
#113=VECTOR('',#112,3.480467205733E-2);
#114=CARTESIAN_POINT('',(5.240540377335E0,6.163230049500E0,-1.083696066777E1));
#115=LINE('',#114,#113);
#116=DIRECTION('',(-3.833039596736E-1,-9.233942870230E-1,2.051987309315E-2));
#117=VECTOR('',#116,3.305208138818E-2);
#118=CARTESIAN_POINT('',(5.230847036212E0,6.129810701771E0,-1.083621801559E1));
#119=LINE('',#118,#117);
#120=DIRECTION('',(-4.854652977122E-1,-8.740401520208E-1,1.942311439163E-2));
#121=VECTOR('',#120,3.166088525110E-2);
#122=CARTESIAN_POINT('',(5.218178042540E0,6.099290598643E0,-1.083553979108E1));
#123=LINE('',#122,#121);
#124=DIRECTION('',(-5.841296201636E-1,-8.114600530831E-1,1.803244569885E-2));
#125=VECTOR('',#124,3.060548067073E-2);
#126=CARTESIAN_POINT('',(5.202807781456E0,6.071617713685E0,-1.083492483808E1));
#127=LINE('',#126,#125);
#128=DIRECTION('',(-6.796554336621E-1,-7.333504686111E-1,1.629667700782E-2));
#129=VECTOR('',#128,3.011824373678E-2);
#130=CARTESIAN_POINT('',(5.184930213657E0,6.046782588715E0,-1.083437294641E1));
#131=LINE('',#130,#129);
#132=DIRECTION('',(-7.635072734061E-1,-6.456398308761E-1,1.434755178919E-2));
#133=VECTOR('',#132,2.966072707164E-2);
#134=CARTESIAN_POINT('',(5.164460185649E0,6.024695360557E0,-1.083388211912E1));
#135=LINE('',#134,#133);
#136=DIRECTION('',(-8.395443456388E-1,-5.431570702970E-1,1.207015709157E-2));
#137=VECTOR('',#136,2.951008558145E-2);
#138=CARTESIAN_POINT('',(5.141814004795E0,6.005545213747E0,-1.083345656031E1));
#139=LINE('',#138,#137);
#140=DIRECTION('',(-9.000348146261E-1,-4.357104342837E-1,9.682454094412E-3));
#141=VECTOR('',#140,2.981844706435E-2);
#142=CARTESIAN_POINT('',(5.117038979306E0,5.989516602118E0,-1.083310036894E1));
#143=LINE('',#142,#141);
#144=DIRECTION('',(-9.451570445507E-1,-3.265356130111E-1,7.256346985340E-3));
#145=VECTOR('',#144,3.122788318084E-2);
#146=CARTESIAN_POINT('',(5.090201338830E0,5.976524393598E0,-1.083281165319E1));
#147=LINE('',#146,#145);
#148=DIRECTION('',(-9.739511365258E-1,-2.267020158783E-1,5.037822629536E-3));
#149=VECTOR('',#148,3.329674900706E-2);
#150=CARTESIAN_POINT('',(5.060686085055E0,5.966327377621E0,-1.083258505284E1));
#151=LINE('',#150,#149);
#152=DIRECTION('',(3.047027004678E-1,-9.522124274762E-1,2.116027616633E-2));
#153=VECTOR('',#152,9.449339602013E-1);
#154=CARTESIAN_POINT('',(9.939483314223E0,6.850530667800E0,-1.085223401484E1));
#155=LINE('',#154,#153);
#156=DIRECTION('',(-3.051424075032E-1,9.520716812360E-1,-2.115714847262E-2));
#157=VECTOR('',#156,6.324021309479E-1);
#158=CARTESIAN_POINT('',(1.005557160092E1,5.950752807752E0,-1.083223895128E1));
#159=LINE('',#158,#157);
#160=DIRECTION('',(-2.814790280506E-1,-9.593305375025E-1,2.131845638964E-2));
#161=VECTOR('',#160,6.276170063309E-1);
#162=CARTESIAN_POINT('',(9.862598892173E0,6.552844967781E0,-1.084561877706E1));
#163=LINE('',#162,#161);
#164=DIRECTION('',(-3.046890753911E-1,9.522167851659E-1,-2.116037300469E-2));
#165=VECTOR('',#164,9.449296358406E-1);
#166=CARTESIAN_POINT('',(9.512839110026E0,5.950752807752E0,-1.083223895128E1));
#167=LINE('',#166,#165);
#168=DIRECTION('',(3.049792698590E-1,-9.521239262285E-1,2.115830946751E-2));
#169=VECTOR('',#168,6.350051298185E-1);
#170=CARTESIAN_POINT('',(9.397380015239E0,6.850530667800E0,-1.085223401484E1));
#171=LINE('',#170,#169);
#172=DIRECTION('',(2.790935552479E-1,9.600269010822E-1,-2.133393113155E-2));
#173=VECTOR('',#172,6.297777454948E-1);
#174=CARTESIAN_POINT('',(9.591043416088E0,6.245927090422E0,-1.083879837979E1));
#175=LINE('',#174,#173);
#176=DIRECTION('',(3.038255550047E-1,-9.524925256288E-1,2.116650059180E-2));
#177=VECTOR('',#176,1.579177134600E-1);
#178=CARTESIAN_POINT('',(6.214652570160E0,6.101168249487E0,-1.083558151666E1));
#179=LINE('',#178,#177);
#180=DIRECTION('',(-3.049206747107E-1,9.521426838636E-1,-2.115872630906E-2));
#181=VECTOR('',#180,9.450031757813E-1);
#182=CARTESIAN_POINT('',(5.595447233818E0,5.950752807752E0,-1.083223895128E1));
#183=LINE('',#182,#181);
#184=DIRECTION('',(3.073271086832E-1,-9.513690576128E-1,2.114153460246E-2));
#185=VECTOR('',#184,1.581041978729E-1);
#186=CARTESIAN_POINT('',(6.010321290331E0,6.850530667800E0,-1.085223401484E1));
#187=LINE('',#186,#185);
#188=DIRECTION('',(3.235663988662E-1,-9.459719223796E-1,2.102159827851E-2));
#189=VECTOR('',#188,2.582307789311E-1);
#190=CARTESIAN_POINT('',(5.535267149243E0,6.700115226065E0,-1.084889144947E1));
#191=LINE('',#190,#189);
#192=DIRECTION('',(3.038255550050E-1,-9.524925256295E-1,2.116650055527E-2));
#193=VECTOR('',#192,1.579177134598E-1);
#194=CARTESIAN_POINT('',(6.084854521383E0,6.455836159702E0,-1.084346302577E1));
#195=LINE('',#194,#193);
#196=DIRECTION('',(3.060848186918E-1,-9.517692699141E-1,2.115042821335E-2));
#197=VECTOR('',#196,2.146029241923E-1);
#198=CARTESIAN_POINT('',(5.667023735463E0,6.305420717967E0,-1.084012046040E1));
#199=LINE('',#198,#197);
#200=DIRECTION('',(9.990076595804E-1,-4.452771025086E-2,9.895046748517E-4));
#201=VECTOR('',#200,1.785507453216E-1);
#202=CARTESIAN_POINT('',(7.955612600781E0,6.215331313400E0,-1.083811847363E1));
#203=LINE('',#202,#201);
#204=DIRECTION('',(-3.485192985022E-1,-9.370702580974E-1,2.082378353612E-2));
#205=VECTOR('',#204,7.031281286724E-2);
#206=CARTESIAN_POINT('',(8.128020666299E0,6.130548519127E0,-1.083623441154E1));
#207=LINE('',#206,#205);
#208=DIRECTION('',(-6.158555096451E-1,-7.876646578075E-1,1.750365906749E-2));
#209=VECTOR('',#208,6.988736093123E-2);
#210=CARTESIAN_POINT('',(8.103515294083E0,6.064660473426E0,-1.083477023274E1));
#211=LINE('',#210,#209);
#212=DIRECTION('',(-8.296065899015E-1,-5.582105605660E-1,1.240467913749E-2));
#213=VECTOR('',#212,7.380644712345E-2);
#214=CARTESIAN_POINT('',(8.060474777799E0,6.009612669193E0,-1.083354694820E1));
#215=LINE('',#214,#213);
#216=DIRECTION('',(-9.543150502589E-1,-2.987284993899E-1,6.638411068572E-3));
#217=VECTOR('',#216,8.275613067059E-2);
#218=CARTESIAN_POINT('',(7.999244462888E0,5.968413130971E0,-1.083263140291E1));
#219=LINE('',#218,#217);
#220=DIRECTION('',(-9.963859948475E-1,-8.491989220703E-2,1.887108705399E-3));
#221=VECTOR('',#220,9.707609164634E-2);
#222=CARTESIAN_POINT('',(7.920269041888E0,5.943691516240E0,-1.083208203369E1));
#223=LINE('',#222,#221);
#224=DIRECTION('',(-9.963248092658E-1,8.563441528879E-2,-1.902987024009E-3));
#225=VECTOR('',#224,9.703931900902E-2);
#226=CARTESIAN_POINT('',(7.823543783737E0,5.935447825002E0,-1.083189884056E1));
#227=LINE('',#226,#225);
#228=DIRECTION('',(-9.569150153116E-1,2.902964651008E-1,-6.451032560928E-3));
#229=VECTOR('',#228,8.589304289716E-2);
#230=CARTESIAN_POINT('',(7.726861102734E0,5.943757730345E0,-1.083208350512E1));
#231=LINE('',#230,#229);
#232=DIRECTION('',(-8.522098890892E-1,5.230709246856E-1,-1.162379830725E-2));
#233=VECTOR('',#232,7.944287525843E-2);
#234=CARTESIAN_POINT('',(7.644668760275E0,5.968692177075E0,-1.083263760394E1));
#235=LINE('',#234,#233);
#236=DIRECTION('',(-6.902672976244E-1,7.233758715795E-1,-1.607501934383E-2));
#237=VECTOR('',#236,7.503928683752E-2);
#238=CARTESIAN_POINT('',(7.576966756362E0,6.010246435296E0,-1.083356103190E1));
#239=LINE('',#238,#237);
#240=DIRECTION('',(-4.808309759210E-1,8.765968884774E-1,-1.947993086660E-2));
#241=VECTOR('',#240,7.164564201242E-2);
#242=CARTESIAN_POINT('',(7.525169590621E0,6.064528044815E0,-1.083476728988E1));
#243=LINE('',#242,#241);
#244=DIRECTION('',(-2.326790933560E-1,9.723135186187E-1,-2.160696707802E-2));
#245=VECTOR('',#244,7.349917669926E-2);
#246=CARTESIAN_POINT('',(7.490720146652E0,6.127332391676E0,-1.083616294204E1));
#247=LINE('',#246,#245);
#248=DIRECTION('',(3.196816849725E-1,9.472911270112E-1,-2.105091396903E-2));
#249=VECTOR('',#248,3.613761134336E-2);
#250=CARTESIAN_POINT('',(7.477076615222E0,6.278112012797E0,-1.083951360028E1));
#251=LINE('',#250,#249);
#252=DIRECTION('',(4.980073004006E-1,8.669587992407E-1,-1.926575113504E-2));
#253=VECTOR('',#252,3.488176952635E-2);
#254=CARTESIAN_POINT('',(7.488629147707E0,6.312344851374E0,-1.084027433003E1));
#255=LINE('',#254,#253);
#256=DIRECTION('',(6.489372718018E-1,7.606541208007E-1,-1.690342496062E-2));
#257=VECTOR('',#256,3.449638273625E-2);
#258=CARTESIAN_POINT('',(7.506000523582E0,6.342585908398E0,-1.084094635352E1));
#259=LINE('',#258,#257);
#260=DIRECTION('',(7.749186183245E-1,6.319050148870E-1,-1.404233366407E-2));
#261=VECTOR('',#260,3.526775504518E-2);
#262=CARTESIAN_POINT('',(7.528386512082E0,6.368825724079E0,-1.084152946054E1));
#263=LINE('',#262,#261);
#264=DIRECTION('',(8.533290684085E-1,5.212440220047E-1,-1.158320047982E-2));
#265=VECTOR('',#264,4.208370713979E-2);
#266=CARTESIAN_POINT('',(7.555716152093E0,6.391111595356E0,-1.084202470212E1));
#267=LINE('',#266,#265);
#268=DIRECTION('',(8.853692303359E-1,4.647737643983E-1,-1.032830583772E-2));
#269=VECTOR('',#268,5.433036870246E-2);
#270=CARTESIAN_POINT('',(7.591627402702E0,6.413047476126E0,-1.084251216614E1));
#271=LINE('',#270,#269);
#272=DIRECTION('',(9.031944197005E-1,4.291257420524E-1,-9.536127609709E-3));
#273=VECTOR('',#272,1.306702887239E-1);
#274=CARTESIAN_POINT('',(7.639729839424E0,6.438298806109E0,-1.084307330680E1));
#275=LINE('',#274,#273);
#276=DIRECTION('',(8.784585284683E-1,4.777006629983E-1,-1.061557027905E-2));
#277=VECTOR('',#276,4.582101220208E-2);
#278=CARTESIAN_POINT('',(7.757750515020E0,6.494372790722E0,-1.084431939535E1));
#279=LINE('',#278,#277);
#280=DIRECTION('',(8.138248794094E-1,5.809667700752E-1,-1.291037267675E-2));
#281=VECTOR('',#280,2.797217233352E-2);
#282=CARTESIAN_POINT('',(7.798002373972E0,6.516261518630E0,-1.084480581153E1));
#283=LINE('',#282,#281);
#284=DIRECTION('',(6.351322731191E-1,7.722127429169E-1,-1.716028319259E-2));
#285=VECTOR('',#284,2.567489300874E-2);
#286=CARTESIAN_POINT('',(7.820766823748E0,6.532512421243E0,-1.084516694269E1));
#287=LINE('',#286,#285);
#288=DIRECTION('',(3.554984291269E-1,9.344461793575E-1,-2.076547067710E-2));
#289=VECTOR('',#288,2.415296651051E-2);
#290=CARTESIAN_POINT('',(7.837073776907E0,6.552338900797E0,-1.084560753113E1));
#291=LINE('',#290,#289);
#292=CARTESIAN_POINT('',(7.846397329897E0,6.600178796026E0,-1.084667063991E1));
#293=CARTESIAN_POINT('',(7.843815983669E0,6.609851350202E0,-1.084688558556E1));
#294=CARTESIAN_POINT('',(7.841353468418E0,6.619631113654E0,-1.084710291364E1));
#295=CARTESIAN_POINT('',(7.838772122191E0,6.629303667830E0,-1.084731785929E1));
#297=DIRECTION('',(-5.324157792993E-1,8.462740507241E-1,-1.880609008080E-2));
#298=VECTOR('',#297,3.093922180334E-2);
#299=CARTESIAN_POINT('',(7.838772122191E0,6.629303667830E0,-1.084731785929E1));
#300=LINE('',#299,#298);
#301=DIRECTION('',(-7.338652456813E-1,6.791274115831E-1,-1.509172016551E-2));
#302=VECTOR('',#301,3.424311699155E-2);
#303=CARTESIAN_POINT('',(7.822299592304E0,6.655486728392E0,-1.084789970508E1));
#304=LINE('',#303,#302);
#305=DIRECTION('',(-8.871374197507E-1,4.613914515127E-1,-1.025314337352E-2));
#306=VECTOR('',#305,3.903477895767E-2);
#307=CARTESIAN_POINT('',(7.797169758840E0,6.678742167799E0,-1.084841649262E1));
#308=LINE('',#307,#306);
#309=DIRECTION('',(-9.721809862031E-1,2.341731198079E-1,-5.203847104343E-3));
#310=VECTOR('',#309,4.629157042624E-2);
#311=CARTESIAN_POINT('',(7.762540545755E0,6.696752481122E0,-1.084881672180E1));
#312=LINE('',#311,#310);
#313=DIRECTION('',(-9.492130267545E-1,-3.145564619138E-1,6.990143618738E-3));
#314=VECTOR('',#313,5.077580162062E-2);
#315=CARTESIAN_POINT('',(7.597592899781E0,6.705899525984E0,-1.084901998947E1));
#316=LINE('',#315,#314);
#317=DIRECTION('',(-7.653046028336E-1,-6.435094163234E-1,1.430020925880E-2));
#318=VECTOR('',#317,4.145963972446E-2);
#319=CARTESIAN_POINT('',(7.549395847439E0,6.689927669475E0,-1.084866505932E1));
#320=LINE('',#319,#318);
#321=DIRECTION('',(-4.100706685931E-1,-9.118286370377E-1,2.026285857127E-2));
#322=VECTOR('',#321,2.810283348563E-2);
#323=CARTESIAN_POINT('',(7.517666594326E0,6.663248000915E0,-1.084807217780E1));
#324=LINE('',#323,#322);
#325=DIRECTION('',(-9.986477775017E-1,5.197386385760E-2,-1.154974731292E-3));
#326=VECTOR('',#325,1.773581599845E-1);
#327=CARTESIAN_POINT('',(7.501471602679E0,6.549699784330E0,-1.084554888410E1));
#328=LINE('',#327,#326);
#329=DIRECTION('',(2.717607324231E-1,9.621273169164E-1,-2.138060700907E-2));
#330=VECTOR('',#329,5.046532227819E-2);
#331=CARTESIAN_POINT('',(7.325337269873E0,6.669997138667E0,-1.084822215864E1));
#332=LINE('',#331,#330);
#333=DIRECTION('',(4.893705266626E-1,8.718607166904E-1,-1.937468260690E-2));
#334=VECTOR('',#333,4.918592456350E-2);
#335=CARTESIAN_POINT('',(7.339051762817E0,6.718551203788E0,-1.084930113786E1));
#336=LINE('',#335,#334);
#337=DIRECTION('',(7.062248426021E-1,7.078128741027E-1,-1.572917499540E-2));
#338=VECTOR('',#337,5.099027210104E-2);
#339=CARTESIAN_POINT('',(7.363121904625E0,6.761434479229E0,-1.085025409954E1));
#340=LINE('',#339,#338);
#341=DIRECTION('',(8.528153423161E-1,5.220836989938E-1,-1.160185999026E-2));
#342=VECTOR('',#341,5.619348671052E-2);
#343=CARTESIAN_POINT('',(7.399132501514E0,6.797526050276E0,-1.085105613445E1));
#344=LINE('',#343,#342);
#345=DIRECTION('',(9.361649327266E-1,3.514743435630E-1,-7.810540947892E-3));
#346=VECTOR('',#345,6.159020046844E-2);
#347=CARTESIAN_POINT('',(7.447055169119E0,6.826863753677E0,-1.085170808342E1));
#348=LINE('',#347,#346);
#349=DIRECTION('',(9.809384252918E-1,1.942708629011E-1,-4.317130263965E-3));
#350=VECTOR('',#349,6.682808394976E-2);
#351=CARTESIAN_POINT('',(7.504713754997E0,6.848511128957E0,-1.085218913620E1));
#352=LINE('',#351,#350);
#353=DIRECTION('',(9.960490485694E-1,-8.878288292528E-2,1.972952957013E-3));
#354=VECTOR('',#353,1.054776060786E-1);
#355=CARTESIAN_POINT('',(7.643680029730E0,6.865821461670E0,-1.085257381026E1));
#356=LINE('',#355,#354);
#357=DIRECTION('',(9.550539159015E-1,-2.963589808841E-1,6.585755120785E-3));
#358=VECTOR('',#357,9.489233880523E-2);
#359=CARTESIAN_POINT('',(7.748740898910E0,6.856456855718E0,-1.085236570790E1));
#360=LINE('',#359,#358);
#361=DIRECTION('',(8.515984696441E-1,-5.240652818360E-1,1.164589515848E-2));
#362=VECTOR('',#361,8.957142006358E-2);
#363=CARTESIAN_POINT('',(7.839368198675E0,6.828334658896E0,-1.085174077020E1));
#364=LINE('',#363,#362);
#365=DIRECTION('',(7.012137054209E-1,-7.127751757787E-1,1.583944833616E-2));
#366=VECTOR('',#365,8.423730681175E-2);
#367=CARTESIAN_POINT('',(7.915647082925E0,6.781393387396E0,-1.085069763083E1));
#368=LINE('',#367,#366);
#369=DIRECTION('',(4.982927592145E-1,-8.667948415430E-1,1.926210758814E-2));
#370=VECTOR('',#369,7.823964670737E-2);
#371=CARTESIAN_POINT('',(7.974715436969E0,6.721351126226E0,-1.084936335836E1));
#372=LINE('',#371,#370);
#373=DIRECTION('',(2.425070429083E-1,-9.699101907910E-1,2.155355979164E-2));
#374=VECTOR('',#373,7.789444553661E-2);
#375=CARTESIAN_POINT('',(8.013701686407E0,6.653533404056E0,-1.084785629787E1));
#376=LINE('',#375,#374);
#377=CARTESIAN_POINT('',(8.032311734612E0,6.517718234969E0,-1.084483818300E1));
#378=CARTESIAN_POINT('',(8.027223372855E0,6.500175294090E0,-1.084444833987E1));
#379=CARTESIAN_POINT('',(8.022092123121E0,6.482677492428E0,-1.084405949983E1));
#380=CARTESIAN_POINT('',(8.017003761363E0,6.465134551549E0,-1.084366965670E1));
#382=DIRECTION('',(-5.571602772386E-1,-8.302000144270E-1,1.844888920249E-2));
#383=VECTOR('',#382,5.408674235582E-2);
#384=CARTESIAN_POINT('',(8.017003761363E0,6.465134551549E0,-1.084366965670E1));
#385=LINE('',#384,#383);
#386=DIRECTION('',(-7.737522923728E-1,-6.333319124881E-1,1.407404248944E-2));
#387=VECTOR('',#386,4.833163290443E-2);
#388=CARTESIAN_POINT('',(7.986868776997E0,6.420231737265E0,-1.084267181638E1));
#389=LINE('',#388,#387);
#390=DIRECTION('',(-8.634626829941E-1,-5.042882227110E-1,1.120640493153E-2));
#391=VECTOR('',#390,7.166311953010E-2);
#392=CARTESIAN_POINT('',(7.949472065243E0,6.389621771764E0,-1.084199159493E1));
#393=LINE('',#392,#391);
#394=DIRECTION('',(-9.003584334585E-1,-4.350416404954E-1,9.667592008517E-3));
#395=VECTOR('',#394,1.599162078295E-1);
#396=CARTESIAN_POINT('',(7.887593635782E0,6.353482904582E0,-1.084118850899E1));
#397=LINE('',#396,#395);
#398=DIRECTION('',(-8.711735602175E-1,-4.908539970534E-1,1.090786664038E-2));
#399=VECTOR('',#398,4.792156275314E-2);
#400=CARTESIAN_POINT('',(7.743611729416E0,6.283912695186E0,-1.083964250434E1));
#401=LINE('',#400,#399);
#402=DIRECTION('',(-8.022430048015E-1,-5.968502702320E-1,1.326333936337E-2));
#403=VECTOR('',#402,3.231514884004E-2);
#404=CARTESIAN_POINT('',(7.701863730981E0,6.260390204564E0,-1.083911978232E1));
#405=LINE('',#404,#403);
#406=DIRECTION('',(-6.271734058914E-1,-7.786874114995E-1,1.730416466481E-2));
#407=VECTOR('',#406,2.348134831251E-2);
#408=CARTESIAN_POINT('',(7.675939128875E0,6.241102899246E0,-1.083869117554E1));
#409=LINE('',#408,#407);
#410=DIRECTION('',(-3.391261402705E-1,-9.405087149466E-1,2.090019365288E-2));
#411=VECTOR('',#410,2.265459513931E-2);
#412=CARTESIAN_POINT('',(7.661212251679E0,6.222818268910E0,-1.083828485042E1));
#413=LINE('',#412,#411);
#414=DIRECTION('',(5.106671796238E-1,-8.595662658563E-1,1.910147263656E-2));
#415=VECTOR('',#414,2.638357148582E-2);
#416=CARTESIAN_POINT('',(7.659395637068E0,6.151368214678E0,-1.083669707144E1));
#417=LINE('',#416,#415);
#418=DIRECTION('',(7.230370323578E-1,-6.906387646387E-1,1.534752805913E-2));
#419=VECTOR('',#418,2.833080392207E-2);
#420=CARTESIAN_POINT('',(7.672868861107E0,6.128689786656E0,-1.083619310637E1));
#421=LINE('',#420,#419);
#422=DIRECTION('',(8.841279604996E-1,-4.671295231969E-1,1.038065608120E-2));
#423=VECTOR('',#422,3.212603256199E-2);
#424=CARTESIAN_POINT('',(7.693353081499E0,6.109123435234E0,-1.083575829856E1));
#425=LINE('',#424,#423);
#426=DIRECTION('',(9.724106394568E-1,-2.332181139449E-1,5.182624739700E-3));
#427=VECTOR('',#426,3.863287547836E-2);
#428=CARTESIAN_POINT('',(7.721756605147E0,6.094116416961E0,-1.083542480927E1));
#429=LINE('',#428,#427);
#430=DIRECTION('',(9.572728899334E-1,2.891147462543E-1,-6.424772130722E-3));
#431=VECTOR('',#430,3.965397244824E-2);
#432=CARTESIAN_POINT('',(7.853248268758E0,6.085938940229E0,-1.083524308756E1));
#433=LINE('',#432,#431);
#434=DIRECTION('',(8.328735945540E-1,5.533266487756E-1,-1.229614774772E-2));
#435=VECTOR('',#434,3.443816593268E-2);
#436=CARTESIAN_POINT('',(7.891207941561E0,6.097403488411E0,-1.083549785530E1));
#437=LINE('',#436,#435);
#438=DIRECTION('',(6.061080111891E-1,7.951860295407E-1,-1.767080065253E-2));
#439=VECTOR('',#438,3.299238871870E-2);
#440=CARTESIAN_POINT('',(7.919890580611E0,6.116459043357E0,-1.083592131207E1));
#441=LINE('',#440,#439);
#442=DIRECTION('',(3.390346363603E-1,9.405416878710E-1,-2.090092641030E-2));
#443=VECTOR('',#442,3.507944853084E-2);
#444=CARTESIAN_POINT('',(7.939887531722E0,6.142694129947E0,-1.083650431400E1));
#445=LINE('',#444,#443);
#446=DIRECTION('',(-9.937768076498E-1,-1.113621675611E-1,2.474714821342E-3));
#447=VECTOR('',#446,1.035004350828E-1);
#448=CARTESIAN_POINT('',(8.938599712283E0,5.946973857796E0,-1.083215497462E1));
#449=LINE('',#448,#447);
#450=DIRECTION('',(-9.762128037696E-1,2.167610645615E-1,-4.816912548496E-3));
#451=VECTOR('',#450,7.780802690516E-2);
#452=CARTESIAN_POINT('',(8.754993921852E0,5.941052399773E0,-1.083202338666E1));
#453=LINE('',#452,#451);
#454=DIRECTION('',(-9.296551808142E-1,3.683398500813E-1,-8.185330011842E-3));
#455=VECTOR('',#454,7.665667087734E-2);
#456=CARTESIAN_POINT('',(8.679036729751E0,5.957918150516E0,-1.083239818112E1));
#457=LINE('',#456,#455);
#458=DIRECTION('',(-8.663198789206E-1,4.993663217778E-1,-1.109702937945E-2));
#459=VECTOR('',#458,7.563701660613E-2);
#460=CARTESIAN_POINT('',(8.607772458526E0,5.986153857175E0,-1.083302564127E1));
#461=LINE('',#460,#459);
#462=DIRECTION('',(-7.896211992876E-1,6.134431744571E-1,-1.363207055235E-2));
#463=VECTOR('',#462,7.479395534991E-2);
#464=CARTESIAN_POINT('',(8.542246607458E0,6.023924435948E0,-1.083386498747E1));
#465=LINE('',#464,#463);
#466=DIRECTION('',(-6.972102095433E-1,7.166898019481E-1,-1.592644003805E-2));
#467=VECTOR('',#466,7.533018327494E-2);
#468=CARTESIAN_POINT('',(8.483187714735E0,6.069806277348E0,-1.083488458394E1));
#469=LINE('',#468,#467);
#470=DIRECTION('',(-5.975572970971E-1,8.016283050338E-1,-1.781396234997E-2));
#471=VECTOR('',#470,7.693587261689E-2);
#472=CARTESIAN_POINT('',(8.430666741869E0,6.123794651480E0,-1.083608432559E1));
#473=LINE('',#472,#471);
#474=DIRECTION('',(-4.984879781409E-1,8.666826425558E-1,-1.925961426016E-2));
#475=VECTOR('',#474,7.910108748080E-2);
#476=CARTESIAN_POINT('',(8.384693149778E0,6.185468624642E0,-1.083745485833E1));
#477=LINE('',#476,#475);
#478=DIRECTION('',(-3.988920683929E-1,9.167715477837E-1,-2.037270103691E-2));
#479=VECTOR('',#478,8.234235901113E-2);
#480=CARTESIAN_POINT('',(8.345262208611E0,6.254024164169E0,-1.083897831476E1));
#481=LINE('',#480,#479);
#482=DIRECTION('',(-3.229396957868E-1,9.461859464747E-1,-2.102635439045E-2));
#483=VECTOR('',#482,6.124776904793E-2);
#484=CARTESIAN_POINT('',(8.312416494709E0,6.329513296088E0,-1.084065585102E1));
#485=LINE('',#484,#483);
#486=DIRECTION('',(-2.471708571778E-1,9.687327488271E-1,-2.152739444990E-2));
#487=VECTOR('',#486,5.784006095688E-2);
#488=CARTESIAN_POINT('',(8.292637158805E0,6.387465074414E0,-1.084194366832E1));
#489=LINE('',#488,#487);
#490=DIRECTION('',(-1.594362021375E-1,9.869645692094E-1,-2.193254598499E-2));
#491=VECTOR('',#490,5.474455969196E-2);
#492=CARTESIAN_POINT('',(8.278340781359E0,6.443496635657E0,-1.084318881413E1));
#493=LINE('',#492,#491);
#494=DIRECTION('',(2.327276380848E-1,9.723019060959E-1,-2.160670899733E-2));
#495=VECTOR('',#494,5.795364972529E-2);
#496=CARTESIAN_POINT('',(8.272796322704E0,6.611496727119E0,-1.084692214949E1));
#497=LINE('',#496,#495);
#498=DIRECTION('',(4.021013785788E-1,9.153691622613E-1,-2.034153696692E-2));
#499=VECTOR('',#498,5.822552813365E-2);
#500=CARTESIAN_POINT('',(8.286283738723E0,6.667845171212E0,-1.084817433714E1));
#501=LINE('',#500,#499);
#502=DIRECTION('',(5.959490568204E-1,8.028240386387E-1,-1.784053414937E-2));
#503=VECTOR('',#502,5.878242052403E-2);
#504=CARTESIAN_POINT('',(8.309696303854E0,6.721143024122E0,-1.084935873387E1));
#505=LINE('',#504,#503);
#506=DIRECTION('',(7.502458772336E-1,6.609957360082E-1,-1.468879412863E-2));
#507=VECTOR('',#506,6.223648802443E-2);
#508=CARTESIAN_POINT('',(8.344727631923E0,6.768334964368E0,-1.085040744365E1));
#509=LINE('',#508,#507);
#510=DIRECTION('',(8.777695761988E-1,4.789648040852E-1,-1.064366231484E-2));
#511=VECTOR('',#510,6.602176109964E-2);
#512=CARTESIAN_POINT('',(8.391420300477E0,6.809473017576E0,-1.085132162261E1));
#513=LINE('',#512,#511);
#514=DIRECTION('',(9.633628649583E-1,2.681352009378E-1,-5.958560012809E-3));
#515=VECTOR('',#514,7.089057739094E-2);
#516=CARTESIAN_POINT('',(8.449372193737E0,6.841095117447E0,-1.085202433594E1));
#517=LINE('',#516,#515);
#518=DIRECTION('',(9.964298044326E-1,-8.440454224296E-2,1.875656479089E-3));
#519=VECTOR('',#518,9.447482219341E-2);
#520=CARTESIAN_POINT('',(8.596314541665E0,6.866455228175E0,-1.085258789396E1));
#521=LINE('',#520,#519);
#522=DIRECTION('',(9.658540863277E-1,-2.590226856876E-1,5.756059697335E-3));
#523=VECTOR('',#522,9.241082948917E-2);
#524=CARTESIAN_POINT('',(8.690452070267E0,6.858481124054E0,-1.085241069165E1));
#525=LINE('',#524,#523);
#526=DIRECTION('',(9.039099706824E-1,-4.276171949438E-1,9.502604342337E-3));
#527=VECTOR('',#526,9.341578161170E-2);
#528=CARTESIAN_POINT('',(8.779707447550E0,6.834544622813E0,-1.085187876940E1));
#529=LINE('',#528,#527);
#530=DIRECTION('',(8.165214178972E-1,-5.771726486328E-1,1.282605883863E-2));
#531=VECTOR('',#530,9.461285437785E-2);
#532=CARTESIAN_POINT('',(8.864146903968E0,6.794598428317E0,-1.085099107618E1));
#533=LINE('',#532,#531);
#534=DIRECTION('',(7.063465446755E-1,-7.076914841460E-1,1.572647742664E-2));
#535=VECTOR('',#534,9.650449853511E-2);
#536=CARTESIAN_POINT('',(8.941400325976E0,6.739990476561E0,-1.084977756615E1));
#537=LINE('',#536,#535);
#538=DIRECTION('',(5.844662668173E-1,-8.112177315830E-1,1.802706071262E-2));
#539=VECTOR('',#538,1.010556583630E-1);
#540=CARTESIAN_POINT('',(9.009565945062E0,6.671695064766E0,-1.084825989033E1));
#541=LINE('',#540,#539);
#542=DIRECTION('',(4.648220249202E-1,-8.851855992543E-1,1.967079108509E-2));
#543=VECTOR('',#542,1.014807250690E-1);
#544=CARTESIAN_POINT('',(9.068629568446E0,6.589716922825E0,-1.084643815384E1));
#545=LINE('',#544,#543);
#546=DIRECTION('',(3.333583099660E-1,-9.425675066441E-1,2.094594460145E-2));
#547=VECTOR('',#546,9.746541590429E-2);
#548=CARTESIAN_POINT('',(9.115800044563E0,6.499887646392E0,-1.084444194770E1));
#549=LINE('',#548,#547);
#550=DIRECTION('',(1.867918378291E-1,-9.821570381653E-1,2.182571196610E-2));
#551=VECTOR('',#550,9.570850636139E-2);
#552=CARTESIAN_POINT('',(9.148290950889E0,6.408019912339E0,-1.084240044250E1));
#553=LINE('',#552,#551);
#554=CARTESIAN_POINT('',(9.166550922117E0,6.207465990025E0,-1.083794368867E1));
#555=CARTESIAN_POINT('',(9.158537177589E0,6.176934620635E0,-1.083726521379E1));
#556=CARTESIAN_POINT('',(9.150585198308E0,6.146347187258E0,-1.083658549305E1));
#557=CARTESIAN_POINT('',(9.142571453780E0,6.115815817867E0,-1.083590701817E1));
#559=DIRECTION('',(-5.360393674850E-1,-8.439846198021E-1,1.875521377542E-2));
#560=VECTOR('',#559,9.082228689309E-2);
#561=CARTESIAN_POINT('',(9.142571453780E0,6.115815817867E0,-1.083590701817E1));
#562=LINE('',#561,#560);
#563=DIRECTION('',(-7.685999384826E-1,-6.395718360837E-1,1.421270745081E-2));
#564=VECTOR('',#563,9.008523116586E-2);
#565=CARTESIAN_POINT('',(9.093887132560E0,6.039163204594E0,-1.083420362677E1));
#566=LINE('',#565,#564);
#567=DIRECTION('',(-9.278703404310E-1,-3.728109377438E-1,8.284687505539E-3));
#568=VECTOR('',#567,9.273700580297E-2);
#569=CARTESIAN_POINT('',(9.024647629428E0,5.981547227893E0,-1.083292327173E1));
#570=LINE('',#569,#568);
#571=DIRECTION('',(9.644580050872E-1,-2.641709561181E-1,5.870465642279E-3));
#572=VECTOR('',#571,5.866994844517E-2);
#573=CARTESIAN_POINT('',(6.748661527333E0,6.105912037276E0,-1.083568693416E1));
#574=LINE('',#573,#572);
#575=DIRECTION('',(9.543368410488E-1,2.986589122127E-1,-6.636864697635E-3));
#576=VECTOR('',#575,4.296340080930E-2);
#577=CARTESIAN_POINT('',(6.911768904987E0,6.089514517171E0,-1.083532254483E1));
#578=LINE('',#577,#576);
#579=DIRECTION('',(8.482278649199E-1,5.295007406439E-1,-1.176668309006E-2));
#580=VECTOR('',#579,4.050746318533E-2);
#581=CARTESIAN_POINT('',(6.952770461196E0,6.102345919722E0,-1.083560768710E1));
#582=LINE('',#581,#580);
#583=DIRECTION('',(6.732943388587E-1,7.391920614286E-1,-1.642649024380E-2));
#584=VECTOR('',#583,4.052066180758E-2);
#585=CARTESIAN_POINT('',(6.987130020207E0,6.123794651480E0,-1.083608432559E1));
#586=LINE('',#585,#584);
#587=DIRECTION('',(4.658320432504E-1,8.846547526666E-1,-1.965899451930E-2));
#588=VECTOR('',#587,4.327267279757E-2);
#589=CARTESIAN_POINT('',(7.014412352409E0,6.153747203012E0,-1.083674993784E1));
#590=LINE('',#589,#588);
#591=DIRECTION('',(2.712976145261E-1,9.622579435156E-1,-2.138350985004E-2));
#592=VECTOR('',#591,4.838921200903E-2);
#593=CARTESIAN_POINT('',(7.034570149995E0,6.192028578663E0,-1.083760063508E1));
#594=LINE('',#593,#592);
#595=DIRECTION('',(9.937048610143E-1,-1.120020285721E-1,2.488933948589E-3));
#596=VECTOR('',#595,1.757521020665E-1);
#597=CARTESIAN_POINT('',(7.047698027782E0,6.238591482299E0,-1.083863536627E1));
#598=LINE('',#597,#596);
#599=DIRECTION('',(-2.082028552771E-1,-9.778442532962E-1,2.172987229922E-2));
#600=VECTOR('',#599,8.697947664477E-2);
#601=CARTESIAN_POINT('',(7.222343745939E0,6.218906890342E0,-1.083819793090E1));
#602=LINE('',#601,#600);
#603=DIRECTION('',(-4.331704088917E-1,-9.010895780997E-1,2.002421285882E-2));
#604=VECTOR('',#603,7.805424757047E-2);
#605=CARTESIAN_POINT('',(7.204234370551E0,6.133854508950E0,-1.083630787798E1));
#606=LINE('',#605,#604);
#607=DIRECTION('',(-6.647819617620E-1,-7.468530589843E-1,1.659673467051E-2));
#608=VECTOR('',#607,7.442193388312E-2);
#609=CARTESIAN_POINT('',(7.170423580215E0,6.063520639938E0,-1.083474490311E1));
#610=LINE('',#609,#608);
#611=DIRECTION('',(-8.506462437042E-1,-5.256087338865E-1,1.168019409850E-2));
#612=VECTOR('',#611,7.667474282039E-2);
#613=CARTESIAN_POINT('',(7.120949221010E0,6.007938390962E0,-1.083350974202E1));
#614=LINE('',#613,#612);
#615=DIRECTION('',(-9.580207853991E-1,-2.866279889942E-1,6.369510851136E-3));
#616=VECTOR('',#615,8.425322776410E-2);
#617=CARTESIAN_POINT('',(7.055726139043E0,5.967637476467E0,-1.083261416614E1));
#618=LINE('',#617,#616);
#619=DIRECTION('',(-9.965240958130E-1,-8.328445911671E-2,1.850765729997E-3));
#620=VECTOR('',#619,9.654043876039E-2);
#621=CARTESIAN_POINT('',(6.975009795608E0,5.943488143227E0,-1.083207751429E1));
#622=LINE('',#621,#620);
#623=DIRECTION('',(-9.961225971760E-1,8.795425613692E-2,-1.954539030740E-3));
#624=VECTOR('',#623,1.008251191558E-1);
#625=CARTESIAN_POINT('',(6.878804922163E0,5.935447825002E0,-1.083189884056E1));
#626=LINE('',#625,#624);
#627=DIRECTION('',(-9.617368273018E-1,2.739073301634E-1,-6.086829566626E-3));
#628=VECTOR('',#627,9.714498894363E-2);
#629=CARTESIAN_POINT('',(6.778370742609E0,5.944315823357E0,-1.083209590719E1));
#630=LINE('',#629,#628);
#631=DIRECTION('',(-8.895316989417E-1,4.567606914515E-1,-1.015023756912E-2));
#632=VECTOR('',#631,9.709559512692E-2);
#633=CARTESIAN_POINT('',(6.684942829154E0,5.970924547917E0,-1.083268721218E1));
#634=LINE('',#633,#632);
#635=DIRECTION('',(-7.896288850367E-1,6.134332861521E-1,-1.363185080658E-2));
#636=VECTOR('',#635,9.848813376228E-2);
#637=CARTESIAN_POINT('',(6.598573219461E0,6.015273999084E0,-1.083367275554E1));
#638=LINE('',#637,#636);
#639=DIRECTION('',(-6.707341178509E-1,7.415148111420E-1,-1.647810692465E-2));
#640=VECTOR('',#639,1.009301173914E-1);
#641=CARTESIAN_POINT('',(6.520804144209E0,6.075689898625E0,-1.083501533108E1));
#642=LINE('',#641,#640);
#643=DIRECTION('',(-5.423619236612E-1,8.399375876195E-1,-1.866527970539E-2));
#644=VECTOR('',#643,1.063450555943E-1);
#645=CARTESIAN_POINT('',(6.453106870956E0,6.150531075561E0,-1.083667846835E1));
#646=LINE('',#645,#644);
#647=DIRECTION('',(-4.231620148060E-1,9.058303979565E-1,-2.012956440970E-2));
#648=VECTOR('',#647,8.989487314789E-2);
#649=CARTESIAN_POINT('',(6.395429362032E0,6.239854285012E0,-1.083866342856E1));
#650=LINE('',#649,#648);
#651=DIRECTION('',(-3.035918302502E-1,9.525670106540E-1,-2.116815577668E-2));
#652=VECTOR('',#651,8.802641950894E-2);
#653=CARTESIAN_POINT('',(6.357389266390E0,6.321283793730E0,-1.084047297320E1));
#654=LINE('',#653,#652);
#655=DIRECTION('',(-1.757850366543E-1,9.841855970228E-1,-2.187079105361E-2));
#656=VECTOR('',#655,8.770694700281E-2);
#657=CARTESIAN_POINT('',(6.330665164581E0,6.405134857020E0,-1.084233633016E1));
#658=LINE('',#657,#656);
#659=DIRECTION('',(2.835103716876E-1,9.587324752207E-1,-2.130516610708E-2));
#660=VECTOR('',#659,1.039618193689E-1);
#661=CARTESIAN_POINT('',(6.315373749311E0,6.611695370238E0,-1.084692656378E1));
#662=LINE('',#661,#660);
#663=DIRECTION('',(5.957779303230E-1,8.029509775940E-1,-1.784335509206E-2));
#664=VECTOR('',#663,9.843821503628E-2);
#665=CARTESIAN_POINT('',(6.344848003361E0,6.711366942650E0,-1.084914148761E1));
#666=LINE('',#665,#664);
#667=DIRECTION('',(8.344921367745E-1,5.508838447862E-1,-1.224186321647E-2));
#668=VECTOR('',#667,7.605013168149E-2);
#669=CARTESIAN_POINT('',(6.403495319380E0,6.790408003646E0,-1.085089795564E1));
#670=LINE('',#669,#668);
#671=DIRECTION('',(9.566061312046E-1,2.913122074089E-1,-6.473604584609E-3));
#672=VECTOR('',#671,8.629167986724E-2);
#673=CARTESIAN_POINT('',(6.466958556269E0,6.832302792583E0,-1.085182895095E1));
#674=LINE('',#673,#672);
#675=DIRECTION('',(9.966189158391E-1,8.214258664059E-2,-1.825390820203E-3));
#676=VECTOR('',#675,1.020280671258E-1);
#677=CARTESIAN_POINT('',(6.549505706302E0,6.857440612326E0,-1.085238756916E1));
#678=LINE('',#677,#676);
#679=DIRECTION('',(9.891072296698E-1,-1.471604355746E-1,3.270231860815E-3));
#680=VECTOR('',#679,7.221648554616E-2);
#681=CARTESIAN_POINT('',(6.722765309592E0,6.862269532996E0,-1.085249487851E1));
#682=LINE('',#681,#680);
#683=DIRECTION('',(9.706628310957E-1,-2.403853832101E-1,5.341897438469E-3));
#684=VECTOR('',#683,7.348638455488E-2);
#685=CARTESIAN_POINT('',(6.794195157547E0,6.851642123527E0,-1.085225871386E1));
#686=LINE('',#685,#684);
#687=DIRECTION('',(9.475889482632E-1,-3.194132159300E-1,7.098071477861E-3));
#688=VECTOR('',#687,7.169621626181E-2);
#689=CARTESIAN_POINT('',(6.865525659626E0,6.833977070815E0,-1.085186615713E1));
#690=LINE('',#689,#688);
#691=DIRECTION('',(9.203341213277E-1,-3.910365637748E-1,8.689701444665E-3));
#692=VECTOR('',#691,6.643800288631E-2);
#693=CARTESIAN_POINT('',(6.933464201788E0,6.811076351809E0,-1.085135725226E1));
#694=LINE('',#693,#692);
#695=DIRECTION('',(8.819382726869E-1,-4.712485717720E-1,1.047219045575E-2));
#696=VECTOR('',#695,6.163301016312E-2);
#697=CARTESIAN_POINT('',(6.994609362797E0,6.785096663456E0,-1.085077992585E1));
#698=LINE('',#697,#696);
#699=DIRECTION('',(3.059299016378E-1,-9.518190520643E-1,2.115153448779E-2));
#700=VECTOR('',#699,4.056402275449E-1);
#701=CARTESIAN_POINT('',(7.048965873321E0,6.756052195443E0,-1.085013449323E1));
#702=LINE('',#701,#700);
#703=DIRECTION('',(-3.048854713149E-1,9.521539513579E-1,-2.115897668957E-2));
#704=VECTOR('',#703,1.579738670627E-1);
#705=CARTESIAN_POINT('',(6.770295323939E0,6.369956098582E0,-1.084155457997E1));
#706=LINE('',#705,#704);
#707=DIRECTION('',(-3.032092242768E-1,9.526888059071E-1,-2.117086235223E-2));
#708=VECTOR('',#707,1.402960451599E-1);
#709=CARTESIAN_POINT('',(6.951795923037E0,6.520371540317E0,-1.084489714534E1));
#710=LINE('',#709,#708);
#711=DIRECTION('',(-9.145071008664E-1,4.044699918774E-1,-8.988222044748E-3));
#712=VECTOR('',#711,3.695090750503E-2);
#713=CARTESIAN_POINT('',(6.909256868015E0,6.654030012054E0,-1.084786733360E1));
#714=LINE('',#713,#712);
#715=DIRECTION('',(-9.415805414116E-1,3.367047650397E-1,-7.482328151619E-3));
#716=VECTOR('',#715,3.982246444356E-2);
#717=CARTESIAN_POINT('',(6.875465000718E0,6.668975545312E0,-1.084819945656E1));
#718=LINE('',#717,#716);
#719=DIRECTION('',(-9.607992539658E-1,2.771765761947E-1,-6.159479507167E-3));
#720=VECTOR('',#719,4.281229127549E-2);
#721=CARTESIAN_POINT('',(6.837968943087E0,6.682383958846E0,-1.084849742131E1));
#722=LINE('',#721,#720);
#723=DIRECTION('',(-9.763248349621E-1,2.162561489499E-1,-4.805692208343E-3));
#724=VECTOR('',#723,4.356575070187E-2);
#725=CARTESIAN_POINT('',(6.796834925569E0,6.694250523161E0,-1.084876112274E1));
#726=LINE('',#725,#724);
#727=DIRECTION('',(-9.366527529532E-1,-3.501729098198E-1,7.781620232828E-3));
#728=VECTOR('',#727,5.160821362845E-2);
#729=CARTESIAN_POINT('',(6.612405981729E0,6.705204274867E0,-1.084900453944E1));
#730=LINE('',#729,#728);
#731=DIRECTION('',(-7.690744699196E-1,-6.390014231760E-1,1.420003158055E-2));
#732=VECTOR('',#731,4.722927197893E-2);
#733=CARTESIAN_POINT('',(6.564067006359E0,6.687132476530E0,-1.084860294392E1));
#734=LINE('',#733,#732);
#735=DIRECTION('',(-4.868715340900E-1,-8.732579955593E-1,1.940573329522E-2));
#736=VECTOR('',#735,4.902056684944E-2);
#737=CARTESIAN_POINT('',(6.527744179047E0,6.656952904520E0,-1.084793228677E1));
#738=LINE('',#737,#736);
#739=DIRECTION('',(-1.918414894149E-1,-9.811836856325E-1,2.180408190444E-2));
#740=VECTOR('',#739,5.706270479610E-2);
#741=CARTESIAN_POINT('',(6.503877460463E0,6.614145302572E0,-1.084698100672E1));
#742=LINE('',#741,#740);
#743=CARTESIAN_POINT('',(6.494578349755E0,6.488943353671E0,-1.084419874119E1));
#744=CARTESIAN_POINT('',(6.498932801990E0,6.463911828408E0,-1.084364248507E1));
#745=CARTESIAN_POINT('',(6.503586736799E0,6.439053299013E0,-1.084309007331E1));
#746=CARTESIAN_POINT('',(6.507941189034E0,6.414021773750E0,-1.084253381719E1));
#748=DIRECTION('',(2.959506692493E-1,-9.549674598368E-1,2.122149909198E-2));
#749=VECTOR('',#748,7.431419194846E-2);
#750=CARTESIAN_POINT('',(6.507941189034E0,6.414021773750E0,-1.084253381719E1));
#751=LINE('',#750,#749);
#752=DIRECTION('',(4.199847567333E-1,-9.073071599471E-1,2.016238131943E-2));
#753=VECTOR('',#752,7.380264108686E-2);
#754=CARTESIAN_POINT('',(6.529934523876E0,6.343054138635E0,-1.084095675864E1));
#755=LINE('',#754,#753);
#756=DIRECTION('',(5.432872833734E-1,-8.393396397878E-1,1.865199200329E-2));
#757=VECTOR('',#756,7.081948653716E-2);
#758=CARTESIAN_POINT('',(6.560930508139E0,6.276092473954E0,-1.083946872164E1));
#759=LINE('',#758,#757);
#760=DIRECTION('',(6.782801024845E-1,-7.346220790774E-1,1.632493508506E-2));
#761=VECTOR('',#760,6.545012239406E-2);
#762=CARTESIAN_POINT('',(6.599405834590E0,6.216650871634E0,-1.083814779715E1));
#763=LINE('',#762,#761);
#764=DIRECTION('',(8.071395952064E-1,-5.902149162442E-1,1.311588704234E-2));
#765=VECTOR('',#764,6.239194892825E-2);
#766=CARTESIAN_POINT('',(6.643799350315E0,6.168569766645E0,-1.083707932815E1));
#767=LINE('',#766,#765);
#768=DIRECTION('',(9.035956576216E-1,-4.282806411943E-1,9.517347609021E-3));
#769=VECTOR('',#768,6.031809046032E-2);
#770=CARTESIAN_POINT('',(6.694158362717E0,6.131745107734E0,-1.083626100239E1));
#771=LINE('',#770,#769);
#772=DIRECTION('',(-7.073002448750E-1,-7.067387826873E-1,1.570530628412E-2));
#773=VECTOR('',#772,1.273140583742E0);
#774=CARTESIAN_POINT('',(3.732592688910E0,5.950752841457E0,-1.083223895203E1));
#775=LINE('',#774,#773);
#776=DIRECTION('',(-7.069131585732E-1,7.071257733896E-1,-1.571390607704E-2));
#777=VECTOR('',#776,1.272443828530E0);
#778=CARTESIAN_POINT('',(2.832100042269E0,5.050975015113E0,-1.081224388922E1));
#779=LINE('',#778,#777);
#780=DIRECTION('',(-1.E0,0.E0,0.E0));
#781=VECTOR('',#780,3.E1);
#782=CARTESIAN_POINT('',(3.E1,9.E0,-1.09E1));
#783=LINE('',#782,#781);
#784=DIRECTION('',(9.990609286228E-1,4.331667478564E-2,-9.625927682344E-4));
#785=VECTOR('',#784,2.678710289863E-2);
#786=CARTESIAN_POINT('',(4.966198479538E0,5.952433392042E0,-1.083227629760E1));
#787=LINE('',#786,#785);
#788=DIRECTION('',(-9.978908013042E-1,-6.489891168251E-2,1.442197956274E-3));
#789=VECTOR('',#788,2.681851347061E-2);
#790=CARTESIAN_POINT('',(4.992960427435E0,5.954328137068E0,-1.081231346538E1));
#791=LINE('',#790,#789);
#792=DIRECTION('',(9.893757840396E-1,1.453448512855E-1,-3.229885583136E-3));
#793=VECTOR('',#792,3.567527288562E-2);
#794=CARTESIAN_POINT('',(4.992960427435E0,5.953593720266E0,-1.083230208267E1));
#795=LINE('',#794,#793);
#796=DIRECTION('',(-9.905148717873E-1,-1.373716483493E-1,3.052703374431E-3));
#797=VECTOR('',#796,3.563424647870E-2);
#798=CARTESIAN_POINT('',(5.028256678517E0,5.959223272245E0,-1.081242224617E1));
#799=LINE('',#798,#797);
#800=DIRECTION('',(2.886276138625E-12,-3.671697632638E-2,-9.993257044875E-1));
#801=VECTOR('',#800,2.000210461776E-2);
#802=CARTESIAN_POINT('',(4.992960427435E0,5.954328137068E0,-1.081231346538E1));
#803=LINE('',#802,#801);
#804=DIRECTION('',(-8.881784198403E-14,-2.221673730673E-2,-9.997531778311E-1));
#805=VECTOR('',#804,1.999999999684E-2);
#806=CARTESIAN_POINT('',(5.028256678517E0,5.959223272245E0,-1.081242224617E1));
#807=LINE('',#806,#805);
#808=DIRECTION('',(5.950795411613E-12,-2.221673727659E-2,-9.997531778318E-1));
#809=VECTOR('',#808,2.000000000127E-2);
#810=CARTESIAN_POINT('',(5.060686085055E0,5.966771712366E0,-1.081258998928E1));
#811=LINE('',#810,#809);
#812=DIRECTION('',(-4.485301018810E-12,-2.221673728131E-2,-9.997531778317E-1));
#813=VECTOR('',#812,2.000000000301E-2);
#814=CARTESIAN_POINT('',(5.090201338830E0,5.976968728344E0,-1.081281658963E1));
#815=LINE('',#814,#813);
#816=DIRECTION('',(-3.685940441386E-12,-2.221673728293E-2,-9.997531778317E-1));
#817=VECTOR('',#816,2.000000000200E-2);
#818=CARTESIAN_POINT('',(5.117038979306E0,5.989960936864E0,-1.081310530538E1));
#819=LINE('',#818,#817);
#820=DIRECTION('',(2.975397706044E-12,-2.221673726193E-2,-9.997531778321E-1));
#821=VECTOR('',#820,1.999999999967E-2);
#822=CARTESIAN_POINT('',(5.141814004795E0,6.005989548492E0,-1.081346149675E1));
#823=LINE('',#822,#821);
#824=DIRECTION('',(-8.082423619945E-12,-2.221673729056E-2,-9.997531778315E-1));
#825=VECTOR('',#824,1.999999999833E-2);
#826=CARTESIAN_POINT('',(5.164460185649E0,6.025139695303E0,-1.081388705557E1));
#827=LINE('',#826,#825);
#828=DIRECTION('',(2.398081733364E-12,-2.221673729200E-2,-9.997531778315E-1));
#829=VECTOR('',#828,1.999999999855E-2);
#830=CARTESIAN_POINT('',(5.184930213657E0,6.047226923461E0,-1.081437788286E1));
#831=LINE('',#830,#829);
#832=DIRECTION('',(-3.508304757931E-12,-2.221673730515E-2,-9.997531778312E-1));
#833=VECTOR('',#832,1.999999999934E-2);
#834=CARTESIAN_POINT('',(5.202807781456E0,6.072062048431E0,-1.081492977453E1));
#835=LINE('',#834,#833);
#836=DIRECTION('',(-1.332267629515E-12,-2.221673729677E-2,-9.997531778314E-1));
#837=VECTOR('',#836,2.000000000053E-2);
#838=CARTESIAN_POINT('',(5.218178042540E0,6.099734933389E0,-1.081554472752E1));
#839=LINE('',#838,#837);
#840=DIRECTION('',(7.327471962980E-12,-2.221673726801E-2,-9.997531778320E-1));
#841=VECTOR('',#840,1.999999999876E-2);
#842=CARTESIAN_POINT('',(5.230847036212E0,6.130255036516E0,-1.081622295204E1));
#843=LINE('',#842,#841);
#844=DIRECTION('',(1.811786887386E-1,9.832074560141E-1,-2.184905456391E-2));
#845=VECTOR('',#844,3.702547634503E-2);
#846=CARTESIAN_POINT('',(5.240540377335E0,6.163230049500E0,-1.083696066777E1));
#847=LINE('',#846,#845);
#848=DIRECTION('',(-1.811786887408E-1,-9.832074560134E-1,2.184905457480E-2));
#849=VECTOR('',#848,3.702547634486E-2);
#850=CARTESIAN_POINT('',(5.247248604589E0,6.200078108650E0,-1.081777457586E1));
#851=LINE('',#850,#849);
#852=DIRECTION('',(3.419486915657E-12,-2.221673725733E-2,-9.997531778322E-1));
#853=VECTOR('',#852,2.000000000110E-2);
#854=CARTESIAN_POINT('',(5.240540377335E0,6.163674384245E0,-1.081696560421E1));
#855=LINE('',#854,#853);
#856=DIRECTION('',(9.078951751872E-2,9.956243009154E-1,-2.212498441467E-2));
#857=VECTOR('',#856,3.921918210718E-2);
#858=CARTESIAN_POINT('',(5.247248604589E0,6.199633773905E0,-1.083776963942E1));
#859=LINE('',#858,#857);
#860=DIRECTION('',(-9.011155388173E-2,-9.956858602902E-1,2.212635250669E-2));
#861=VECTOR('',#860,3.921675733900E-2);
#862=CARTESIAN_POINT('',(5.250782487531E0,6.239125679419E0,-1.081864229966E1));
#863=LINE('',#862,#861);
#864=DIRECTION('',(8.881784196691E-13,-2.221673724840E-2,-9.997531778324E-1));
#865=VECTOR('',#864,2.000000000070E-2);
#866=CARTESIAN_POINT('',(5.247248604589E0,6.200078108650E0,-1.081777457586E1));
#867=LINE('',#866,#865);
#868=DIRECTION('',(3.238818629265E-3,9.997479341396E-1,-2.221662074901E-2));
#869=VECTOR('',#868,4.138496480981E-2);
#870=CARTESIAN_POINT('',(5.250809295210E0,6.238681344673E0,-1.083863736321E1));
#871=LINE('',#870,#869);
#872=DIRECTION('',(-3.238818629039E-3,-9.997479341390E-1,2.221662077556E-2));
#873=VECTOR('',#872,4.138496480913E-2);
#874=CARTESIAN_POINT('',(5.250916525926E0,6.280500212491E0,-1.081956173373E1));
#875=LINE('',#874,#873);
#876=DIRECTION('',(1.340382745535E-3,-2.221671734201E-2,-9.997522797397E-1));
#877=VECTOR('',#876,2.000001796283E-2);
#878=CARTESIAN_POINT('',(5.250782487531E0,6.239125679419E0,-1.081864229966E1));
#879=LINE('',#878,#877);
#880=DIRECTION('',(-7.473640813358E-2,9.969571920641E-1,-2.215460428277E-2));
#881=VECTOR('',#880,4.392975786481E-2);
#882=CARTESIAN_POINT('',(5.250943333605E0,6.280055877746E0,-1.083955679728E1));
#883=LINE('',#882,#881);
#884=DIRECTION('',(7.412953561571E-2,-9.970024778645E-1,2.215561060879E-2));
#885=VECTOR('',#884,4.392776249008E-2);
#886=CARTESIAN_POINT('',(5.247660181292E0,6.324296300541E0,-1.082053498013E1));
#887=LINE('',#886,#885);
#888=DIRECTION('',(1.340382746275E-3,-2.221671730797E-2,-9.997522797404E-1));
#889=VECTOR('',#888,2.000001796173E-2);
#890=CARTESIAN_POINT('',(5.250916525926E0,6.280500212491E0,-1.081956173373E1));
#891=LINE('',#890,#889);
#892=DIRECTION('',(1.687538997721E-12,-2.221673729893E-2,-9.997531778313E-1));
#893=VECTOR('',#892,1.999999999655E-2);
#894=CARTESIAN_POINT('',(5.247660181292E0,6.324296300541E0,-1.082053498013E1));
#895=LINE('',#894,#893);
#896=DIRECTION('',(1.909583602192E-12,-2.221673729618E-2,-9.997531778314E-1));
#897=VECTOR('',#896,2.000000000171E-2);
#898=CARTESIAN_POINT('',(5.231069382077E0,6.417663317573E0,-1.082260980273E1));
#899=LINE('',#898,#897);
#900=DIRECTION('',(1.776356839011E-12,-2.221673729054E-2,-9.997531778315E-1));
#901=VECTOR('',#900,2.000000000438E-2);
#902=CARTESIAN_POINT('',(5.202949704484E0,6.503713644453E0,-1.082452203221E1));
#903=LINE('',#902,#901);
#904=DIRECTION('',(5.773159727641E-12,-2.221673728744E-2,-9.997531778316E-1));
#905=VECTOR('',#904,2.000000000142E-2);
#906=CARTESIAN_POINT('',(5.163400493994E0,6.582395255957E0,-1.082627051247E1));
#907=LINE('',#906,#905);
#908=DIRECTION('',(9.192646642747E-12,-2.221673728229E-2,-9.997531778317E-1));
#909=VECTOR('',#908,2.000000000250E-2);
#910=CARTESIAN_POINT('',(5.115364287721E0,6.652383863956E0,-1.082782581487E1));
#911=LINE('',#910,#909);
#912=DIRECTION('',(1.465494392287E-12,-2.221673728909E-2,-9.997531778315E-1));
#913=VECTOR('',#912,2.000000000297E-2);
#914=CARTESIAN_POINT('',(5.062147891691E0,6.711995731635E0,-1.082915052304E1));
#915=LINE('',#914,#913);
#916=DIRECTION('',(-6.705747067542E-12,-2.221673726525E-2,-9.997531778321E-1));
#917=VECTOR('',#916,2.000000000356E-2);
#918=CARTESIAN_POINT('',(5.003708729555E0,6.761320720962E0,-1.083024663391E1));
#919=LINE('',#918,#917);
#920=DIRECTION('',(-5.329070517753E-12,-2.221673725993E-2,-9.997531778322E-1));
#921=VECTOR('',#920,2.000000000168E-2);
#922=CARTESIAN_POINT('',(4.953075332412E0,6.792677963608E0,-1.083094346153E1));
#923=LINE('',#922,#921);
#924=DIRECTION('',(3.508304757529E-12,-2.221673728005E-2,-9.997531778317E-1));
#925=VECTOR('',#924,2.000000000164E-2);
#926=CARTESIAN_POINT('',(4.894768631583E0,6.818080640576E0,-1.083150796546E1));
#927=LINE('',#926,#925);
#928=DIRECTION('',(3.552713679242E-12,-2.221673728361E-2,-9.997531778316E-1));
#929=VECTOR('',#928,1.999999999751E-2);
#930=CARTESIAN_POINT('',(4.828835934473E0,6.837571318505E0,-1.083194109164E1));
#931=LINE('',#930,#929);
#932=DIRECTION('',(-9.969138556850E-1,7.848389965373E-2,-1.744086697660E-3));
#933=VECTOR('',#932,5.983015236662E-2);
#934=CARTESIAN_POINT('',(4.782597419769E0,6.844609209776E0,-1.085210242688E1));
#935=LINE('',#934,#933);
#936=DIRECTION('',(9.972263792937E-1,-7.440977228618E-2,1.653550461674E-3));
#937=VECTOR('',#936,5.981140202514E-2);
#938=CARTESIAN_POINT('',(4.722951911887E0,6.849504097327E0,-1.083220626450E1));
#939=LINE('',#938,#937);
#940=DIRECTION('',(9.769962617712E-13,-2.221673729087E-2,-9.997531778315E-1));
#941=VECTOR('',#940,1.999999999793E-2);
#942=CARTESIAN_POINT('',(4.782597419769E0,6.845053544522E0,-1.083210736333E1));
#943=LINE('',#942,#941);
#944=DIRECTION('',(-9.998593734871E-1,1.676587122396E-2,-3.725749187505E-4));
#945=VECTOR('',#944,7.311008969598E-2);
#946=CARTESIAN_POINT('',(4.722951911887E0,6.849304913451E0,-1.085220677585E1));
#947=LINE('',#946,#945);
#948=DIRECTION('',(9.997975166135E-1,-2.011780079535E-2,4.470622237027E-4));
#949=VECTOR('',#948,7.311461297344E-2);
#950=CARTESIAN_POINT('',(4.649852103408E0,6.850975002546E0,-1.083223895128E1));
#951=LINE('',#950,#949);
#952=DIRECTION('',(1.332167506408E-13,-9.958445340935E-3,-9.999504134538E-1));
#953=VECTOR('',#952,2.000150316145E-2);
#954=CARTESIAN_POINT('',(4.722951911887E0,6.849504097327E0,-1.083220626450E1));
#955=LINE('',#954,#953);
#956=DIRECTION('',(-1.E0,-1.399766845541E-14,1.091818139522E-12));
#957=VECTOR('',#956,3.172594144981E-1);
#958=CARTESIAN_POINT('',(4.649852103408E0,6.850530667800E0,-1.085223401484E1));
#959=LINE('',#958,#957);
#960=DIRECTION('',(1.E0,-1.371771508630E-13,6.002200233679E-12));
#961=VECTOR('',#960,3.172594144981E-1);
#962=CARTESIAN_POINT('',(4.332592688910E0,6.850975002546E0,-1.083223895128E1));
#963=LINE('',#962,#961);
#964=DIRECTION('',(-4.440892097695E-14,-2.221673729506E-2,-9.997531778314E-1));
#965=VECTOR('',#964,2.000000000363E-2);
#966=CARTESIAN_POINT('',(4.649852103408E0,6.850975002546E0,-1.083223895128E1));
#967=LINE('',#966,#965);
#968=DIRECTION('',(-1.110223024549E-12,-2.221673729992E-2,-9.997531778313E-1));
#969=VECTOR('',#968,2.000000000138E-2);
#970=CARTESIAN_POINT('',(4.332592688910E0,6.850975002546E0,-1.083223895128E1));
#971=LINE('',#970,#969);
#972=DIRECTION('',(9.999999710415E-1,2.406002295279E-4,-5.346674269025E-6));
#973=VECTOR('',#972,2.424423443078E-1);
#974=CARTESIAN_POINT('',(4.621169463959E0,5.950752807752E0,-1.083223895128E1));
#975=LINE('',#974,#973);
#976=DIRECTION('',(-1.E0,5.055578299163E-13,-5.348655302013E-12));
#977=VECTOR('',#976,2.424423372869E-1);
#978=CARTESIAN_POINT('',(4.863611801246E0,5.951197142497E0,-1.081224388773E1));
#979=LINE('',#978,#977);
#980=DIRECTION('',(-2.353672812780E-12,-2.221673727029E-2,-9.997531778319E-1));
#981=VECTOR('',#980,1.999999999511E-2);
#982=CARTESIAN_POINT('',(4.621169463959E0,5.951197142497E0,-1.081224388773E1));
#983=LINE('',#982,#981);
#984=DIRECTION('',(9.999694174632E-1,7.818820162212E-3,-1.737515609853E-4));
#985=VECTOR('',#984,5.948175025481E-2);
#986=CARTESIAN_POINT('',(4.863611801246E0,5.950811139436E0,-1.083224024754E1));
#987=LINE('',#986,#985);
#988=DIRECTION('',(-9.999826801650E-1,-5.884069389272E-3,1.307570493683E-4));
#989=VECTOR('',#988,5.948096135243E-2);
#990=CARTESIAN_POINT('',(4.923091732398E0,5.951547132601E0,-1.081225166528E1));
#991=LINE('',#990,#989);
#992=DIRECTION('',(4.440873201814E-14,-1.930007094914E-2,-9.998137362836E-1));
#993=VECTOR('',#992,2.000008510347E-2);
#994=CARTESIAN_POINT('',(4.863611801246E0,5.951197142497E0,-1.081224388773E1));
#995=LINE('',#994,#993);
#996=DIRECTION('',(9.996397055168E-1,2.683474515625E-2,-5.963276944111E-4));
#997=VECTOR('',#996,4.312228386100E-2);
#998=CARTESIAN_POINT('',(4.923091732398E0,5.951276216544E0,-1.083225058259E1));
#999=LINE('',#998,#997);
#1000=DIRECTION('',(-5.328509794930E-13,7.711822941412E-3,9.999702634513E-1));
#1001=VECTOR('',#1000,2.000210461571E-2);
#1002=CARTESIAN_POINT('',(4.966198479538E0,5.952433392042E0,-1.083227629760E1));
#1003=LINE('',#1002,#1001);
#1004=DIRECTION('',(-9.997086611603E-1,-2.413100169667E-2,5.362445618256E-4));
#1005=VECTOR('',#1004,4.311930946960E-2);
#1006=CARTESIAN_POINT('',(4.966198479538E0,5.952587644731E0,-1.081227478778E1));
#1007=LINE('',#1006,#1005);
#1008=DIRECTION('',(-8.881450162035E-14,-1.354529341840E-2,-9.999082583048E-1));
#1009=VECTOR('',#1008,2.000075220816E-2);
#1010=CARTESIAN_POINT('',(4.923091732398E0,5.951547132601E0,-1.081225166528E1));
#1011=LINE('',#1010,#1009);
#1012=DIRECTION('',(9.739511365296E-1,2.267020158648E-1,-5.037822496254E-3));
#1013=VECTOR('',#1012,3.329674900680E-2);
#1014=CARTESIAN_POINT('',(5.028256678517E0,5.959223272245E0,-1.081242224617E1));
#1015=LINE('',#1014,#1013);
#1016=DIRECTION('',(9.451570445505E-1,3.265356130130E-1,-7.256346929712E-3));
#1017=VECTOR('',#1016,3.122788318107E-2);
#1018=CARTESIAN_POINT('',(5.060686085055E0,5.966771712366E0,-1.081258998928E1));
#1019=LINE('',#1018,#1017);
#1020=DIRECTION('',(9.000348146256E-1,4.357104342840E-1,-9.682454128309E-3));
#1021=VECTOR('',#1020,2.981844706435E-2);
#1022=CARTESIAN_POINT('',(5.090201338830E0,5.976968728344E0,-1.081281658963E1));
#1023=LINE('',#1022,#1021);
#1024=DIRECTION('',(8.395443456440E-1,5.431570702873E-1,-1.207015717026E-2));
#1025=VECTOR('',#1024,2.951008558111E-2);
#1026=CARTESIAN_POINT('',(5.117038979306E0,5.989960936864E0,-1.081310530538E1));
#1027=LINE('',#1026,#1025);
#1028=DIRECTION('',(7.635072733996E-1,6.456398308827E-1,-1.434755183462E-2));
#1029=VECTOR('',#1028,2.966072707218E-2);
#1030=CARTESIAN_POINT('',(5.141814004795E0,6.005989548492E0,-1.081346149675E1));
#1031=LINE('',#1030,#1029);
#1032=DIRECTION('',(6.796554336579E-1,7.333504686152E-1,-1.629667700075E-2));
#1033=VECTOR('',#1032,3.011824373666E-2);
#1034=CARTESIAN_POINT('',(5.164460185649E0,6.025139695303E0,-1.081388705557E1));
#1035=LINE('',#1034,#1033);
#1036=DIRECTION('',(5.841296201621E-1,8.114600530848E-1,-1.803244567291E-2));
#1037=VECTOR('',#1036,3.060548067102E-2);
#1038=CARTESIAN_POINT('',(5.184930213657E0,6.047226923461E0,-1.081437788286E1));
#1039=LINE('',#1038,#1037);
#1040=DIRECTION('',(4.854652977134E-1,8.740401520210E-1,-1.942311435409E-2));
#1041=VECTOR('',#1040,3.166088525093E-2);
#1042=CARTESIAN_POINT('',(5.202807781456E0,6.072062048431E0,-1.081492977453E1));
#1043=LINE('',#1042,#1041);
#1044=DIRECTION('',(3.833039596752E-1,9.233942870212E-1,-2.051987314678E-2));
#1045=VECTOR('',#1044,3.305208138758E-2);
#1046=CARTESIAN_POINT('',(5.218178042540E0,6.099734933389E0,-1.081554472752E1));
#1047=LINE('',#1046,#1045);
#1048=DIRECTION('',(2.785068943403E-1,9.601971733591E-1,-2.133771492222E-2));
#1049=VECTOR('',#1048,3.480467205715E-2);
#1050=CARTESIAN_POINT('',(5.230847036212E0,6.130255036516E0,-1.081622295204E1));
#1051=LINE('',#1050,#1049);
#1052=DIRECTION('',(-1.749119283042E-1,9.843410662487E-1,-2.187424589011E-2));
#1053=VECTOR('',#1052,9.485230296045E-2);
#1054=CARTESIAN_POINT('',(5.247660181292E0,6.324296300541E0,-1.082053498013E1));
#1055=LINE('',#1054,#1053);
#1056=DIRECTION('',(-3.105482281029E-1,9.503230060834E-1,-2.111828901084E-2));
#1057=VECTOR('',#1056,9.054850438113E-2);
#1058=CARTESIAN_POINT('',(5.231069382077E0,6.417663317573E0,-1.082260980273E1));
#1059=LINE('',#1058,#1057);
#1060=DIRECTION('',(-4.490173477838E-1,8.933024977981E-1,-1.985116663838E-2));
#1061=VECTOR('',#1060,8.807947106147E-2);
#1062=CARTESIAN_POINT('',(5.202949704484E0,6.503713644453E0,-1.082452203221E1));
#1063=LINE('',#1062,#1061);
#1064=DIRECTION('',(-5.657860489464E-1,8.243485708675E-1,-1.831885712477E-2));
#1065=VECTOR('',#1064,8.490171569697E-2);
#1066=CARTESIAN_POINT('',(5.163400493994E0,6.582395255957E0,-1.082627051247E1));
#1067=LINE('',#1066,#1065);
#1068=DIRECTION('',(-6.658651903573E-1,7.458879326807E-1,-1.657528737994E-2));
#1069=VECTOR('',#1068,7.992067583757E-2);
#1070=CARTESIAN_POINT('',(5.115364287721E0,6.652383863956E0,-1.082782581487E1));
#1071=LINE('',#1070,#1069);
#1072=DIRECTION('',(-7.641037668337E-1,6.449341292150E-1,-1.433186952817E-2));
#1073=VECTOR('',#1072,7.648066227707E-2);
#1074=CARTESIAN_POINT('',(5.062147891691E0,6.711995731635E0,-1.082915052304E1));
#1075=LINE('',#1074,#1073);
#1076=DIRECTION('',(-8.501110711397E-1,5.264734471291E-1,-1.169940997210E-2));
#1077=VECTOR('',#1076,5.956091958093E-2);
#1078=CARTESIAN_POINT('',(5.003708729555E0,6.761320720962E0,-1.083024663391E1));
#1079=LINE('',#1078,#1077);
#1080=DIRECTION('',(-9.167350819805E-1,3.993970645085E-1,-8.875490307287E-3));
#1081=VECTOR('',#1080,6.360256302524E-2);
#1082=CARTESIAN_POINT('',(4.953075332412E0,6.792677963608E0,-1.083094346153E1));
#1083=LINE('',#1082,#1081);
#1084=DIRECTION('',(-9.589569212903E-1,2.834818128226E-1,-6.299595871150E-3));
#1085=VECTOR('',#1084,6.875459746531E-2);
#1086=CARTESIAN_POINT('',(4.894768631583E0,6.818080640576E0,-1.083150796546E1));
#1087=LINE('',#1086,#1085);
#1088=DIRECTION('',(-9.871528776270E-1,1.597391480038E-1,-3.549758833663E-3));
#1089=VECTOR('',#1088,4.684027748081E-2);
#1090=CARTESIAN_POINT('',(4.828835934473E0,6.837571318505E0,-1.083194109164E1));
#1091=LINE('',#1090,#1089);
#1092=DIRECTION('',(3.053292478498E-1,-9.520118075815E-1,2.115581794250E-2));
#1093=VECTOR('',#1092,9.451330885638E-1);
#1094=CARTESIAN_POINT('',(4.332592688910E0,6.850975002546E0,-1.083223895128E1));
#1095=LINE('',#1094,#1093);
#1096=DIRECTION('',(-3.047538973244E-1,9.521960513355E-1,-2.115991225338E-2));
#1097=VECTOR('',#1096,6.369339138341E-1);
#1098=CARTESIAN_POINT('',(4.758229239924E0,6.099734933389E0,-1.081554472752E1));
#1099=LINE('',#1098,#1097);
#1100=DIRECTION('',(9.831569664465E-1,-1.827180682579E-1,4.060401444474E-3));
#1101=VECTOR('',#1100,3.820578988691E-2);
#1102=CARTESIAN_POINT('',(4.769597272630E0,6.700635234303E0,-1.082889806754E1));
#1103=LINE('',#1102,#1101);
#1104=DIRECTION('',(9.424601113954E-1,-3.342361008835E-1,7.427468936766E-3));
#1105=VECTOR('',#1104,3.268759393913E-2);
#1106=CARTESIAN_POINT('',(4.807159561116E0,6.693654346179E0,-1.082874293670E1));
#1107=LINE('',#1106,#1105);
#1108=DIRECTION('',(8.845574766034E-1,-4.663160811409E-1,1.036257952365E-2));
#1109=VECTOR('',#1108,3.359187743580E-2);
#1110=CARTESIAN_POINT('',(4.837966314541E0,6.682728972233E0,-1.082850015061E1));
#1111=LINE('',#1110,#1109);
#1112=DIRECTION('',(8.111897344277E-1,-5.846387118865E-1,1.299197147282E-2));
#1113=VECTOR('',#1112,3.516627790671E-2);
#1114=CARTESIAN_POINT('',(4.867680260880E0,6.667064539589E0,-1.082815205211E1));
#1115=LINE('',#1114,#1113);
#1116=DIRECTION('',(7.239311902897E-1,-6.897019093160E-1,1.532670909383E-2));
#1117=VECTOR('',#1116,5.333727755092E-2);
#1118=CARTESIAN_POINT('',(4.896206784516E0,6.646504972172E0,-1.082769517283E1));
#1119=LINE('',#1118,#1117);
#1120=DIRECTION('',(6.272255134170E-1,-7.786454606991E-1,1.730323239633E-2));
#1121=VECTOR('',#1120,5.669599424030E-2);
#1122=CARTESIAN_POINT('',(4.934819303340E0,6.609718150007E0,-1.082687768789E1));
#1123=LINE('',#1122,#1121);
#1124=DIRECTION('',(5.346824647573E-1,-8.448444748739E-1,1.877432172479E-2));
#1125=VECTOR('',#1124,6.090829725527E-2);
#1126=CARTESIAN_POINT('',(4.970380477436E0,6.565572071452E0,-1.082589666393E1));
#1127=LINE('',#1126,#1125);
#1128=DIRECTION('',(4.225810498696E-1,-9.061014371511E-1,2.013558749680E-2));
#1129=VECTOR('',#1128,6.466193730747E-2);
#1130=CARTESIAN_POINT('',(5.002947075937E0,6.514114033042E0,-1.082475315196E1));
#1131=LINE('',#1130,#1129);
#1132=DIRECTION('',(2.904395461082E-1,-9.566571606049E-1,2.125904795324E-2));
#1133=VECTOR('',#1132,6.805252173086E-2);
#1134=CARTESIAN_POINT('',(5.030271985291E0,6.455523758719E0,-1.082345114586E1));
#1135=LINE('',#1134,#1133);
#1136=DIRECTION('',(1.673991654405E-1,-9.856458630896E-1,2.190324140877E-2));
#1137=VECTOR('',#1136,7.260095949234E-2);
#1138=CARTESIAN_POINT('',(5.050037128814E0,6.390420826508E0,-1.082200441404E1));
#1139=LINE('',#1138,#1137);
#1140=DIRECTION('',(-3.310634578890E-1,-9.433755888643E-1,2.096390196498E-2));
#1141=VECTOR('',#1140,3.959650281708E-2);
#1142=CARTESIAN_POINT('',(5.060307623777E0,6.212294663471E0,-1.081804605486E1));
#1143=LINE('',#1142,#1141);
#1144=DIRECTION('',(-5.571152059087E-1,-8.302302457996E-1,1.844956109935E-2));
#1145=VECTOR('',#1144,3.432280977008E-2);
#1146=CARTESIAN_POINT('',(5.047198668634E0,6.174940289309E0,-1.081721595766E1));
#1147=LINE('',#1146,#1145);
#1148=DIRECTION('',(-7.336606925778E-1,-6.793482759081E-1,1.509662832774E-2));
#1149=VECTOR('',#1148,3.145415971890E-2);
#1150=CARTESIAN_POINT('',(5.028076909402E0,6.146444454517E0,-1.081658271688E1));
#1151=LINE('',#1150,#1149);
#1152=DIRECTION('',(-8.854264788268E-1,-4.646647465961E-1,1.032588316055E-2));
#1153=VECTOR('',#1152,3.065770053336E-2);
#1154=CARTESIAN_POINT('',(5.005000228798E0,6.125076125342E0,-1.081610786512E1));
#1155=LINE('',#1154,#1153);
#1156=DIRECTION('',(-1.E0,5.960951285278E-13,6.904768572113E-12));
#1157=VECTOR('',#1156,1.072795987720E-1);
#1158=CARTESIAN_POINT('',(4.865508838696E0,6.099290598643E0,-1.083553979108E1));
#1159=LINE('',#1158,#1157);
#1160=DIRECTION('',(1.E0,-1.258423049114E-12,3.576570771167E-12));
#1161=VECTOR('',#1160,1.072795987720E-1);
#1162=CARTESIAN_POINT('',(4.758229239924E0,6.099734933389E0,-1.081554472752E1));
#1163=LINE('',#1162,#1161);
#1164=DIRECTION('',(8.854264788242E-1,4.646647465992E-1,-1.032588325302E-2));
#1165=VECTOR('',#1164,3.065770053338E-2);
#1166=CARTESIAN_POINT('',(4.977855088966E0,6.110386237946E0,-1.083578636084E1));
#1167=LINE('',#1166,#1165);
#1168=DIRECTION('',(7.336606925779E-1,6.793482759068E-1,-1.509662838337E-2));
#1169=VECTOR('',#1168,3.145415971888E-2);
#1170=CARTESIAN_POINT('',(5.005000228798E0,6.124631790596E0,-1.083610292868E1));
#1171=LINE('',#1170,#1169);
#1172=DIRECTION('',(5.571152059135E-1,8.302302457988E-1,-1.844956099217E-2));
#1173=VECTOR('',#1172,3.432280976978E-2);
#1174=CARTESIAN_POINT('',(5.028076909402E0,6.146000119771E0,-1.083657778044E1));
#1175=LINE('',#1174,#1173);
#1176=DIRECTION('',(3.310634578897E-1,9.433755888628E-1,-2.096390201757E-2));
#1177=VECTOR('',#1176,3.959650281722E-2);
#1178=CARTESIAN_POINT('',(5.047198668634E0,6.174495954563E0,-1.083721102121E1));
#1179=LINE('',#1178,#1177);
#1180=DIRECTION('',(-1.673991654401E-1,9.856458630898E-1,-2.190324140190E-2));
#1181=VECTOR('',#1180,7.260095949231E-2);
#1182=CARTESIAN_POINT('',(5.062190468843E0,6.318417656382E0,-1.084040928125E1));
#1183=LINE('',#1182,#1181);
#1184=DIRECTION('',(-2.904395461080E-1,9.566571606034E-1,-2.125904802364E-2));
#1185=VECTOR('',#1184,6.805252173094E-2);
#1186=CARTESIAN_POINT('',(5.050037128814E0,6.389976491762E0,-1.084199947759E1));
#1187=LINE('',#1186,#1185);
#1188=DIRECTION('',(-4.225810498690E-1,9.061014371505E-1,-2.013558753459E-2));
#1189=VECTOR('',#1188,6.466193730819E-2);
#1190=CARTESIAN_POINT('',(5.030271985291E0,6.455079423973E0,-1.084344620942E1));
#1191=LINE('',#1190,#1189);
#1192=DIRECTION('',(-5.346824647617E-1,8.448444748732E-1,-1.877432162815E-2));
#1193=VECTOR('',#1192,6.090829725440E-2);
#1194=CARTESIAN_POINT('',(5.002947075937E0,6.513669698297E0,-1.084474821552E1));
#1195=LINE('',#1194,#1193);
#1196=DIRECTION('',(-6.272255134119E-1,7.786454607014E-1,-1.730323247820E-2));
#1197=VECTOR('',#1196,5.669599424112E-2);
#1198=CARTESIAN_POINT('',(4.970380477436E0,6.565127736706E0,-1.084589172748E1));
#1199=LINE('',#1198,#1197);
#1200=DIRECTION('',(-7.239311902919E-1,6.897019093140E-1,-1.532670908056E-2));
#1201=VECTOR('',#1200,5.333727755039E-2);
#1202=CARTESIAN_POINT('',(4.934819303340E0,6.609273815262E0,-1.084687275145E1));
#1203=LINE('',#1202,#1201);
#1204=DIRECTION('',(-8.111897344224E-1,5.846387118960E-1,-1.299197137630E-2));
#1205=VECTOR('',#1204,3.516627790708E-2);
#1206=CARTESIAN_POINT('',(4.896206784516E0,6.646060637426E0,-1.084769023639E1));
#1207=LINE('',#1206,#1205);
#1208=DIRECTION('',(-8.845574766008E-1,4.663160811435E-1,-1.036257963377E-2));
#1209=VECTOR('',#1208,3.359187743588E-2);
#1210=CARTESIAN_POINT('',(4.867680260880E0,6.666620204844E0,-1.084814711566E1));
#1211=LINE('',#1210,#1209);
#1212=DIRECTION('',(-9.424601113990E-1,3.342361008757E-1,-7.427468827665E-3));
#1213=VECTOR('',#1212,3.268759393880E-2);
#1214=CARTESIAN_POINT('',(4.837966314541E0,6.682284637488E0,-1.084849521417E1));
#1215=LINE('',#1214,#1213);
#1216=DIRECTION('',(-9.831569664468E-1,1.827180682543E-1,-4.060401531782E-3));
#1217=VECTOR('',#1216,3.820578988698E-2);
#1218=CARTESIAN_POINT('',(4.807159561116E0,6.693210011433E0,-1.084873800025E1));
#1219=LINE('',#1218,#1217);
#1220=DIRECTION('',(3.047538973243E-1,-9.521960513356E-1,2.115991225386E-2));
#1221=VECTOR('',#1220,6.369339138346E-1);
#1222=CARTESIAN_POINT('',(4.564121147345E0,6.705776556358E0,-1.084901725681E1));
#1223=LINE('',#1222,#1221);
#1224=DIRECTION('',(-9.996753655641E-1,-2.547239815783E-2,5.660533166811E-4));
#1225=VECTOR('',#1224,4.883263568413E-2);
#1226=CARTESIAN_POINT('',(4.914325621625E0,6.100534482982E0,-1.083556743296E1));
#1227=LINE('',#1226,#1225);
#1228=DIRECTION('',(8.881784195529E-14,2.221673727907E-2,9.997531778317E-1));
#1229=VECTOR('',#1228,2.000000000332E-2);
#1230=CARTESIAN_POINT('',(4.865508838696E0,6.099290598643E0,-1.083553979108E1));
#1231=LINE('',#1230,#1229);
#1232=DIRECTION('',(9.996753655641E-1,2.547239815713E-2,-5.660533486195E-4));
#1233=VECTOR('',#1232,4.883263568414E-2);
#1234=CARTESIAN_POINT('',(4.865508838696E0,6.099734933389E0,-1.081554472752E1));
#1235=LINE('',#1234,#1233);
#1236=DIRECTION('',(-7.549516566788E-13,-2.221673727916E-2,-9.997531778317E-1));
#1237=VECTOR('',#1236,2.000000000176E-2);
#1238=CARTESIAN_POINT('',(4.914325621625E0,6.100978817728E0,-1.081557236940E1));
#1239=LINE('',#1238,#1237);
#1240=DIRECTION('',(-9.951103253740E-1,-9.874525411630E-2,2.194338963401E-3));
#1241=VECTOR('',#1240,3.764702390351E-2);
#1242=CARTESIAN_POINT('',(4.951788563831E0,6.104251947924E0,-1.083565004329E1));
#1243=LINE('',#1242,#1241);
#1244=DIRECTION('',(9.951103253740E-1,9.874525411575E-2,-2.194338985530E-3));
#1245=VECTOR('',#1244,3.764702390351E-2);
#1246=CARTESIAN_POINT('',(4.914325621625E0,6.100978817728E0,-1.081557236940E1));
#1247=LINE('',#1246,#1245);
#1248=DIRECTION('',(-8.881784196592E-13,-2.221673727911E-2,-9.997531778317E-1));
#1249=VECTOR('',#1248,2.000000000092E-2);
#1250=CARTESIAN_POINT('',(4.951788563831E0,6.104696282670E0,-1.081565497973E1));
#1251=LINE('',#1250,#1249);
#1252=DIRECTION('',(-9.733963133045E-1,-2.290713956506E-1,5.090475409030E-3));
#1253=VECTOR('',#1252,2.677894376479E-2);
#1254=CARTESIAN_POINT('',(4.977855088966E0,6.110386237946E0,-1.083578636084E1));
#1255=LINE('',#1254,#1253);
#1256=DIRECTION('',(9.733963133025E-1,2.290713956564E-1,-5.090475526029E-3));
#1257=VECTOR('',#1256,2.677894376486E-2);
#1258=CARTESIAN_POINT('',(4.951788563831E0,6.104696282670E0,-1.081565497973E1));
#1259=LINE('',#1258,#1257);
#1260=DIRECTION('',(-1.953992523556E-12,-2.221673729125E-2,-9.997531778315E-1));
#1261=VECTOR('',#1260,1.999999999779E-2);
#1262=CARTESIAN_POINT('',(4.977855088966E0,6.110830572692E0,-1.081579129729E1));
#1263=LINE('',#1262,#1261);
#1264=DIRECTION('',(-5.018208071149E-12,-2.221673728295E-2,-9.997531778317E-1));
#1265=VECTOR('',#1264,2.000000000063E-2);
#1266=CARTESIAN_POINT('',(5.005000228798E0,6.125076125342E0,-1.081610786512E1));
#1267=LINE('',#1266,#1265);
#1268=DIRECTION('',(-5.551115122466E-12,-2.221673728380E-2,-9.997531778316E-1));
#1269=VECTOR('',#1268,2.000000000238E-2);
#1270=CARTESIAN_POINT('',(5.028076909402E0,6.146444454517E0,-1.081658271688E1));
#1271=LINE('',#1270,#1269);
#1272=DIRECTION('',(-5.684341886450E-12,-2.221673730165E-2,-9.997531778312E-1));
#1273=VECTOR('',#1272,1.999999999870E-2);
#1274=CARTESIAN_POINT('',(5.047198668634E0,6.174940289309E0,-1.081721595766E1));
#1275=LINE('',#1274,#1273);
#1276=DIRECTION('',(-1.865174681297E-12,-2.221673729529E-2,-9.997531778314E-1));
#1277=VECTOR('',#1276,2.000000000078E-2);
#1278=CARTESIAN_POINT('',(5.060307623777E0,6.212294663471E0,-1.081804605486E1));
#1279=LINE('',#1278,#1277);
#1280=DIRECTION('',(-1.032604736636E-1,-9.944088465555E-1,2.209797436274E-2));
#1281=VECTOR('',#1280,4.824205255938E-2);
#1282=CARTESIAN_POINT('',(5.065289120975E0,6.259822652566E0,-1.083910717006E1));
#1283=LINE('',#1282,#1281);
#1284=DIRECTION('',(1.032604736629E-1,9.944088465559E-1,-2.209797434626E-2));
#1285=VECTOR('',#1284,4.824205255943E-2);
#1286=CARTESIAN_POINT('',(5.060307623777E0,6.212294663471E0,-1.081804605486E1));
#1287=LINE('',#1286,#1285);
#1288=DIRECTION('',(-6.217248937410E-13,-2.221673729788E-2,-9.997531778313E-1));
#1289=VECTOR('',#1288,2.000000000158E-2);
#1290=CARTESIAN_POINT('',(5.065289120975E0,6.260266987312E0,-1.081911210650E1));
#1291=LINE('',#1290,#1289);
#1292=DIRECTION('',(5.279574350309E-2,-9.983588542525E-1,2.218575226376E-2));
#1293=VECTOR('',#1292,5.869132483413E-2);
#1294=CARTESIAN_POINT('',(5.062190468843E0,6.318417656382E0,-1.084040928125E1));
#1295=LINE('',#1294,#1293);
#1296=DIRECTION('',(-5.279574350373E-2,9.983588542506E-1,-2.218575234943E-2));
#1297=VECTOR('',#1296,5.869132483415E-2);
#1298=CARTESIAN_POINT('',(5.065289120975E0,6.260266987312E0,-1.081911210650E1));
#1299=LINE('',#1298,#1297);
#1300=DIRECTION('',(1.332267629780E-12,-2.221673729902E-2,-9.997531778313E-1));
#1301=VECTOR('',#1300,1.999999999655E-2);
#1302=CARTESIAN_POINT('',(5.062190468843E0,6.318861991128E0,-1.082041421770E1));
#1303=LINE('',#1302,#1301);
#1304=DIRECTION('',(3.197442311552E-12,-2.221673730046E-2,-9.997531778313E-1));
#1305=VECTOR('',#1304,1.999999999605E-2);
#1306=CARTESIAN_POINT('',(5.050037128814E0,6.390420826508E0,-1.082200441404E1));
#1307=LINE('',#1306,#1305);
#1308=DIRECTION('',(2.753353100954E-12,-2.221673729638E-2,-9.997531778314E-1));
#1309=VECTOR('',#1308,2.000000000085E-2);
#1310=CARTESIAN_POINT('',(5.030271985291E0,6.455523758719E0,-1.082345114586E1));
#1311=LINE('',#1310,#1309);
#1312=DIRECTION('',(-1.039168750878E-11,-2.221673726249E-2,-9.997531778321E-1));
#1313=VECTOR('',#1312,2.000000000329E-2);
#1314=CARTESIAN_POINT('',(5.002947075937E0,6.514114033042E0,-1.082475315196E1));
#1315=LINE('',#1314,#1313);
#1316=DIRECTION('',(-5.773159728799E-13,-2.221673730766E-2,-9.997531778311E-1));
#1317=VECTOR('',#1316,1.999999999741E-2);
#1318=CARTESIAN_POINT('',(4.970380477436E0,6.565572071452E0,-1.082589666393E1));
#1319=LINE('',#1318,#1317);
#1320=DIRECTION('',(-1.185718190178E-11,-2.221673726427E-2,-9.997531778321E-1));
#1321=VECTOR('',#1320,2.000000000204E-2);
#1322=CARTESIAN_POINT('',(4.934819303340E0,6.609718150007E0,-1.082687768789E1));
#1323=LINE('',#1322,#1321);
#1324=DIRECTION('',(1.598721155353E-12,-2.221673728873E-2,-9.997531778315E-1));
#1325=VECTOR('',#1324,2.000000000134E-2);
#1326=CARTESIAN_POINT('',(4.896206784516E0,6.646504972172E0,-1.082769517283E1));
#1327=LINE('',#1326,#1325);
#1328=DIRECTION('',(-4.041211810053E-12,-2.221673726498E-2,-9.997531778321E-1));
#1329=VECTOR('',#1328,1.999999999793E-2);
#1330=CARTESIAN_POINT('',(4.867680260880E0,6.667064539589E0,-1.082815205211E1));
#1331=LINE('',#1330,#1329);
#1332=DIRECTION('',(-3.064215547716E-12,-2.221673725465E-2,-9.997531778323E-1));
#1333=VECTOR('',#1332,2.000000000163E-2);
#1334=CARTESIAN_POINT('',(4.837966314541E0,6.682728972233E0,-1.082850015061E1));
#1335=LINE('',#1334,#1333);
#1336=DIRECTION('',(6.572520306415E-12,-2.221673727681E-2,-9.997531778318E-1));
#1337=VECTOR('',#1336,1.999999999807E-2);
#1338=CARTESIAN_POINT('',(4.807159561116E0,6.693654346179E0,-1.082874293670E1));
#1339=LINE('',#1338,#1337);
#1340=DIRECTION('',(2.309263891057E-12,-2.221673727945E-2,-9.997531778317E-1));
#1341=VECTOR('',#1340,2.000000000141E-2);
#1342=CARTESIAN_POINT('',(4.769597272630E0,6.700635234303E0,-1.082889806754E1));
#1343=LINE('',#1342,#1341);
#1344=DIRECTION('',(9.964581550996E-1,-8.406934599179E-2,1.868207717912E-3));
#1345=VECTOR('',#1344,4.984486347858E-2);
#1346=CARTESIAN_POINT('',(4.719928951927E0,6.704381324631E0,-1.084898625166E1));
#1347=LINE('',#1346,#1345);
#1348=DIRECTION('',(-9.964581550993E-1,8.406934599548E-2,-1.868207692610E-3));
#1349=VECTOR('',#1348,4.984486347855E-2);
#1350=CARTESIAN_POINT('',(4.769597272630E0,6.700635234303E0,-1.082889806754E1));
#1351=LINE('',#1350,#1349);
#1352=DIRECTION('',(4.884981307697E-13,-2.221673728711E-2,-9.997531778316E-1));
#1353=VECTOR('',#1352,2.000000000268E-2);
#1354=CARTESIAN_POINT('',(4.719928951927E0,6.704825659377E0,-1.082899118810E1));
#1355=LINE('',#1354,#1353);
#1356=DIRECTION('',(9.997461158003E-1,-2.252672519208E-2,5.005939086955E-4));
#1357=VECTOR('',#1356,6.193673136748E-2);
#1358=CARTESIAN_POINT('',(4.658007945317E0,6.705776556358E0,-1.084901725681E1));
#1359=LINE('',#1358,#1357);
#1360=DIRECTION('',(-9.997461158005E-1,2.252672518418E-2,-5.005939053688E-4));
#1361=VECTOR('',#1360,6.193673136745E-2);
#1362=CARTESIAN_POINT('',(4.719928951927E0,6.704825659377E0,-1.082899118810E1));
#1363=LINE('',#1362,#1361);
#1364=DIRECTION('',(-2.664535258718E-13,-2.221673726242E-2,-9.997531778321E-1));
#1365=VECTOR('',#1364,2.000000000287E-2);
#1366=CARTESIAN_POINT('',(4.658007945317E0,6.706220891103E0,-1.082902219325E1));
#1367=LINE('',#1366,#1365);
#1368=DIRECTION('',(1.E0,-4.730049585694E-13,-6.262585651458E-12));
#1369=VECTOR('',#1368,9.388679797211E-2);
#1370=CARTESIAN_POINT('',(4.564121147345E0,6.705776556358E0,-1.084901725681E1));
#1371=LINE('',#1370,#1369);
#1372=DIRECTION('',(-1.E0,1.608216859137E-13,2.194743007763E-12));
#1373=VECTOR('',#1372,9.388679797205E-2);
#1374=CARTESIAN_POINT('',(4.658007945317E0,6.706220891103E0,-1.082902219325E1));
#1375=LINE('',#1374,#1373);
#1376=DIRECTION('',(-3.019806626604E-12,-2.221673726133E-2,-9.997531778321E-1));
#1377=VECTOR('',#1376,2.000000000249E-2);
#1378=CARTESIAN_POINT('',(4.564121147345E0,6.706220891103E0,-1.082902219325E1));
#1379=LINE('',#1378,#1377);
#1380=DIRECTION('',(-1.021405182543E-12,-2.221673728400E-2,-9.997531778316E-1));
#1381=VECTOR('',#1380,2.000000000219E-2);
#1382=CARTESIAN_POINT('',(4.758229239924E0,6.099734933389E0,-1.081554472752E1));
#1383=LINE('',#1382,#1381);
#1384=DIRECTION('',(-1.E0,-3.394843416759E-13,-6.059281128700E-12));
#1385=VECTOR('',#1384,1.726729881291E-1);
#1386=CARTESIAN_POINT('',(9.939483314223E0,6.850530667800E0,-1.085223401484E1));
#1387=LINE('',#1386,#1385);
#1388=DIRECTION('',(1.E0,5.555198318335E-13,5.143702146606E-14));
#1389=VECTOR('',#1388,1.726729881290E-1);
#1390=CARTESIAN_POINT('',(9.766810326094E0,6.850975002546E0,-1.083223895128E1));
#1391=LINE('',#1390,#1389);
#1392=DIRECTION('',(1.865174681183E-12,-2.221673730232E-2,-9.997531778312E-1));
#1393=VECTOR('',#1392,2.000000000201E-2);
#1394=CARTESIAN_POINT('',(9.939483314223E0,6.850975002546E0,-1.083223895128E1));
#1395=LINE('',#1394,#1393);
#1396=DIRECTION('',(-1.243449787391E-12,-2.221673729931E-2,-9.997531778313E-1));
#1397=VECTOR('',#1396,2.000000000305E-2);
#1398=CARTESIAN_POINT('',(9.766810326094E0,6.850975002546E0,-1.083223895128E1));
#1399=LINE('',#1398,#1397);
#1400=DIRECTION('',(-3.552713678383E-13,-2.221673729675E-2,-9.997531778314E-1));
#1401=VECTOR('',#1400,2.000000000235E-2);
#1402=CARTESIAN_POINT('',(9.591043416088E0,6.246371425168E0,-1.081880331623E1));
#1403=LINE('',#1402,#1401);
#1404=DIRECTION('',(-1.E0,-4.635300670509E-14,1.483296214563E-12));
#1405=VECTOR('',#1404,1.724506422670E-1);
#1406=CARTESIAN_POINT('',(9.397380015239E0,6.850530667800E0,-1.085223401484E1));
#1407=LINE('',#1406,#1405);
#1408=DIRECTION('',(1.E0,3.656737195624E-13,5.891982185625E-12));
#1409=VECTOR('',#1408,1.724506422670E-1);
#1410=CARTESIAN_POINT('',(9.224929372972E0,6.850975002546E0,-1.083223895128E1));
#1411=LINE('',#1410,#1409);
#1412=DIRECTION('',(1.776356839165E-12,-2.221673730046E-2,-9.997531778313E-1));
#1413=VECTOR('',#1412,2.000000000265E-2);
#1414=CARTESIAN_POINT('',(9.397380015239E0,6.850975002546E0,-1.083223895128E1));
#1415=LINE('',#1414,#1413);
#1416=DIRECTION('',(1.332267629458E-12,-2.221673729921E-2,-9.997531778313E-1));
#1417=VECTOR('',#1416,2.000000000138E-2);
#1418=CARTESIAN_POINT('',(9.224929372972E0,6.850975002546E0,-1.083223895128E1));
#1419=LINE('',#1418,#1417);
#1420=DIRECTION('',(1.E0,-6.157260287566E-14,2.565525119819E-12));
#1421=VECTOR('',#1420,1.730987572172E-1);
#1422=CARTESIAN_POINT('',(9.512839110026E0,5.950752807752E0,-1.083223895128E1));
#1423=LINE('',#1422,#1421);
#1424=DIRECTION('',(-1.E0,3.027319641389E-13,9.707947053403E-12));
#1425=VECTOR('',#1424,1.730987572170E-1);
#1426=CARTESIAN_POINT('',(9.685937867243E0,5.951197142497E0,-1.081224388773E1));
#1427=LINE('',#1426,#1425);
#1428=DIRECTION('',(-2.309263891682E-12,-2.221673726237E-2,-9.997531778321E-1));
#1429=VECTOR('',#1428,1.999999999600E-2);
#1430=CARTESIAN_POINT('',(9.512839110026E0,5.951197142497E0,-1.081224388773E1));
#1431=LINE('',#1430,#1429);
#1432=DIRECTION('',(4.884981309846E-12,-2.221673726273E-2,-9.997531778321E-1));
#1433=VECTOR('',#1432,1.999999999388E-2);
#1434=CARTESIAN_POINT('',(9.685937867243E0,5.951197142497E0,-1.081224388773E1));
#1435=LINE('',#1434,#1433);
#1436=DIRECTION('',(2.930988785620E-12,-2.221673730665E-2,-9.997531778311E-1));
#1437=VECTOR('',#1436,1.999999999584E-2);
#1438=CARTESIAN_POINT('',(9.862598892173E0,6.553289302527E0,-1.082562371351E1));
#1439=LINE('',#1438,#1437);
#1440=DIRECTION('',(1.E0,-1.183647669766E-12,-4.858641089871E-12));
#1441=VECTOR('',#1440,1.718356427394E-1);
#1442=CARTESIAN_POINT('',(1.005557160092E1,5.950752807752E0,-1.083223895128E1));
#1443=LINE('',#1442,#1441);
#1444=DIRECTION('',(3.019806627202E-12,2.221673726227E-2,9.997531778321E-1));
#1445=VECTOR('',#1444,1.999999999853E-2);
#1446=CARTESIAN_POINT('',(1.022740724366E1,5.950752807752E0,-1.083223895128E1));
#1447=LINE('',#1446,#1445);
#1448=DIRECTION('',(-1.E0,8.166652044676E-13,-1.251875395709E-11));
#1449=VECTOR('',#1448,1.718356427394E-1);
#1450=CARTESIAN_POINT('',(1.022740724366E1,5.951197142497E0,-1.081224388773E1));
#1451=LINE('',#1450,#1449);
#1452=DIRECTION('',(-2.309263891735E-12,-2.221673726248E-2,-9.997531778321E-1));
#1453=VECTOR('',#1452,1.999999999554E-2);
#1454=CARTESIAN_POINT('',(1.005557160092E1,5.951197142497E0,-1.081224388773E1));
#1455=LINE('',#1454,#1453);
#1456=DIRECTION('',(-3.047027004677E-1,9.522124274764E-1,-2.116027616264E-2));
#1457=VECTOR('',#1456,9.449339602021E-1);
#1458=CARTESIAN_POINT('',(1.022740724366E1,5.951197142497E0,-1.081224388773E1));
#1459=LINE('',#1458,#1457);
#1460=DIRECTION('',(-2.790935552479E-1,-9.600269010823E-1,2.133393113044E-2));
#1461=VECTOR('',#1460,6.297777454949E-1);
#1462=CARTESIAN_POINT('',(9.766810326094E0,6.850975002546E0,-1.083223895128E1));
#1463=LINE('',#1462,#1461);
#1464=DIRECTION('',(-3.049792698591E-1,9.521239262285E-1,-2.115830946704E-2));
#1465=VECTOR('',#1464,6.350051298186E-1);
#1466=CARTESIAN_POINT('',(9.591043416088E0,6.246371425168E0,-1.081880331623E1));
#1467=LINE('',#1466,#1465);
#1468=DIRECTION('',(3.046890753909E-1,-9.522167851660E-1,2.116037299899E-2));
#1469=VECTOR('',#1468,9.449296358413E-1);
#1470=CARTESIAN_POINT('',(9.224929372972E0,6.850975002546E0,-1.083223895128E1));
#1471=LINE('',#1470,#1469);
#1472=DIRECTION('',(2.814790280502E-1,9.593305375027E-1,-2.131845638652E-2));
#1473=VECTOR('',#1472,6.276170063318E-1);
#1474=CARTESIAN_POINT('',(9.685937867243E0,5.951197142497E0,-1.081224388773E1));
#1475=LINE('',#1474,#1473);
#1476=DIRECTION('',(3.051424075030E-1,-9.520716812361E-1,2.115714847216E-2));
#1477=VECTOR('',#1476,6.324021309488E-1);
#1478=CARTESIAN_POINT('',(9.862598892173E0,6.553289302527E0,-1.082562371351E1));
#1479=LINE('',#1478,#1477);
#1480=DIRECTION('',(-1.E0,4.422996125831E-14,-7.519093413913E-13));
#1481=VECTOR('',#1480,4.819421375549E-1);
#1482=CARTESIAN_POINT('',(6.214652570160E0,6.101168249487E0,-1.083558151666E1));
#1483=LINE('',#1482,#1481);
#1484=DIRECTION('',(1.E0,0.E0,-1.220009764709E-12));
#1485=VECTOR('',#1484,4.819421375549E-1);
#1486=CARTESIAN_POINT('',(5.732710432605E0,6.101612584232E0,-1.081558645310E1));
#1487=LINE('',#1486,#1485);
#1488=DIRECTION('',(-5.329070517871E-13,-2.221673725260E-2,-9.997531778323E-1));
#1489=VECTOR('',#1488,2.000000000124E-2);
#1490=CARTESIAN_POINT('',(6.214652570160E0,6.101612584232E0,-1.081558645310E1));
#1491=LINE('',#1490,#1489);
#1492=DIRECTION('',(-1.199040866464E-12,-2.221673725066E-2,-9.997531778324E-1));
#1493=VECTOR('',#1492,2.000000000218E-2);
#1494=CARTESIAN_POINT('',(5.732710432605E0,6.101612584232E0,-1.081558645310E1));
#1495=LINE('',#1494,#1493);
#1496=DIRECTION('',(1.E0,7.054933515056E-14,1.830469236339E-13));
#1497=VECTOR('',#1496,4.658102228571E-1);
#1498=CARTESIAN_POINT('',(5.667023735463E0,6.305420717967E0,-1.084012046040E1));
#1499=LINE('',#1498,#1497);
#1500=DIRECTION('',(-1.E0,-3.050782060565E-14,-1.494883209677E-12));
#1501=VECTOR('',#1500,4.658102228571E-1);
#1502=CARTESIAN_POINT('',(6.132833958320E0,6.305865052712E0,-1.082012539684E1));
#1503=LINE('',#1502,#1501);
#1504=DIRECTION('',(-6.661338146752E-13,-2.221673725255E-2,-9.997531778323E-1));
#1505=VECTOR('',#1504,2.000000000300E-2);
#1506=CARTESIAN_POINT('',(5.667023735463E0,6.305865052712E0,-1.082012539684E1));
#1507=LINE('',#1506,#1505);
#1508=DIRECTION('',(-1.731947918103E-12,-2.221673725077E-2,-9.997531778324E-1));
#1509=VECTOR('',#1508,2.000000000361E-2);
#1510=CARTESIAN_POINT('',(6.132833958320E0,6.305865052712E0,-1.082012539684E1));
#1511=LINE('',#1510,#1509);
#1512=DIRECTION('',(-1.E0,-1.524663259907E-14,-2.302241522460E-12));
#1513=VECTOR('',#1512,4.660325689249E-1);
#1514=CARTESIAN_POINT('',(6.084854521383E0,6.455836159702E0,-1.084346302577E1));
#1515=LINE('',#1514,#1513);
#1516=DIRECTION('',(1.E0,6.670401762096E-14,1.234977240525E-12));
#1517=VECTOR('',#1516,4.660325689248E-1);
#1518=CARTESIAN_POINT('',(5.618821952458E0,6.456280494447E0,-1.082346796221E1));
#1519=LINE('',#1518,#1517);
#1520=DIRECTION('',(-6.217248937251E-13,-2.221673725405E-2,-9.997531778323E-1));
#1521=VECTOR('',#1520,2.000000000209E-2);
#1522=CARTESIAN_POINT('',(6.084854521383E0,6.456280494447E0,-1.082346796221E1));
#1523=LINE('',#1522,#1521);
#1524=DIRECTION('',(-6.128431095138E-12,-2.221673725239E-2,-9.997531778323E-1));
#1525=VECTOR('',#1524,2.000000000259E-2);
#1526=CARTESIAN_POINT('',(5.618821952458E0,6.456280494447E0,-1.082346796221E1));
#1527=LINE('',#1526,#1525);
#1528=DIRECTION('',(1.E0,1.289073867136E-13,-1.580811637067E-12));
#1529=VECTOR('',#1528,5.236438470913E-1);
#1530=CARTESIAN_POINT('',(5.535267149243E0,6.700115226065E0,-1.084889144947E1));
#1531=LINE('',#1530,#1529);
#1532=DIRECTION('',(-1.E0,2.289802263992E-13,4.613527524488E-13));
#1533=VECTOR('',#1532,5.236438470913E-1);
#1534=CARTESIAN_POINT('',(6.058910996334E0,6.700559560810E0,-1.082889638591E1));
#1535=LINE('',#1534,#1533);
#1536=DIRECTION('',(-3.153033389574E-12,-2.221673726138E-2,-9.997531778321E-1));
#1537=VECTOR('',#1536,2.000000000229E-2);
#1538=CARTESIAN_POINT('',(5.535267149243E0,6.700559560810E0,-1.082889638591E1));
#1539=LINE('',#1538,#1537);
#1540=DIRECTION('',(-3.508304757311E-12,-2.221673725141E-2,-9.997531778324E-1));
#1541=VECTOR('',#1540,2.000000000287E-2);
#1542=CARTESIAN_POINT('',(6.058910996334E0,6.700559560810E0,-1.082889638591E1));
#1543=LINE('',#1542,#1541);
#1544=DIRECTION('',(-1.E0,-8.338219905523E-14,5.887288599960E-13));
#1545=VECTOR('',#1544,7.030250624762E-1);
#1546=CARTESIAN_POINT('',(6.010321290331E0,6.850530667800E0,-1.085223401484E1));
#1547=LINE('',#1546,#1545);
#1548=DIRECTION('',(1.E0,-2.905743300410E-14,1.432657783767E-12));
#1549=VECTOR('',#1548,7.030250624762E-1);
#1550=CARTESIAN_POINT('',(5.307296227855E0,6.850975002546E0,-1.083223895128E1));
#1551=LINE('',#1550,#1549);
#1552=DIRECTION('',(-1.776356839152E-13,-2.221673729448E-2,-9.997531778314E-1));
#1553=VECTOR('',#1552,2.000000000280E-2);
#1554=CARTESIAN_POINT('',(6.010321290331E0,6.850975002546E0,-1.083223895128E1));
#1555=LINE('',#1554,#1553);
#1556=DIRECTION('',(-1.021405182585E-12,-2.221673730001E-2,-9.997531778313E-1));
#1557=VECTOR('',#1556,2.000000000138E-2);
#1558=CARTESIAN_POINT('',(5.307296227855E0,6.850975002546E0,-1.083223895128E1));
#1559=LINE('',#1558,#1557);
#1560=DIRECTION('',(1.E0,3.328082621456E-14,-4.180071772549E-13));
#1561=VECTOR('',#1560,6.671847732791E-1);
#1562=CARTESIAN_POINT('',(5.595447233818E0,5.950752807752E0,-1.083223895128E1));
#1563=LINE('',#1562,#1561);
#1564=DIRECTION('',(8.881784198328E-14,2.221673726134E-2,9.997531778321E-1));
#1565=VECTOR('',#1564,1.999999999701E-2);
#1566=CARTESIAN_POINT('',(6.262632007097E0,5.950752807752E0,-1.083223895128E1));
#1567=LINE('',#1566,#1565);
#1568=DIRECTION('',(-1.E0,1.996849572874E-13,-1.083623701546E-12));
#1569=VECTOR('',#1568,6.671847732790E-1);
#1570=CARTESIAN_POINT('',(6.262632007097E0,5.951197142497E0,-1.081224388773E1));
#1571=LINE('',#1570,#1569);
#1572=DIRECTION('',(-2.398081733668E-12,-2.221673727022E-2,-9.997531778319E-1));
#1573=VECTOR('',#1572,1.999999999601E-2);
#1574=CARTESIAN_POINT('',(5.595447233818E0,5.951197142497E0,-1.081224388773E1));
#1575=LINE('',#1574,#1573);
#1576=DIRECTION('',(-3.038255550050E-1,9.524925256293E-1,-2.116650056504E-2));
#1577=VECTOR('',#1576,1.579177134599E-1);
#1578=CARTESIAN_POINT('',(6.262632007097E0,5.951197142497E0,-1.081224388773E1));
#1579=LINE('',#1578,#1577);
#1580=DIRECTION('',(-3.060848186918E-1,9.517692699142E-1,-2.115042820954E-2));
#1581=VECTOR('',#1580,2.146029241923E-1);
#1582=CARTESIAN_POINT('',(5.732710432605E0,6.101612584232E0,-1.081558645310E1));
#1583=LINE('',#1582,#1581);
#1584=DIRECTION('',(-3.038255550050E-1,9.524925256293E-1,-2.116650056490E-2));
#1585=VECTOR('',#1584,1.579177134599E-1);
#1586=CARTESIAN_POINT('',(6.132833958320E0,6.305865052712E0,-1.082012539684E1));
#1587=LINE('',#1586,#1585);
#1588=DIRECTION('',(-3.235663988662E-1,9.459719223796E-1,-2.102159827966E-2));
#1589=VECTOR('',#1588,2.582307789313E-1);
#1590=CARTESIAN_POINT('',(5.618821952458E0,6.456280494447E0,-1.082346796221E1));
#1591=LINE('',#1590,#1589);
#1592=DIRECTION('',(-3.073271086820E-1,9.513690576132E-1,-2.114153460294E-2));
#1593=VECTOR('',#1592,1.581041978738E-1);
#1594=CARTESIAN_POINT('',(6.058910996334E0,6.700559560810E0,-1.082889638591E1));
#1595=LINE('',#1594,#1593);
#1596=DIRECTION('',(3.049206747105E-1,-9.521426838638E-1,2.115872630338E-2));
#1597=VECTOR('',#1596,9.450031757819E-1);
#1598=CARTESIAN_POINT('',(5.307296227855E0,6.850975002546E0,-1.083223895128E1));
#1599=LINE('',#1598,#1597);
#1600=DIRECTION('',(-9.618756771737E-2,-9.951175483628E-1,2.211372327289E-2));
#1601=VECTOR('',#1600,3.983800686389E-2);
#1602=CARTESIAN_POINT('',(7.955612600781E0,6.215331313400E0,-1.083811847363E1));
#1603=LINE('',#1602,#1601);
#1604=DIRECTION('',(9.618756771806E-2,9.951175483626E-1,-2.211372328003E-2));
#1605=VECTOR('',#1604,3.983800686300E-2);
#1606=CARTESIAN_POINT('',(7.951780679798E0,6.176132148424E0,-1.081724244341E1));
#1607=LINE('',#1606,#1605);
#1608=DIRECTION('',(-1.909583602126E-12,-2.221673729514E-2,-9.997531778314E-1));
#1609=VECTOR('',#1608,2.000000000240E-2);
#1610=CARTESIAN_POINT('',(7.951780679798E0,6.176132148424E0,-1.081724244341E1));
#1611=LINE('',#1610,#1609);
#1612=DIRECTION('',(-3.552713678732E-13,-2.221673729836E-2,-9.997531778313E-1));
#1613=VECTOR('',#1612,2.000000000038E-2);
#1614=CARTESIAN_POINT('',(7.939887531722E0,6.143138464693E0,-1.081650925044E1));
#1615=LINE('',#1614,#1613);
#1616=DIRECTION('',(4.085620730955E-12,-2.221673726881E-2,-9.997531778320E-1));
#1617=VECTOR('',#1616,1.999999999836E-2);
#1618=CARTESIAN_POINT('',(7.919890580611E0,6.116903378102E0,-1.081592624852E1));
#1619=LINE('',#1618,#1617);
#1620=DIRECTION('',(-6.394884621611E-12,-2.221673727401E-2,-9.997531778319E-1));
#1621=VECTOR('',#1620,2.000000000072E-2);
#1622=CARTESIAN_POINT('',(7.891207941561E0,6.097847823157E0,-1.081550279174E1));
#1623=LINE('',#1622,#1621);
#1624=DIRECTION('',(-9.967249220085E-1,-8.084678158722E-2,1.796595158340E-3));
#1625=VECTOR('',#1624,4.744412825926E-2);
#1626=CARTESIAN_POINT('',(7.853248268758E0,6.085938940229E0,-1.083524308756E1));
#1627=LINE('',#1626,#1625);
#1628=DIRECTION('',(9.967249220087E-1,8.084678158422E-2,-1.796595149166E-3));
#1629=VECTOR('',#1628,4.744412825929E-2);
#1630=CARTESIAN_POINT('',(7.805959523719E0,6.082547569900E0,-1.081516278611E1));
#1631=LINE('',#1630,#1629);
#1632=DIRECTION('',(-2.264854969969E-12,-2.221673727970E-2,-9.997531778317E-1));
#1633=VECTOR('',#1632,2.000000000235E-2);
#1634=CARTESIAN_POINT('',(7.853248268758E0,6.086383274975E0,-1.081524802400E1));
#1635=LINE('',#1634,#1633);
#1636=DIRECTION('',(-9.979318078470E-1,6.426560003376E-2,-1.428124488795E-3));
#1637=VECTOR('',#1636,4.673255131998E-2);
#1638=CARTESIAN_POINT('',(7.805959523719E0,6.082103235154E0,-1.083515784967E1));
#1639=LINE('',#1638,#1637);
#1640=DIRECTION('',(9.979318078475E-1,-6.426560002671E-2,1.428124477775E-3));
#1641=VECTOR('',#1640,4.673255131989E-2);
#1642=CARTESIAN_POINT('',(7.759323624295E0,6.085550865351E0,-1.081522952601E1));
#1643=LINE('',#1642,#1641);
#1644=DIRECTION('',(4.440892098074E-14,-2.221673728710E-2,-9.997531778316E-1));
#1645=VECTOR('',#1644,2.000000000192E-2);
#1646=CARTESIAN_POINT('',(7.805959523719E0,6.082547569900E0,-1.081516278611E1));
#1647=LINE('',#1646,#1645);
#1648=DIRECTION('',(-3.241851231512E-12,-2.221673726975E-2,-9.997531778320E-1));
#1649=VECTOR('',#1648,2.000000000243E-2);
#1650=CARTESIAN_POINT('',(7.759323624295E0,6.085550865351E0,-1.081522952601E1));
#1651=LINE('',#1650,#1649);
#1652=DIRECTION('',(2.708944179863E-12,-2.221673728831E-2,-9.997531778315E-1));
#1653=VECTOR('',#1652,2.000000000164E-2);
#1654=CARTESIAN_POINT('',(7.721756605147E0,6.094560751707E0,-1.081542974571E1));
#1655=LINE('',#1654,#1653);
#1656=DIRECTION('',(4.751754544553E-12,-2.221673729058E-2,-9.997531778315E-1));
#1657=VECTOR('',#1656,2.000000000355E-2);
#1658=CARTESIAN_POINT('',(7.693353081499E0,6.109567769980E0,-1.081576323500E1));
#1659=LINE('',#1658,#1657);
#1660=DIRECTION('',(-9.947598299729E-12,-2.221673726247E-2,-9.997531778321E-1));
#1661=VECTOR('',#1660,2.000000000183E-2);
#1662=CARTESIAN_POINT('',(7.672868861107E0,6.129134121401E0,-1.081619804281E1));
#1663=LINE('',#1662,#1661);
#1664=DIRECTION('',(-2.405152025686E-1,9.704057947678E-1,-2.156457313571E-2));
#1665=VECTOR('',#1664,2.663551627318E-2);
#1666=CARTESIAN_POINT('',(7.659395637068E0,6.151368214678E0,-1.083669707144E1));
#1667=LINE('',#1666,#1665);
#1668=DIRECTION('',(2.443304476139E-1,-9.694526881622E-1,2.154339304324E-2));
#1669=VECTOR('',#1668,2.666170268388E-2);
#1670=CARTESIAN_POINT('',(7.652881371317E0,6.177659808761E0,-1.081727639142E1));
#1671=LINE('',#1670,#1669);
#1672=DIRECTION('',(-5.462297280666E-12,-2.221673725922E-2,-9.997531778322E-1));
#1673=VECTOR('',#1672,2.000000000179E-2);
#1674=CARTESIAN_POINT('',(7.659395637068E0,6.151812549423E0,-1.081670200788E1));
#1675=LINE('',#1674,#1673);
#1676=DIRECTION('',(2.221889531548E-2,9.995063686374E-1,-2.221125264887E-2));
#1677=VECTOR('',#1676,2.430794989828E-2);
#1678=CARTESIAN_POINT('',(7.652989390476E0,6.177215474016E0,-1.083727145498E1));
#1679=LINE('',#1678,#1677);
#1680=DIRECTION('',(-2.665977903117E-2,-9.993978304832E-1,2.220884075183E-2));
#1681=VECTOR('',#1680,2.431058982912E-2);
#1682=CARTESIAN_POINT('',(7.653529486270E0,6.201955759494E0,-1.081781630144E1));
#1683=LINE('',#1682,#1681);
#1684=DIRECTION('',(5.400879169402E-3,-2.221641322061E-2,-9.997385965780E-1));
#1685=VECTOR('',#1684,2.000029170169E-2);
#1686=CARTESIAN_POINT('',(7.652881371317E0,6.177659808761E0,-1.081727639142E1));
#1687=LINE('',#1686,#1685);
#1688=DIRECTION('',(-1.776356839503E-13,-2.221673730713E-2,-9.997531778311E-1));
#1689=VECTOR('',#1688,1.999999999885E-2);
#1690=CARTESIAN_POINT('',(7.653529486270E0,6.201955759494E0,-1.081781630144E1));
#1691=LINE('',#1690,#1689);
#1692=DIRECTION('',(9.192646643355E-12,-2.221673726217E-2,-9.997531778321E-1));
#1693=VECTOR('',#1692,2.000000000118E-2);
#1694=CARTESIAN_POINT('',(7.661212251679E0,6.223262603655E0,-1.081828978686E1));
#1695=LINE('',#1694,#1693);
#1696=DIRECTION('',(-5.773159728521E-13,-2.221673728887E-2,-9.997531778315E-1));
#1697=VECTOR('',#1696,1.999999999837E-2);
#1698=CARTESIAN_POINT('',(7.675939128875E0,6.241547233992E0,-1.081869611198E1));
#1699=LINE('',#1698,#1697);
#1700=DIRECTION('',(7.860379014836E-12,-2.221673727925E-2,-9.997531778317E-1));
#1701=VECTOR('',#1700,1.999999999875E-2);
#1702=CARTESIAN_POINT('',(7.701863730981E0,6.260834539309E0,-1.081912471877E1));
#1703=LINE('',#1702,#1701);
#1704=DIRECTION('',(1.421085471351E-12,-2.221673730231E-2,-9.997531778312E-1));
#1705=VECTOR('',#1704,2.000000000239E-2);
#1706=CARTESIAN_POINT('',(7.743611729416E0,6.284357029932E0,-1.081964744078E1));
#1707=LINE('',#1706,#1705);
#1708=DIRECTION('',(-3.390346363617E-1,-9.405416878718E-1,2.090092635276E-2));
#1709=VECTOR('',#1708,3.507944853079E-2);
#1710=CARTESIAN_POINT('',(7.951780679798E0,6.176132148424E0,-1.081724244341E1));
#1711=LINE('',#1710,#1709);
#1712=DIRECTION('',(-6.061080111822E-1,-7.951860295473E-1,1.767080059135E-2));
#1713=VECTOR('',#1712,3.299238871923E-2);
#1714=CARTESIAN_POINT('',(7.939887531722E0,6.143138464693E0,-1.081650925044E1));
#1715=LINE('',#1714,#1713);
#1716=DIRECTION('',(-8.328735945536E-1,-5.533266487748E-1,1.229614781604E-2));
#1717=VECTOR('',#1716,3.443816593245E-2);
#1718=CARTESIAN_POINT('',(7.919890580611E0,6.116903378102E0,-1.081592624852E1));
#1719=LINE('',#1718,#1717);
#1720=DIRECTION('',(-9.572728899343E-1,-2.891147462502E-1,6.424772171972E-3));
#1721=VECTOR('',#1720,3.965397244829E-2);
#1722=CARTESIAN_POINT('',(7.891207941561E0,6.097847823157E0,-1.081550279174E1));
#1723=LINE('',#1722,#1721);
#1724=DIRECTION('',(-9.724106394548E-1,2.332181139528E-1,-5.182624760364E-3));
#1725=VECTOR('',#1724,3.863287547856E-2);
#1726=CARTESIAN_POINT('',(7.759323624295E0,6.085550865351E0,-1.081522952601E1));
#1727=LINE('',#1726,#1725);
#1728=DIRECTION('',(-8.841279604993E-1,4.671295231988E-1,-1.038065602185E-2));
#1729=VECTOR('',#1728,3.212603256204E-2);
#1730=CARTESIAN_POINT('',(7.721756605147E0,6.094560751707E0,-1.081542974571E1));
#1731=LINE('',#1730,#1729);
#1732=DIRECTION('',(-7.230370323628E-1,6.906387646322E-1,-1.534752811946E-2));
#1733=VECTOR('',#1732,2.833080392147E-2);
#1734=CARTESIAN_POINT('',(7.693353081499E0,6.109567769980E0,-1.081576323500E1));
#1735=LINE('',#1734,#1733);
#1736=DIRECTION('',(-5.106671796275E-1,8.595662658541E-1,-1.910147263805E-2));
#1737=VECTOR('',#1736,2.638357148581E-2);
#1738=CARTESIAN_POINT('',(7.672868861107E0,6.129134121401E0,-1.081619804281E1));
#1739=LINE('',#1738,#1737);
#1740=DIRECTION('',(3.391261402759E-1,9.405087149470E-1,-2.090019354998E-2));
#1741=VECTOR('',#1740,2.265459513840E-2);
#1742=CARTESIAN_POINT('',(7.653529486270E0,6.201955759494E0,-1.081781630144E1));
#1743=LINE('',#1742,#1741);
#1744=DIRECTION('',(6.271734058853E-1,7.786874115018E-1,-1.730416478439E-2));
#1745=VECTOR('',#1744,2.348134831304E-2);
#1746=CARTESIAN_POINT('',(7.661212251679E0,6.223262603655E0,-1.081828978686E1));
#1747=LINE('',#1746,#1745);
#1748=DIRECTION('',(8.022430048025E-1,5.968502702309E-1,-1.326333935160E-2));
#1749=VECTOR('',#1748,3.231514883979E-2);
#1750=CARTESIAN_POINT('',(7.675939128875E0,6.241547233992E0,-1.081869611198E1));
#1751=LINE('',#1750,#1749);
#1752=DIRECTION('',(8.711735602140E-1,4.908539970613E-1,-1.090786656464E-2));
#1753=VECTOR('',#1752,4.792156275348E-2);
#1754=CARTESIAN_POINT('',(7.701863730981E0,6.260834539309E0,-1.081912471877E1));
#1755=LINE('',#1754,#1753);
#1756=DIRECTION('',(9.003584334589E-1,4.350416404946E-1,-9.667592007896E-3));
#1757=VECTOR('',#1756,1.599162078295E-1);
#1758=CARTESIAN_POINT('',(7.743611729416E0,6.284357029932E0,-1.081964744078E1));
#1759=LINE('',#1758,#1757);
#1760=DIRECTION('',(8.634626829982E-1,5.042882227033E-1,-1.120640496703E-2));
#1761=VECTOR('',#1760,7.166311952962E-2);
#1762=CARTESIAN_POINT('',(7.887593635782E0,6.353927239328E0,-1.082119344543E1));
#1763=LINE('',#1762,#1761);
#1764=DIRECTION('',(7.737522923728E-1,6.333319124874E-1,-1.407404252430E-2));
#1765=VECTOR('',#1764,4.833163290448E-2);
#1766=CARTESIAN_POINT('',(7.949472065243E0,6.390066106509E0,-1.082199653137E1));
#1767=LINE('',#1766,#1765);
#1768=DIRECTION('',(5.571602772383E-1,8.302000144286E-1,-1.844888913884E-2));
#1769=VECTOR('',#1768,5.408674235573E-2);
#1770=CARTESIAN_POINT('',(7.986868776997E0,6.420676072010E0,-1.082267675283E1));
#1771=LINE('',#1770,#1769);
#1772=DIRECTION('',(2.785069256214E-1,9.601971642892E-1,-2.133771477940E-2));
#1773=VECTOR('',#1772,5.476342294645E-2);
#1774=CARTESIAN_POINT('',(8.017003761363E0,6.465578886294E0,-1.082367459314E1));
#1775=LINE('',#1774,#1773);
#1776=DIRECTION('',(-2.425070429086E-1,9.699101907910E-1,-2.155355978784E-2));
#1777=VECTOR('',#1776,7.789444553599E-2);
#1778=CARTESIAN_POINT('',(8.032591638053E0,6.578427122270E0,-1.082618233172E1));
#1779=LINE('',#1778,#1777);
#1780=DIRECTION('',(-4.982927592147E-1,8.667948415432E-1,-1.926210757724E-2));
#1781=VECTOR('',#1780,7.823964670792E-2);
#1782=CARTESIAN_POINT('',(8.013701686407E0,6.653977738801E0,-1.082786123431E1));
#1783=LINE('',#1782,#1781);
#1784=DIRECTION('',(-7.012137054226E-1,7.127751757768E-1,-1.583944834578E-2));
#1785=VECTOR('',#1784,8.423730681118E-2);
#1786=CARTESIAN_POINT('',(7.974715436969E0,6.721795460972E0,-1.082936829480E1));
#1787=LINE('',#1786,#1785);
#1788=DIRECTION('',(-8.515984696406E-1,5.240652818410E-1,-1.164589518737E-2));
#1789=VECTOR('',#1788,8.957142006406E-2);
#1790=CARTESIAN_POINT('',(7.915647082925E0,6.781837722141E0,-1.083070256727E1));
#1791=LINE('',#1790,#1789);
#1792=DIRECTION('',(-9.550539159008E-1,2.963589808862E-1,-6.585755127161E-3));
#1793=VECTOR('',#1792,9.489233880532E-2);
#1794=CARTESIAN_POINT('',(7.839368198675E0,6.828778993642E0,-1.083174570664E1));
#1795=LINE('',#1794,#1793);
#1796=DIRECTION('',(-9.960490485695E-1,8.878288292453E-2,-1.972952945628E-3));
#1797=VECTOR('',#1796,1.054776060786E-1);
#1798=CARTESIAN_POINT('',(7.748740898910E0,6.856901190464E0,-1.083237064435E1));
#1799=LINE('',#1798,#1797);
#1800=DIRECTION('',(-9.809384252912E-1,-1.942708629031E-1,4.317130312839E-3));
#1801=VECTOR('',#1800,6.682808394988E-2);
#1802=CARTESIAN_POINT('',(7.570267990432E0,6.861938213237E0,-1.083248257819E1));
#1803=LINE('',#1802,#1801);
#1804=DIRECTION('',(-9.361649327291E-1,-3.514743435566E-1,7.810540937953E-3));
#1805=VECTOR('',#1804,6.159020046813E-2);
#1806=CARTESIAN_POINT('',(7.504713754997E0,6.848955463702E0,-1.083219407264E1));
#1807=LINE('',#1806,#1805);
#1808=DIRECTION('',(-8.528153423170E-1,-5.220836989917E-1,1.160186001972E-2));
#1809=VECTOR('',#1808,5.619348671050E-2);
#1810=CARTESIAN_POINT('',(7.447055169119E0,6.827308088423E0,-1.083171301986E1));
#1811=LINE('',#1810,#1809);
#1812=DIRECTION('',(-7.062248426036E-1,-7.078128741025E-1,1.572917493664E-2));
#1813=VECTOR('',#1812,5.099027210101E-2);
#1814=CARTESIAN_POINT('',(7.399132501514E0,6.797970385022E0,-1.083106107089E1));
#1815=LINE('',#1814,#1813);
#1816=DIRECTION('',(-4.893705266618E-1,-8.718607166923E-1,1.937468254135E-2));
#1817=VECTOR('',#1816,4.918592456333E-2);
#1818=CARTESIAN_POINT('',(7.363121904625E0,6.761878813975E0,-1.083025903598E1));
#1819=LINE('',#1818,#1817);
#1820=DIRECTION('',(-2.717607324221E-1,-9.621273169152E-1,2.138060707462E-2));
#1821=VECTOR('',#1820,5.046532227851E-2);
#1822=CARTESIAN_POINT('',(7.339051762817E0,6.718995538534E0,-1.082930607431E1));
#1823=LINE('',#1822,#1821);
#1824=DIRECTION('',(9.986498896153E-1,-5.193328496183E-2,1.154073010935E-3));
#1825=VECTOR('',#1824,1.774967416061E-1);
#1826=CARTESIAN_POINT('',(7.324353270389E0,6.559362107937E0,-1.082575866474E1));
#1827=LINE('',#1826,#1825);
#1828=DIRECTION('',(4.100706685933E-1,9.118286370354E-1,-2.026285867352E-2));
#1829=VECTOR('',#1828,2.810283348574E-2);
#1830=CARTESIAN_POINT('',(7.506142446609E0,6.638067367307E0,-1.082750767050E1));
#1831=LINE('',#1830,#1829);
#1832=DIRECTION('',(7.653046028351E-1,6.435094163208E-1,-1.430020929694E-2));
#1833=VECTOR('',#1832,4.145963972444E-2);
#1834=CARTESIAN_POINT('',(7.517666594326E0,6.663692335661E0,-1.082807711424E1));
#1835=LINE('',#1834,#1833);
#1836=DIRECTION('',(9.492130267571E-1,3.145564619074E-1,-6.990143552411E-3));
#1837=VECTOR('',#1836,5.077580162034E-2);
#1838=CARTESIAN_POINT('',(7.549395847439E0,6.690372004221E0,-1.082866999577E1));
#1839=LINE('',#1838,#1837);
#1840=DIRECTION('',(9.721809862025E-1,-2.341731198106E-1,5.203847080451E-3));
#1841=VECTOR('',#1840,4.629157042645E-2);
#1842=CARTESIAN_POINT('',(7.717536761165E0,6.708037057335E0,-1.082906255250E1));
#1843=LINE('',#1842,#1841);
#1844=DIRECTION('',(8.871374197550E-1,-4.613914515032E-1,1.025314343276E-2));
#1845=VECTOR('',#1844,3.903477895736E-2);
#1846=CARTESIAN_POINT('',(7.762540545755E0,6.697196815867E0,-1.082882165825E1));
#1847=LINE('',#1846,#1845);
#1848=DIRECTION('',(7.338652456804E-1,-6.791274115831E-1,1.509172021047E-2));
#1849=VECTOR('',#1848,3.424311699159E-2);
#1850=CARTESIAN_POINT('',(7.797169758840E0,6.679186502545E0,-1.082842142906E1));
#1851=LINE('',#1850,#1849);
#1852=DIRECTION('',(5.324157792986E-1,-8.462740507258E-1,1.880609002596E-2));
#1853=VECTOR('',#1852,3.093922180335E-2);
#1854=CARTESIAN_POINT('',(7.822299592304E0,6.655931063138E0,-1.082790464152E1));
#1855=LINE('',#1854,#1853);
#1856=DIRECTION('',(2.577896033877E-1,-9.659625967375E-1,2.146583539680E-2));
#1857=VECTOR('',#1856,3.015113825577E-2);
#1858=CARTESIAN_POINT('',(7.838772122191E0,6.629748002576E0,-1.082732279573E1));
#1859=LINE('',#1858,#1857);
#1860=DIRECTION('',(-3.554984291226E-1,-9.344461793597E-1,2.076547065036E-2));
#1861=VECTOR('',#1860,2.415296651056E-2);
#1862=CARTESIAN_POINT('',(7.845660118560E0,6.575352882819E0,-1.082611401529E1));
#1863=LINE('',#1862,#1861);
#1864=DIRECTION('',(-6.351322731190E-1,-7.722127429201E-1,1.716028305448E-2));
#1865=VECTOR('',#1864,2.567489300917E-2);
#1866=CARTESIAN_POINT('',(7.837073776907E0,6.552783235543E0,-1.082561246757E1));
#1867=LINE('',#1866,#1865);
#1868=DIRECTION('',(-8.138248794193E-1,-5.809667700601E-1,1.291037273336E-2));
#1869=VECTOR('',#1868,2.797217233304E-2);
#1870=CARTESIAN_POINT('',(7.820766823748E0,6.532956755988E0,-1.082517187914E1));
#1871=LINE('',#1870,#1869);
#1872=DIRECTION('',(-8.784585284671E-1,-4.77700663E-1,1.061557029801E-2));
#1873=VECTOR('',#1872,4.582101220207E-2);
#1874=CARTESIAN_POINT('',(7.798002373972E0,6.516705853376E0,-1.082481074797E1));
#1875=LINE('',#1874,#1873);
#1876=DIRECTION('',(-9.031944197003E-1,-4.291257420531E-1,9.536127602264E-3));
#1877=VECTOR('',#1876,1.306702887238E-1);
#1878=CARTESIAN_POINT('',(7.757750515020E0,6.494817125468E0,-1.082432433179E1));
#1879=LINE('',#1878,#1877);
#1880=DIRECTION('',(-8.853692303365E-1,-4.647737643961E-1,1.032830588111E-2));
#1881=VECTOR('',#1880,5.433036870260E-2);
#1882=CARTESIAN_POINT('',(7.639729839424E0,6.438743140855E0,-1.082307824325E1));
#1883=LINE('',#1882,#1881);
#1884=DIRECTION('',(-8.533290684105E-1,-5.212440220006E-1,1.158320052010E-2));
#1885=VECTOR('',#1884,4.208370713973E-2);
#1886=CARTESIAN_POINT('',(7.591627402702E0,6.413491810872E0,-1.082251710258E1));
#1887=LINE('',#1886,#1885);
#1888=DIRECTION('',(-7.749186183220E-1,-6.319050148920E-1,1.404233357900E-2));
#1889=VECTOR('',#1888,3.526775504517E-2);
#1890=CARTESIAN_POINT('',(7.555716152093E0,6.391555930102E0,-1.082202963856E1));
#1891=LINE('',#1890,#1889);
#1892=DIRECTION('',(-6.489372717950E-1,-7.606541208057E-1,1.690342499411E-2));
#1893=VECTOR('',#1892,3.449638273696E-2);
#1894=CARTESIAN_POINT('',(7.528386512082E0,6.369270058825E0,-1.082153439698E1));
#1895=LINE('',#1894,#1893);
#1896=DIRECTION('',(-4.980073003996E-1,-8.669587992429E-1,1.926575106246E-2));
#1897=VECTOR('',#1896,3.488176952637E-2);
#1898=CARTESIAN_POINT('',(7.506000523582E0,6.343030243143E0,-1.082095128996E1));
#1899=LINE('',#1898,#1897);
#1900=DIRECTION('',(-3.196816849750E-1,-9.472911270126E-1,2.105091387121E-2));
#1901=VECTOR('',#1900,3.613761134245E-2);
#1902=CARTESIAN_POINT('',(7.488629147707E0,6.312789186119E0,-1.082027926647E1));
#1903=LINE('',#1902,#1901);
#1904=DIRECTION('',(2.326790933553E-1,-9.723135186192E-1,2.160696706551E-2));
#1905=VECTOR('',#1904,7.349917669931E-2);
#1906=CARTESIAN_POINT('',(7.473618424855E0,6.199240969534E0,-1.081775597277E1));
#1907=LINE('',#1906,#1905);
#1908=DIRECTION('',(4.808309759208E-1,-8.765968884781E-1,1.947993084105E-2));
#1909=VECTOR('',#1908,7.164564201293E-2);
#1910=CARTESIAN_POINT('',(7.490720146652E0,6.127776726422E0,-1.081616787848E1));
#1911=LINE('',#1910,#1909);
#1912=DIRECTION('',(6.902672976277E-1,-7.233758715759E-1,1.607501936215E-2));
#1913=VECTOR('',#1912,7.503928683700E-2);
#1914=CARTESIAN_POINT('',(7.525169590621E0,6.064972379560E0,-1.081477222633E1));
#1915=LINE('',#1914,#1913);
#1916=DIRECTION('',(8.522098890885E-1,-5.230709246863E-1,1.162379832831E-2));
#1917=VECTOR('',#1916,7.944287525844E-2);
#1918=CARTESIAN_POINT('',(7.576966756362E0,6.010690770042E0,-1.081356596834E1));
#1919=LINE('',#1918,#1917);
#1920=DIRECTION('',(9.569150153110E-1,-2.902964651024E-1,6.451032578358E-3));
#1921=VECTOR('',#1920,8.589304289720E-2);
#1922=CARTESIAN_POINT('',(7.644668760275E0,5.969136511821E0,-1.081264254038E1));
#1923=LINE('',#1922,#1921);
#1924=DIRECTION('',(9.963248092653E-1,-8.563441529497E-2,1.902986989173E-3));
#1925=VECTOR('',#1924,9.703931900907E-2);
#1926=CARTESIAN_POINT('',(7.726861102734E0,5.944202065091E0,-1.081208844156E1));
#1927=LINE('',#1926,#1925);
#1928=DIRECTION('',(9.963859948470E-1,8.491989221257E-2,-1.887108717896E-3));
#1929=VECTOR('',#1928,9.707609164640E-2);
#1930=CARTESIAN_POINT('',(7.823543783737E0,5.935892159747E0,-1.081190377700E1));
#1931=LINE('',#1930,#1929);
#1932=DIRECTION('',(9.543150502581E-1,2.987284993928E-1,-6.638411059814E-3));
#1933=VECTOR('',#1932,8.275613067060E-2);
#1934=CARTESIAN_POINT('',(7.920269041888E0,5.944135850986E0,-1.081208697014E1));
#1935=LINE('',#1934,#1933);
#1936=DIRECTION('',(8.296065899015E-1,5.582105605653E-1,-1.240467917387E-2));
#1937=VECTOR('',#1936,7.380644712356E-2);
#1938=CARTESIAN_POINT('',(7.999244462888E0,5.968857465717E0,-1.081263633935E1));
#1939=LINE('',#1938,#1937);
#1940=DIRECTION('',(6.158555096457E-1,7.876646578072E-1,-1.750365906142E-2));
#1941=VECTOR('',#1940,6.988736093118E-2);
#1942=CARTESIAN_POINT('',(8.060474777799E0,6.010057003939E0,-1.081355188465E1));
#1943=LINE('',#1942,#1941);
#1944=DIRECTION('',(3.485192985051E-1,9.370702580972E-1,-2.082378349718E-2));
#1945=VECTOR('',#1944,7.031281286633E-2);
#1946=CARTESIAN_POINT('',(8.103515294083E0,6.065104808172E0,-1.081477516919E1));
#1947=LINE('',#1946,#1945);
#1948=DIRECTION('',(-9.990076595806E-1,4.452771024679E-2,-9.895046545862E-4));
#1949=VECTOR('',#1948,1.785507453216E-1);
#1950=CARTESIAN_POINT('',(8.133986162981E0,6.207825192293E0,-1.081794673328E1));
#1951=LINE('',#1950,#1949);
#1952=DIRECTION('',(-7.105427356719E-13,-2.221673729563E-2,-9.997531778314E-1));
#1953=VECTOR('',#1952,2.000000000248E-2);
#1954=CARTESIAN_POINT('',(7.887593635782E0,6.353927239328E0,-1.082119344543E1));
#1955=LINE('',#1954,#1953);
#1956=DIRECTION('',(5.595524044132E-12,-2.221673725863E-2,-9.997531778322E-1));
#1957=VECTOR('',#1956,1.999999999993E-2);
#1958=CARTESIAN_POINT('',(7.949472065243E0,6.390066106509E0,-1.082199653137E1));
#1959=LINE('',#1958,#1957);
#1960=DIRECTION('',(3.952393968013E-12,-2.221673726033E-2,-9.997531778322E-1));
#1961=VECTOR('',#1960,1.999999999824E-2);
#1962=CARTESIAN_POINT('',(7.986868776997E0,6.420676072010E0,-1.082267675283E1));
#1963=LINE('',#1962,#1961);
#1964=DIRECTION('',(7.283063040928E-12,-2.221673725717E-2,-9.997531778322E-1));
#1965=VECTOR('',#1964,2.000000000168E-2);
#1966=CARTESIAN_POINT('',(8.017003761363E0,6.465578886294E0,-1.082367459314E1));
#1967=LINE('',#1966,#1965);
#1968=DIRECTION('',(4.643381982294E-3,9.997423999360E-1,-2.221649778661E-2));
#1969=VECTOR('',#1968,6.028008070769E-2);
#1970=CARTESIAN_POINT('',(8.032311734612E0,6.517718234969E0,-1.084483818300E1));
#1971=LINE('',#1970,#1969);
#1972=DIRECTION('',(-5.572031950354E-3,-9.997376577726E-1,2.221639240126E-2));
#1973=VECTOR('',#1972,6.028036664141E-2);
#1974=CARTESIAN_POINT('',(8.032591638053E0,6.578427122270E0,-1.082618233172E1));
#1975=LINE('',#1974,#1973);
#1976=DIRECTION('',(2.799023446197E-3,-2.221665022814E-2,-9.997492615253E-1));
#1977=VECTOR('',#1976,2.000007834802E-2);
#1978=CARTESIAN_POINT('',(8.032255753924E0,6.518162569714E0,-1.082484311944E1));
#1979=LINE('',#1978,#1977);
#1980=DIRECTION('',(-1.598721155263E-12,-2.221673729226E-2,-9.997531778315E-1));
#1981=VECTOR('',#1980,2.000000000247E-2);
#1982=CARTESIAN_POINT('',(8.032591638053E0,6.578427122270E0,-1.082618233172E1));
#1983=LINE('',#1982,#1981);
#1984=DIRECTION('',(-7.993605776196E-12,-2.221673726174E-2,-9.997531778321E-1));
#1985=VECTOR('',#1984,2.000000000276E-2);
#1986=CARTESIAN_POINT('',(8.013701686407E0,6.653977738801E0,-1.082786123431E1));
#1987=LINE('',#1986,#1985);
#1988=DIRECTION('',(6.350475699706E-12,-2.221673728544E-2,-9.997531778316E-1));
#1989=VECTOR('',#1988,2.000000000362E-2);
#1990=CARTESIAN_POINT('',(7.974715436969E0,6.721795460972E0,-1.082936829480E1));
#1991=LINE('',#1990,#1989);
#1992=DIRECTION('',(-6.483702462901E-12,-2.221673725805E-2,-9.997531778322E-1));
#1993=VECTOR('',#1992,2.000000000281E-2);
#1994=CARTESIAN_POINT('',(7.915647082925E0,6.781837722141E0,-1.083070256727E1));
#1995=LINE('',#1994,#1993);
#1996=DIRECTION('',(-1.509903313473E-12,-2.221673729631E-2,-9.997531778314E-1));
#1997=VECTOR('',#1996,2.000000000023E-2);
#1998=CARTESIAN_POINT('',(7.839368198675E0,6.828778993642E0,-1.083174570664E1));
#1999=LINE('',#1998,#1997);
#2000=DIRECTION('',(-3.996802888725E-13,-2.221673730843E-2,-9.997531778311E-1));
#2001=VECTOR('',#2000,1.999999999963E-2);
#2002=CARTESIAN_POINT('',(7.748740898910E0,6.856901190464E0,-1.083237064435E1));
#2003=LINE('',#2002,#2001);
#2004=DIRECTION('',(-9.982661558930E-1,-5.884702107101E-2,1.307711584629E-3));
#2005=VECTOR('',#2004,7.353954540541E-2);
#2006=CARTESIAN_POINT('',(7.643680029730E0,6.865821461670E0,-1.085257381026E1));
#2007=LINE('',#2006,#2005);
#2008=DIRECTION('',(9.982661558926E-1,5.884702107875E-2,-1.307711567695E-3));
#2009=VECTOR('',#2008,7.353954540547E-2);
#2010=CARTESIAN_POINT('',(7.570267990432E0,6.861938213237E0,-1.083248257819E1));
#2011=LINE('',#2010,#2009);
#2012=DIRECTION('',(0.E0,-2.221673730307E-2,-9.997531778312E-1));
#2013=VECTOR('',#2012,2.000000000082E-2);
#2014=CARTESIAN_POINT('',(7.643680029730E0,6.866265796416E0,-1.083257874670E1));
#2015=LINE('',#2014,#2013);
#2016=DIRECTION('',(9.769962616913E-13,-2.221673727577E-2,-9.997531778318E-1));
#2017=VECTOR('',#2016,1.999999999957E-2);
#2018=CARTESIAN_POINT('',(7.570267990432E0,6.861938213237E0,-1.083248257819E1));
#2019=LINE('',#2018,#2017);
#2020=DIRECTION('',(4.973799149617E-12,-2.221673726416E-2,-9.997531778321E-1));
#2021=VECTOR('',#2020,2.000000000283E-2);
#2022=CARTESIAN_POINT('',(7.504713754997E0,6.848955463702E0,-1.083219407264E1));
#2023=LINE('',#2022,#2021);
#2024=DIRECTION('',(-1.865174681162E-12,-2.221673729005E-2,-9.997531778315E-1));
#2025=VECTOR('',#2024,2.000000000223E-2);
#2026=CARTESIAN_POINT('',(7.447055169119E0,6.827308088423E0,-1.083171301986E1));
#2027=LINE('',#2026,#2025);
#2028=DIRECTION('',(-2.220446048819E-13,-2.221673729460E-2,-9.997531778314E-1));
#2029=VECTOR('',#2028,2.000000000389E-2);
#2030=CARTESIAN_POINT('',(7.399132501514E0,6.797970385022E0,-1.083106107089E1));
#2031=LINE('',#2030,#2029);
#2032=DIRECTION('',(2.309263891117E-12,-2.221673729957E-2,-9.997531778313E-1));
#2033=VECTOR('',#2032,2.000000000089E-2);
#2034=CARTESIAN_POINT('',(7.363121904625E0,6.761878813975E0,-1.083025903598E1));
#2035=LINE('',#2034,#2033);
#2036=DIRECTION('',(-3.774758284167E-12,-2.221673730609E-2,-9.997531778311E-1));
#2037=VECTOR('',#2036,1.999999999766E-2);
#2038=CARTESIAN_POINT('',(7.339051762817E0,6.718995538534E0,-1.082930607431E1));
#2039=LINE('',#2038,#2037);
#2040=DIRECTION('',(-9.221284548285E-2,-9.954935483233E-1,2.212207889634E-2));
#2041=VECTOR('',#2040,5.340609588647E-2);
#2042=CARTESIAN_POINT('',(7.325337269873E0,6.669997138667E0,-1.084822215864E1));
#2043=LINE('',#2042,#2041);
#2044=DIRECTION('',(9.221284548411E-2,9.954935483249E-1,-2.212207881727E-2));
#2045=VECTOR('',#2044,5.340609588625E-2);
#2046=CARTESIAN_POINT('',(7.320412541805E0,6.617276049517E0,-1.082704564122E1));
#2047=LINE('',#2046,#2045);
#2048=DIRECTION('',(-1.731947918331E-12,-2.221673728998E-2,-9.997531778315E-1));
#2049=VECTOR('',#2048,2.000000000097E-2);
#2050=CARTESIAN_POINT('',(7.325337269873E0,6.670441473413E0,-1.082822709508E1));
#2051=LINE('',#2050,#2049);
#2052=DIRECTION('',(6.787089915784E-2,-9.974478589397E-1,2.216550798431E-2));
#2053=VECTOR('',#2052,5.806212431146E-2);
#2054=CARTESIAN_POINT('',(7.320412541805E0,6.616831714771E0,-1.084704070477E1));
#2055=LINE('',#2054,#2053);
#2056=DIRECTION('',(-6.787089915761E-2,9.974478589397E-1,-2.216550798123E-2));
#2057=VECTOR('',#2056,5.806212431159E-2);
#2058=CARTESIAN_POINT('',(7.324353270389E0,6.559362107937E0,-1.082575866474E1));
#2059=LINE('',#2058,#2057);
#2060=DIRECTION('',(5.773159728990E-13,-2.221673730107E-2,-9.997531778313E-1));
#2061=VECTOR('',#2060,1.999999999675E-2);
#2062=CARTESIAN_POINT('',(7.320412541805E0,6.617276049517E0,-1.082704564122E1));
#2063=LINE('',#2062,#2061);
#2064=DIRECTION('',(7.105427358819E-13,-2.221673729442E-2,-9.997531778314E-1));
#2065=VECTOR('',#2064,1.999999999657E-2);
#2066=CARTESIAN_POINT('',(7.324353270389E0,6.559362107937E0,-1.082575866474E1));
#2067=LINE('',#2066,#2065);
#2068=DIRECTION('',(-1.385606065155E-2,9.996572017107E-1,-2.221460445676E-2));
#2069=VECTOR('',#2068,5.007524330077E-2);
#2070=CARTESIAN_POINT('',(7.501471602679E0,6.549699784330E0,-1.084554888410E1));
#2071=LINE('',#2070,#2069);
#2072=DIRECTION('',(1.662657052516E-2,-9.996149809733E-1,2.221366620711E-2));
#2073=VECTOR('',#2072,5.007735832944E-2);
#2074=CARTESIAN_POINT('',(7.500777757071E0,6.600202196669E0,-1.082666622226E1));
#2075=LINE('',#2074,#2073);
#2076=DIRECTION('',(-6.938289072835E-3,-2.221620249845E-2,-9.997291135559E-1));
#2077=VECTOR('',#2076,2.000048141834E-2);
#2078=CARTESIAN_POINT('',(7.501610371801E0,6.550144119075E0,-1.082555382054E1));
#2079=LINE('',#2078,#2077);
#2080=DIRECTION('',(1.402439000199E-1,9.898726044615E-1,-2.199716899638E-2));
#2081=VECTOR('',#2080,3.825256954012E-2);
#2082=CARTESIAN_POINT('',(7.500777757071E0,6.599757861923E0,-1.084666128582E1));
#2083=LINE('',#2082,#2081);
#2084=DIRECTION('',(-1.402439000186E-1,-9.898726044620E-1,2.199716898342E-2));
#2085=VECTOR('',#2084,3.825256954014E-2);
#2086=CARTESIAN_POINT('',(7.506142446609E0,6.638067367307E0,-1.082750767050E1));
#2087=LINE('',#2086,#2085);
#2088=DIRECTION('',(-6.661338146767E-13,-2.221673729204E-2,-9.997531778315E-1));
#2089=VECTOR('',#2088,2.000000000296E-2);
#2090=CARTESIAN_POINT('',(7.500777757071E0,6.600202196669E0,-1.082666622226E1));
#2091=LINE('',#2090,#2089);
#2092=DIRECTION('',(1.776356839094E-12,-2.221673729331E-2,-9.997531778314E-1));
#2093=VECTOR('',#2092,2.000000000345E-2);
#2094=CARTESIAN_POINT('',(7.506142446609E0,6.638067367307E0,-1.082750767050E1));
#2095=LINE('',#2094,#2093);
#2096=DIRECTION('',(-7.105427357397E-13,-2.221673729819E-2,-9.997531778313E-1));
#2097=VECTOR('',#2096,2.000000000057E-2);
#2098=CARTESIAN_POINT('',(7.517666594326E0,6.663692335661E0,-1.082807711424E1));
#2099=LINE('',#2098,#2097);
#2100=DIRECTION('',(-3.019806627132E-12,-2.221673729382E-2,-9.997531778314E-1));
#2101=VECTOR('',#2100,1.999999999899E-2);
#2102=CARTESIAN_POINT('',(7.549395847439E0,6.690372004221E0,-1.082866999577E1));
#2103=LINE('',#2102,#2101);
#2104=DIRECTION('',(9.966258670898E-1,8.205824659745E-2,-1.823516594240E-3));
#2105=VECTOR('',#2104,6.478409544243E-2);
#2106=CARTESIAN_POINT('',(7.597592899781E0,6.705899525984E0,-1.084901998947E1));
#2107=LINE('',#2106,#2105);
#2108=DIRECTION('',(-9.966258670894E-1,-8.205824660306E-2,1.823516580555E-3));
#2109=VECTOR('',#2108,6.478409544253E-2);
#2110=CARTESIAN_POINT('',(7.662158405075E0,6.711659930009E0,-1.082914306078E1));
#2111=LINE('',#2110,#2109);
#2112=DIRECTION('',(3.286260152504E-12,-2.221673726953E-2,-9.997531778320E-1));
#2113=VECTOR('',#2112,2.000000000235E-2);
#2114=CARTESIAN_POINT('',(7.597592899781E0,6.706343860729E0,-1.082902492591E1));
#2115=LINE('',#2114,#2113);
#2116=DIRECTION('',(9.978658818774E-1,-6.528075751967E-2,1.450683531309E-3));
#2117=VECTOR('',#2116,5.549679280128E-2);
#2118=CARTESIAN_POINT('',(7.662158405075E0,6.711215595263E0,-1.084913812434E1));
#2119=LINE('',#2118,#2117);
#2120=DIRECTION('',(-9.978658818774E-1,6.528075752078E-2,-1.450683478816E-3));
#2121=VECTOR('',#2120,5.549679280125E-2);
#2122=CARTESIAN_POINT('',(7.717536761165E0,6.708037057335E0,-1.082906255250E1));
#2123=LINE('',#2122,#2121);
#2124=DIRECTION('',(-1.332267629334E-13,-2.221673728714E-2,-9.997531778316E-1));
#2125=VECTOR('',#2124,2.000000000325E-2);
#2126=CARTESIAN_POINT('',(7.662158405075E0,6.711659930009E0,-1.082914306078E1));
#2127=LINE('',#2126,#2125);
#2128=DIRECTION('',(1.243449787559E-12,-2.221673728731E-2,-9.997531778316E-1));
#2129=VECTOR('',#2128,2.000000000033E-2);
#2130=CARTESIAN_POINT('',(7.717536761165E0,6.708037057335E0,-1.082906255250E1));
#2131=LINE('',#2130,#2129);
#2132=DIRECTION('',(-7.949196856623E-12,-2.221673727993E-2,-9.997531778317E-1));
#2133=VECTOR('',#2132,1.999999999923E-2);
#2134=CARTESIAN_POINT('',(7.762540545755E0,6.697196815867E0,-1.082882165825E1));
#2135=LINE('',#2134,#2133);
#2136=DIRECTION('',(-2.531308495949E-12,-2.221673730284E-2,-9.997531778312E-1));
#2137=VECTOR('',#2136,2.000000000155E-2);
#2138=CARTESIAN_POINT('',(7.797169758840E0,6.679186502545E0,-1.082842142906E1));
#2139=LINE('',#2138,#2137);
#2140=DIRECTION('',(-2.398081732820E-12,-2.221673729976E-2,-9.997531778313E-1));
#2141=VECTOR('',#2140,2.000000000309E-2);
#2142=CARTESIAN_POINT('',(7.822299592304E0,6.655931063138E0,-1.082790464152E1));
#2143=LINE('',#2142,#2141);
#2144=DIRECTION('',(-1.643130076331E-12,-2.221673729862E-2,-9.997531778313E-1));
#2145=VECTOR('',#2144,2.000000000139E-2);
#2146=CARTESIAN_POINT('',(7.838772122191E0,6.629748002576E0,-1.082732279573E1));
#2147=LINE('',#2146,#2145);
#2148=DIRECTION('',(-2.915349706041E-2,-9.993282292141E-1,2.220729395826E-2));
#2149=VECTOR('',#2148,2.528723517872E-2);
#2150=CARTESIAN_POINT('',(7.846397329897E0,6.600178796026E0,-1.084667063991E1));
#2151=LINE('',#2150,#2149);
#2152=DIRECTION('',(3.497765682865E-2,9.991414234073E-1,-2.220314289326E-2));
#2153=VECTOR('',#2152,2.529196304057E-2);
#2154=CARTESIAN_POINT('',(7.845660118560E0,6.575352882819E0,-1.082611401529E1));
#2155=LINE('',#2154,#2153);
#2156=DIRECTION('',(-7.371913045521E-3,-2.221613361357E-2,-9.997260116178E-1));
#2157=VECTOR('',#2156,2.000054347184E-2);
#2158=CARTESIAN_POINT('',(7.846544772164E0,6.600623130772E0,-1.082667557636E1));
#2159=LINE('',#2158,#2157);
#2160=DIRECTION('',(-1.421085471300E-12,-2.221673728958E-2,-9.997531778315E-1));
#2161=VECTOR('',#2160,2.000000000309E-2);
#2162=CARTESIAN_POINT('',(7.845660118560E0,6.575352882819E0,-1.082611401529E1));
#2163=LINE('',#2162,#2161);
#2164=DIRECTION('',(-5.684341885385E-12,-2.221673728528E-2,-9.997531778316E-1));
#2165=VECTOR('',#2164,2.000000000245E-2);
#2166=CARTESIAN_POINT('',(7.837073776907E0,6.552783235543E0,-1.082561246757E1));
#2167=LINE('',#2166,#2165);
#2168=DIRECTION('',(7.860379014778E-12,-2.221673726848E-2,-9.997531778320E-1));
#2169=VECTOR('',#2168,1.999999999890E-2);
#2170=CARTESIAN_POINT('',(7.820766823748E0,6.532956755988E0,-1.082517187914E1));
#2171=LINE('',#2170,#2169);
#2172=DIRECTION('',(2.309263891164E-12,-2.221673730166E-2,-9.997531778312E-1));
#2173=VECTOR('',#2172,2.000000000049E-2);
#2174=CARTESIAN_POINT('',(7.798002373972E0,6.516705853376E0,-1.082481074797E1));
#2175=LINE('',#2174,#2173);
#2176=DIRECTION('',(-1.065814103568E-12,-2.221673729728E-2,-9.997531778313E-1));
#2177=VECTOR('',#2176,2.000000000136E-2);
#2178=CARTESIAN_POINT('',(7.757750515020E0,6.494817125468E0,-1.082432433179E1));
#2179=LINE('',#2178,#2177);
#2180=DIRECTION('',(-5.906386490892E-12,-2.221673729552E-2,-9.997531778314E-1));
#2181=VECTOR('',#2180,2.000000000038E-2);
#2182=CARTESIAN_POINT('',(7.639729839424E0,6.438743140855E0,-1.082307824325E1));
#2183=LINE('',#2182,#2181);
#2184=DIRECTION('',(2.131628206988E-12,-2.221673729552E-2,-9.997531778314E-1));
#2185=VECTOR('',#2184,2.000000000274E-2);
#2186=CARTESIAN_POINT('',(7.591627402702E0,6.413491810872E0,-1.082251710258E1));
#2187=LINE('',#2186,#2185);
#2188=DIRECTION('',(3.508304757037E-12,-2.221673730402E-2,-9.997531778312E-1));
#2189=VECTOR('',#2188,2.000000000444E-2);
#2190=CARTESIAN_POINT('',(7.555716152093E0,6.391555930102E0,-1.082202963856E1));
#2191=LINE('',#2190,#2189);
#2192=DIRECTION('',(-1.332267629454E-12,-2.221673729883E-2,-9.997531778313E-1));
#2193=VECTOR('',#2192,2.000000000144E-2);
#2194=CARTESIAN_POINT('',(7.528386512082E0,6.369270058825E0,-1.082153439698E1));
#2195=LINE('',#2194,#2193);
#2196=DIRECTION('',(9.725553694458E-12,-2.221673726203E-2,-9.997531778321E-1));
#2197=VECTOR('',#2196,2.000000000259E-2);
#2198=CARTESIAN_POINT('',(7.506000523582E0,6.343030243143E0,-1.082095128996E1));
#2199=LINE('',#2198,#2197);
#2200=DIRECTION('',(8.570921750082E-12,-2.221673726018E-2,-9.997531778322E-1));
#2201=VECTOR('',#2200,2.000000000006E-2);
#2202=CARTESIAN_POINT('',(7.488629147707E0,6.312789186119E0,-1.082027926647E1));
#2203=LINE('',#2202,#2201);
#2204=DIRECTION('',(-1.245234391954E-1,-9.919717653361E-1,2.204381697765E-2));
#2205=VECTOR('',#2204,3.812394286664E-2);
#2206=CARTESIAN_POINT('',(7.477076615222E0,6.278112012797E0,-1.083951360028E1));
#2207=LINE('',#2206,#2205);
#2208=DIRECTION('',(1.311728816411E-1,9.911148190109E-1,-2.202477375724E-2));
#2209=VECTOR('',#2208,3.815690592202E-2);
#2210=CARTESIAN_POINT('',(7.472071463918E0,6.240738472636E0,-1.081867813951E1));
#2211=LINE('',#2210,#2209);
#2212=DIRECTION('',(-1.332267629782E-12,-2.221673730492E-2,-9.997531778312E-1));
#2213=VECTOR('',#2212,1.999999999652E-2);
#2214=CARTESIAN_POINT('',(7.477076615222E0,6.278556347543E0,-1.081951853673E1));
#2215=LINE('',#2214,#2213);
#2216=DIRECTION('',(3.104270613718E-2,-9.992713558504E-1,2.220603009548E-2));
#2217=VECTOR('',#2216,4.152776206283E-2);
#2218=CARTESIAN_POINT('',(7.472329290741E0,6.240294137890E0,-1.083867320306E1));
#2219=LINE('',#2218,#2217);
#2220=DIRECTION('',(-3.724335250108E-2,9.990595747552E-1,-2.220132393287E-2));
#2221=VECTOR('',#2220,4.153656513650E-2);
#2222=CARTESIAN_POINT('',(7.473618424855E0,6.199240969534E0,-1.081775597277E1));
#2223=LINE('',#2222,#2221);
#2224=DIRECTION('',(1.289027009209E-2,-2.221489147435E-2,-9.996701153549E-1));
#2225=VECTOR('',#2224,2.000166179543E-2);
#2226=CARTESIAN_POINT('',(7.472071463918E0,6.240738472636E0,-1.081867813951E1));
#2227=LINE('',#2226,#2225);
#2228=DIRECTION('',(9.325873406296E-13,-2.221673729777E-2,-9.997531778313E-1));
#2229=VECTOR('',#2228,2.000000000119E-2);
#2230=CARTESIAN_POINT('',(7.473618424855E0,6.199240969534E0,-1.081775597277E1));
#2231=LINE('',#2230,#2229);
#2232=DIRECTION('',(2.975397705955E-12,-2.221673729493E-2,-9.997531778314E-1));
#2233=VECTOR('',#2232,2.000000000027E-2);
#2234=CARTESIAN_POINT('',(7.490720146652E0,6.127776726422E0,-1.081616787848E1));
#2235=LINE('',#2234,#2233);
#2236=DIRECTION('',(-8.926193118683E-12,-2.221673727210E-2,-9.997531778319E-1));
#2237=VECTOR('',#2236,1.999999999844E-2);
#2238=CARTESIAN_POINT('',(7.525169590621E0,6.064972379560E0,-1.081477222633E1));
#2239=LINE('',#2238,#2237);
#2240=DIRECTION('',(-3.197442310949E-12,-2.221673730250E-2,-9.997531778312E-1));
#2241=VECTOR('',#2240,1.999999999982E-2);
#2242=CARTESIAN_POINT('',(7.576966756362E0,6.010690770042E0,-1.081356596834E1));
#2243=LINE('',#2242,#2241);
#2244=DIRECTION('',(-6.661338147256E-13,-2.221673729798E-2,-9.997531778313E-1));
#2245=VECTOR('',#2244,2.000000000149E-2);
#2246=CARTESIAN_POINT('',(7.644668760275E0,5.969136511821E0,-1.081264254038E1));
#2247=LINE('',#2246,#2245);
#2248=DIRECTION('',(-8.881784195677E-14,-2.221673728872E-2,-9.997531778315E-1));
#2249=VECTOR('',#2248,2.000000000298E-2);
#2250=CARTESIAN_POINT('',(7.726861102734E0,5.944202065091E0,-1.081208844156E1));
#2251=LINE('',#2250,#2249);
#2252=DIRECTION('',(-4.884981308451E-13,-2.221673726230E-2,-9.997531778321E-1));
#2253=VECTOR('',#2252,1.999999999959E-2);
#2254=CARTESIAN_POINT('',(7.823543783737E0,5.935892159747E0,-1.081190377700E1));
#2255=LINE('',#2254,#2253);
#2256=DIRECTION('',(-7.549516568058E-13,-2.221673729085E-2,-9.997531778315E-1));
#2257=VECTOR('',#2256,1.999999999839E-2);
#2258=CARTESIAN_POINT('',(7.920269041888E0,5.944135850986E0,-1.081208697014E1));
#2259=LINE('',#2258,#2257);
#2260=DIRECTION('',(2.176037128361E-12,-2.221673730185E-2,-9.997531778312E-1));
#2261=VECTOR('',#2260,1.999999999912E-2);
#2262=CARTESIAN_POINT('',(7.999244462888E0,5.968857465717E0,-1.081263633935E1));
#2263=LINE('',#2262,#2261);
#2264=DIRECTION('',(-2.398081733618E-12,-2.221673730527E-2,-9.997531778312E-1));
#2265=VECTOR('',#2264,1.999999999644E-2);
#2266=CARTESIAN_POINT('',(8.060474777799E0,6.010057003939E0,-1.081355188465E1));
#2267=LINE('',#2266,#2265);
#2268=DIRECTION('',(-2.664535259519E-12,-2.221673730174E-2,-9.997531778312E-1));
#2269=VECTOR('',#2268,1.999999999686E-2);
#2270=CARTESIAN_POINT('',(8.103515294083E0,6.065104808172E0,-1.081477516919E1));
#2271=LINE('',#2270,#2269);
#2272=DIRECTION('',(7.739107211732E-2,9.967547315161E-1,-2.215010511983E-2));
#2273=VECTOR('',#2272,7.708249180148E-2);
#2274=CARTESIAN_POINT('',(8.128020666299E0,6.130548519127E0,-1.083623441154E1));
#2275=LINE('',#2274,#2273);
#2276=DIRECTION('',(-7.739107211713E-2,-9.967547315158E-1,2.215010513387E-2));
#2277=VECTOR('',#2276,7.708249180220E-2);
#2278=CARTESIAN_POINT('',(8.133986162981E0,6.207825192293E0,-1.081794673328E1));
#2279=LINE('',#2278,#2277);
#2280=DIRECTION('',(2.753353101126E-12,-2.221673725514E-2,-9.997531778323E-1));
#2281=VECTOR('',#2280,1.999999999960E-2);
#2282=CARTESIAN_POINT('',(8.128020666299E0,6.130992853872E0,-1.081623934798E1));
#2283=LINE('',#2282,#2281);
#2284=DIRECTION('',(-1.065814103527E-12,2.221673725051E-2,9.997531778324E-1));
#2285=VECTOR('',#2284,2.000000000212E-2);
#2286=CARTESIAN_POINT('',(7.955612600781E0,6.215331313400E0,-1.083811847363E1));
#2287=LINE('',#2286,#2285);
#2288=DIRECTION('',(7.993605777893E-13,-2.221673729093E-2,-9.997531778315E-1));
#2289=VECTOR('',#2288,1.999999999852E-2);
#2290=CARTESIAN_POINT('',(8.133986162981E0,6.207825192293E0,-1.081794673328E1));
#2291=LINE('',#2290,#2289);
#2292=DIRECTION('',(-4.352074256028E-12,-2.221673728086E-2,-9.997531778317E-1));
#2293=VECTOR('',#2292,2.000000000231E-2);
#2294=CARTESIAN_POINT('',(8.938599712283E0,5.947418192542E0,-1.081215991106E1));
#2295=LINE('',#2294,#2293);
#2296=DIRECTION('',(-4.440892097818E-12,-2.221673728192E-2,-9.997531778317E-1));
#2297=VECTOR('',#2296,2.000000000307E-2);
#2298=CARTESIAN_POINT('',(9.024647629428E0,5.981991562639E0,-1.081292820817E1));
#2299=LINE('',#2298,#2297);
#2300=DIRECTION('',(1.083577672034E-11,-2.221673726276E-2,-9.997531778321E-1));
#2301=VECTOR('',#2300,2.000000000001E-2);
#2302=CARTESIAN_POINT('',(9.093887132560E0,6.039607539339E0,-1.081420856321E1));
#2303=LINE('',#2302,#2301);
#2304=DIRECTION('',(7.727152252019E-12,-2.221673726888E-2,-9.997531778320E-1));
#2305=VECTOR('',#2304,1.999999999838E-2);
#2306=CARTESIAN_POINT('',(9.142571453780E0,6.116260152612E0,-1.081591195462E1));
#2307=LINE('',#2306,#2305);
#2308=DIRECTION('',(-3.587942932118E-3,9.997467427323E-1,-2.221659428721E-2));
#2309=VECTOR('',#2308,1.065801313717E-1);
#2310=CARTESIAN_POINT('',(9.166550922117E0,6.207465990025E0,-1.083794368867E1));
#2311=LINE('',#2310,#2309);
#2312=DIRECTION('',(4.305519325174E-3,-9.997439113278E-1,2.221653137310E-2));
#2313=VECTOR('',#2312,1.065804332206E-1);
#2314=CARTESIAN_POINT('',(9.166168518688E0,6.314463463950E0,-1.082031647265E1));
#2315=LINE('',#2314,#2313);
#2316=DIRECTION('',(-3.824006331844E-3,-2.221657485963E-2,-9.997458680970E-1));
#2317=VECTOR('',#2316,2.000014623105E-2);
#2318=CARTESIAN_POINT('',(9.166627402803E0,6.207910324771E0,-1.081794862511E1));
#2319=LINE('',#2318,#2317);
#2320=DIRECTION('',(1.598721155576E-12,-2.221673730554E-2,-9.997531778312E-1));
#2321=VECTOR('',#2320,1.999999999856E-2);
#2322=CARTESIAN_POINT('',(9.166168518688E0,6.314463463950E0,-1.082031647265E1));
#2323=LINE('',#2322,#2321);
#2324=DIRECTION('',(-1.243449787524E-12,-2.221673729175E-2,-9.997531778315E-1));
#2325=VECTOR('',#2324,2.000000000090E-2);
#2326=CARTESIAN_POINT('',(9.148290950889E0,6.408464247085E0,-1.082240537894E1));
#2327=LINE('',#2326,#2325);
#2328=DIRECTION('',(-1.136868377046E-11,-2.221673726176E-2,-9.997531778321E-1));
#2329=VECTOR('',#2328,2.000000000299E-2);
#2330=CARTESIAN_POINT('',(9.115800044563E0,6.500331981137E0,-1.082444688414E1));
#2331=LINE('',#2330,#2329);
#2332=DIRECTION('',(5.329070517299E-12,-2.221673729405E-2,-9.997531778314E-1));
#2333=VECTOR('',#2332,2.000000000338E-2);
#2334=CARTESIAN_POINT('',(9.068629568446E0,6.590161257571E0,-1.082644309028E1));
#2335=LINE('',#2334,#2333);
#2336=DIRECTION('',(-1.092459456081E-11,-2.221673725900E-2,-9.997531778322E-1));
#2337=VECTOR('',#2336,2.000000000275E-2);
#2338=CARTESIAN_POINT('',(9.009565945062E0,6.672139399511E0,-1.082826482677E1));
#2339=LINE('',#2338,#2337);
#2340=DIRECTION('',(-3.286260152561E-12,-2.221673730233E-2,-9.997531778312E-1));
#2341=VECTOR('',#2340,2.000000000201E-2);
#2342=CARTESIAN_POINT('',(8.941400325976E0,6.740434811307E0,-1.082978250259E1));
#2343=LINE('',#2342,#2341);
#2344=DIRECTION('',(6.217248938223E-12,-2.221673729545E-2,-9.997531778314E-1));
#2345=VECTOR('',#2344,1.999999999896E-2);
#2346=CARTESIAN_POINT('',(8.864146903968E0,6.795042763063E0,-1.083099601263E1));
#2347=LINE('',#2346,#2345);
#2348=DIRECTION('',(1.687538997336E-12,-2.221673728799E-2,-9.997531778315E-1));
#2349=VECTOR('',#2348,2.000000000112E-2);
#2350=CARTESIAN_POINT('',(8.779707447550E0,6.834988957559E0,-1.083188370584E1));
#2351=LINE('',#2350,#2349);
#2352=DIRECTION('',(-8.881784195541E-14,-2.221673729500E-2,-9.997531778314E-1));
#2353=VECTOR('',#2352,2.000000000329E-2);
#2354=CARTESIAN_POINT('',(8.690452070267E0,6.858925458800E0,-1.083241562809E1));
#2355=LINE('',#2354,#2353);
#2356=DIRECTION('',(-9.967530210827E-1,-8.049978171518E-2,1.788884073908E-3));
#2357=VECTOR('',#2356,7.890520172047E-2);
#2358=CARTESIAN_POINT('',(8.596314541665E0,6.866455228175E0,-1.085258789396E1));
#2359=LINE('',#2358,#2357);
#2360=DIRECTION('',(9.967530210830E-1,8.049978171329E-2,-1.788884007364E-3));
#2361=VECTOR('',#2360,7.890520172034E-2);
#2362=CARTESIAN_POINT('',(8.517665543471E0,6.860547711406E0,-1.083245167815E1));
#2363=LINE('',#2362,#2361);
#2364=DIRECTION('',(4.440892097951E-13,-2.221673727023E-2,-9.997531778319E-1));
#2365=VECTOR('',#2364,2.000000000248E-2);
#2366=CARTESIAN_POINT('',(8.596314541665E0,6.866899562920E0,-1.083259283040E1));
#2367=LINE('',#2366,#2365);
#2368=DIRECTION('',(-4.707345625063E-12,-2.221673728397E-2,-9.997531778316E-1));
#2369=VECTOR('',#2368,1.999999999723E-2);
#2370=CARTESIAN_POINT('',(8.517665543471E0,6.860547711406E0,-1.083245167815E1));
#2371=LINE('',#2370,#2369);
#2372=DIRECTION('',(3.552713679327E-12,-2.221673726420E-2,-9.997531778321E-1));
#2373=VECTOR('',#2372,1.999999999704E-2);
#2374=CARTESIAN_POINT('',(8.449372193737E0,6.841539452192E0,-1.083202927239E1));
#2375=LINE('',#2374,#2373);
#2376=DIRECTION('',(-1.083577672225E-11,-2.221673729120E-2,-9.997531778315E-1));
#2377=VECTOR('',#2376,1.999999999647E-2);
#2378=CARTESIAN_POINT('',(8.391420300477E0,6.809917352322E0,-1.083132655906E1));
#2379=LINE('',#2378,#2377);
#2380=DIRECTION('',(-7.904787936131E-12,-2.221673729162E-2,-9.997531778315E-1));
#2381=VECTOR('',#2380,1.999999999798E-2);
#2382=CARTESIAN_POINT('',(8.344727631923E0,6.768779299114E0,-1.083041238010E1));
#2383=LINE('',#2382,#2381);
#2384=DIRECTION('',(-7.993605776248E-13,-2.221673729493E-2,-9.997531778314E-1));
#2385=VECTOR('',#2384,2.000000000264E-2);
#2386=CARTESIAN_POINT('',(8.309696303854E0,6.721587358868E0,-1.082936367031E1));
#2387=LINE('',#2386,#2385);
#2388=DIRECTION('',(-3.552713678456E-13,-2.221673729801E-2,-9.997531778313E-1));
#2389=VECTOR('',#2388,2.000000000194E-2);
#2390=CARTESIAN_POINT('',(8.286283738723E0,6.668289505958E0,-1.082817927358E1));
#2391=LINE('',#2390,#2389);
#2392=DIRECTION('',(-9.766481435267E-2,-9.949737225806E-1,2.211052716539E-2));
#2393=VECTOR('',#2392,5.706091246975E-2);
#2394=CARTESIAN_POINT('',(8.272796322704E0,6.611496727119E0,-1.084692214949E1));
#2395=LINE('',#2394,#2393);
#2396=DIRECTION('',(9.766481435311E-2,9.949737225814E-1,-2.211052712901E-2));
#2397=VECTOR('',#2396,5.706091246884E-2);
#2398=CARTESIAN_POINT('',(8.267223479281E0,6.555166953371E0,-1.082566543908E1));
#2399=LINE('',#2398,#2397);
#2400=DIRECTION('',(2.930988784463E-12,-2.221673725076E-2,-9.997531778324E-1));
#2401=VECTOR('',#2400,2.000000000373E-2);
#2402=CARTESIAN_POINT('',(8.272796322704E0,6.611941061864E0,-1.082692708593E1));
#2403=LINE('',#2402,#2401);
#2404=DIRECTION('',(4.172333440007E-2,-9.988825953032E-1,2.219739099393E-2));
#2405=VECTOR('',#2404,5.725902369708E-2);
#2406=CARTESIAN_POINT('',(8.267223479281E0,6.554722618625E0,-1.084566050264E1));
#2407=LINE('',#2406,#2405);
#2408=DIRECTION('',(-4.172333439966E-2,9.988825953027E-1,-2.219739101745E-2));
#2409=VECTOR('',#2408,5.725902369708E-2);
#2410=CARTESIAN_POINT('',(8.269612516674E0,6.497971911176E0,-1.082439443814E1));
#2411=LINE('',#2410,#2409);
#2412=DIRECTION('',(-2.664535258880E-13,-2.221673729601E-2,-9.997531778314E-1));
#2413=VECTOR('',#2412,2.000000000166E-2);
#2414=CARTESIAN_POINT('',(8.267223479281E0,6.555166953371E0,-1.082566543908E1));
#2415=LINE('',#2414,#2413);
#2416=DIRECTION('',(9.769962615232E-13,-2.221673729585E-2,-9.997531778314E-1));
#2417=VECTOR('',#2416,2.000000000301E-2);
#2418=CARTESIAN_POINT('',(8.269612516674E0,6.497971911176E0,-1.082439443814E1));
#2419=LINE('',#2418,#2417);
#2420=DIRECTION('',(1.776356839217E-12,-2.221673729569E-2,-9.997531778314E-1));
#2421=VECTOR('',#2420,2.000000000207E-2);
#2422=CARTESIAN_POINT('',(8.278340781359E0,6.443940970403E0,-1.082319375057E1));
#2423=LINE('',#2422,#2421);
#2424=DIRECTION('',(-2.842170942718E-12,-2.221673725528E-2,-9.997531778323E-1));
#2425=VECTOR('',#2424,2.000000000227E-2);
#2426=CARTESIAN_POINT('',(8.292637158805E0,6.387909409159E0,-1.082194860476E1));
#2427=LINE('',#2426,#2425);
#2428=DIRECTION('',(-3.197442311263E-12,-2.221673726035E-2,-9.997531778322E-1));
#2429=VECTOR('',#2428,1.999999999786E-2);
#2430=CARTESIAN_POINT('',(8.312416494709E0,6.329957630833E0,-1.082066078747E1));
#2431=LINE('',#2430,#2429);
#2432=DIRECTION('',(-3.730349362277E-12,-2.221673725672E-2,-9.997531778322E-1));
#2433=VECTOR('',#2432,2.000000000249E-2);
#2434=CARTESIAN_POINT('',(8.345262208611E0,6.254468498914E0,-1.081898325120E1));
#2435=LINE('',#2434,#2433);
#2436=DIRECTION('',(7.993605776736E-13,-2.221673729109E-2,-9.997531778315E-1));
#2437=VECTOR('',#2436,2.000000000141E-2);
#2438=CARTESIAN_POINT('',(8.384693149778E0,6.185912959388E0,-1.081745979477E1));
#2439=LINE('',#2438,#2437);
#2440=DIRECTION('',(1.421085471349E-12,-2.221673729624E-2,-9.997531778314E-1));
#2441=VECTOR('',#2440,2.000000000241E-2);
#2442=CARTESIAN_POINT('',(8.430666741869E0,6.124238986226E0,-1.081608926203E1));
#2443=LINE('',#2442,#2441);
#2444=DIRECTION('',(-7.638334408427E-12,-2.221673726388E-2,-9.997531778321E-1));
#2445=VECTOR('',#2444,2.000000000260E-2);
#2446=CARTESIAN_POINT('',(8.483187714735E0,6.070250612093E0,-1.081488952038E1));
#2447=LINE('',#2446,#2445);
#2448=DIRECTION('',(-1.509903313440E-12,-2.221673729423E-2,-9.997531778314E-1));
#2449=VECTOR('',#2448,2.000000000066E-2);
#2450=CARTESIAN_POINT('',(8.542246607458E0,6.024368770694E0,-1.081386992391E1));
#2451=LINE('',#2450,#2449);
#2452=DIRECTION('',(7.993605776734E-13,-2.221673729521E-2,-9.997531778314E-1));
#2453=VECTOR('',#2452,2.000000000142E-2);
#2454=CARTESIAN_POINT('',(8.607772458526E0,5.986598191921E0,-1.081303057771E1));
#2455=LINE('',#2454,#2453);
#2456=DIRECTION('',(5.329070518571E-12,-2.221673728607E-2,-9.997531778316E-1));
#2457=VECTOR('',#2456,1.999999999861E-2);
#2458=CARTESIAN_POINT('',(8.679036729751E0,5.958362485262E0,-1.081240311757E1));
#2459=LINE('',#2458,#2457);
#2460=DIRECTION('',(9.975988234436E-1,-6.924030580493E-2,1.538673423439E-3));
#2461=VECTOR('',#2460,8.094381886424E-2);
#2462=CARTESIAN_POINT('',(8.754993921852E0,5.941052399773E0,-1.083202338666E1));
#2463=LINE('',#2462,#2461);
#2464=DIRECTION('',(-1.243449787485E-12,2.221673726222E-2,9.997531778321E-1));
#2465=VECTOR('',#2464,2.000000000154E-2);
#2466=CARTESIAN_POINT('',(8.835743380316E0,5.935447825002E0,-1.083189884056E1));
#2467=LINE('',#2466,#2465);
#2468=DIRECTION('',(-9.975988234437E-1,6.924030580348E-2,-1.538673421903E-3));
#2469=VECTOR('',#2468,8.094381886419E-2);
#2470=CARTESIAN_POINT('',(8.835743380316E0,5.935892159747E0,-1.081190377700E1));
#2471=LINE('',#2470,#2469);
#2472=DIRECTION('',(-7.105427357010E-13,-2.221673725604E-2,-9.997531778323E-1));
#2473=VECTOR('',#2472,2.000000000166E-2);
#2474=CARTESIAN_POINT('',(8.754993921852E0,5.941496734518E0,-1.081202832310E1));
#2475=LINE('',#2474,#2473);
#2476=DIRECTION('',(9.937768076494E-1,1.113621675647E-1,-2.474714814010E-3));
#2477=VECTOR('',#2476,1.035004350829E-1);
#2478=CARTESIAN_POINT('',(8.835743380316E0,5.935892159747E0,-1.081190377700E1));
#2479=LINE('',#2478,#2477);
#2480=DIRECTION('',(9.278703404309E-1,3.728109377442E-1,-8.284687497302E-3));
#2481=VECTOR('',#2480,9.273700580298E-2);
#2482=CARTESIAN_POINT('',(8.938599712283E0,5.947418192542E0,-1.081215991106E1));
#2483=LINE('',#2482,#2481);
#2484=DIRECTION('',(7.685999384833E-1,6.395718360821E-1,-1.421270748480E-2));
#2485=VECTOR('',#2484,9.008523116538E-2);
#2486=CARTESIAN_POINT('',(9.024647629428E0,5.981991562639E0,-1.081292820817E1));
#2487=LINE('',#2486,#2485);
#2488=DIRECTION('',(5.360393674849E-1,8.439846198018E-1,-1.875521379342E-2));
#2489=VECTOR('',#2488,9.082228689323E-2);
#2490=CARTESIAN_POINT('',(9.093887132560E0,6.039607539339E0,-1.081420856321E1));
#2491=LINE('',#2490,#2489);
#2492=DIRECTION('',(2.538175733145E-1,9.670133682447E-1,-2.148918595100E-2));
#2493=VECTOR('',#2492,9.477653067523E-2);
#2494=CARTESIAN_POINT('',(9.142571453780E0,6.116260152612E0,-1.081591195462E1));
#2495=LINE('',#2494,#2493);
#2496=DIRECTION('',(-1.867918378290E-1,9.821570381658E-1,-2.182571194161E-2));
#2497=VECTOR('',#2496,9.570850636110E-2);
#2498=CARTESIAN_POINT('',(9.166168518688E0,6.314463463950E0,-1.082031647265E1));
#2499=LINE('',#2498,#2497);
#2500=DIRECTION('',(-3.333583099661E-1,9.425675066446E-1,-2.094594458006E-2));
#2501=VECTOR('',#2500,9.746541590365E-2);
#2502=CARTESIAN_POINT('',(9.148290950889E0,6.408464247085E0,-1.082240537894E1));
#2503=LINE('',#2502,#2501);
#2504=DIRECTION('',(-4.648220249201E-1,8.851855992544E-1,-1.967079108117E-2));
#2505=VECTOR('',#2504,1.014807250697E-1);
#2506=CARTESIAN_POINT('',(9.115800044563E0,6.500331981137E0,-1.082444688414E1));
#2507=LINE('',#2506,#2505);
#2508=DIRECTION('',(-5.844662668185E-1,8.112177315820E-1,-1.802706071882E-2));
#2509=VECTOR('',#2508,1.010556583622E-1);
#2510=CARTESIAN_POINT('',(9.068629568446E0,6.590161257571E0,-1.082644309028E1));
#2511=LINE('',#2510,#2509);
#2512=DIRECTION('',(-7.063465446718E-1,7.076914841495E-1,-1.572647743453E-2));
#2513=VECTOR('',#2512,9.650449853583E-2);
#2514=CARTESIAN_POINT('',(9.009565945062E0,6.672139399511E0,-1.082826482677E1));
#2515=LINE('',#2514,#2513);
#2516=DIRECTION('',(-8.165214178985E-1,5.771726486302E-1,-1.282605887071E-2));
#2517=VECTOR('',#2516,9.461285437793E-2);
#2518=CARTESIAN_POINT('',(8.941400325976E0,6.740434811307E0,-1.082978250259E1));
#2519=LINE('',#2518,#2517);
#2520=DIRECTION('',(-9.039099706829E-1,4.276171949434E-1,-9.502604319191E-3));
#2521=VECTOR('',#2520,9.341578161155E-2);
#2522=CARTESIAN_POINT('',(8.864146903968E0,6.795042763063E0,-1.083099601263E1));
#2523=LINE('',#2522,#2521);
#2524=DIRECTION('',(-9.658540863273E-1,2.590226856897E-1,-5.756059673960E-3));
#2525=VECTOR('',#2524,9.241082948918E-2);
#2526=CARTESIAN_POINT('',(8.779707447550E0,6.834988957559E0,-1.083188370584E1));
#2527=LINE('',#2526,#2525);
#2528=DIRECTION('',(-9.964298044330E-1,8.440454223757E-2,-1.875656487607E-3));
#2529=VECTOR('',#2528,9.447482219338E-2);
#2530=CARTESIAN_POINT('',(8.690452070267E0,6.858925458800E0,-1.083241562809E1));
#2531=LINE('',#2530,#2529);
#2532=DIRECTION('',(-9.633628649570E-1,-2.681352009425E-1,5.958560010131E-3));
#2533=VECTOR('',#2532,7.089057739121E-2);
#2534=CARTESIAN_POINT('',(8.517665543471E0,6.860547711406E0,-1.083245167815E1));
#2535=LINE('',#2534,#2533);
#2536=DIRECTION('',(-8.777695762012E-1,-4.789648040809E-1,1.064366230626E-2));
#2537=VECTOR('',#2536,6.602176109913E-2);
#2538=CARTESIAN_POINT('',(8.449372193737E0,6.841539452192E0,-1.083202927239E1));
#2539=LINE('',#2538,#2537);
#2540=DIRECTION('',(-7.502458772340E-1,-6.609957360072E-1,1.468879415279E-2));
#2541=VECTOR('',#2540,6.223648802447E-2);
#2542=CARTESIAN_POINT('',(8.391420300477E0,6.809917352322E0,-1.083132655906E1));
#2543=LINE('',#2542,#2541);
#2544=DIRECTION('',(-5.959490568225E-1,-8.028240386354E-1,1.784053422860E-2));
#2545=VECTOR('',#2544,5.878242052406E-2);
#2546=CARTESIAN_POINT('',(8.344727631923E0,6.768779299114E0,-1.083041238010E1));
#2547=LINE('',#2546,#2545);
#2548=DIRECTION('',(-4.021013785792E-1,-9.153691622613E-1,2.034153695489E-2));
#2549=VECTOR('',#2548,5.822552813360E-2);
#2550=CARTESIAN_POINT('',(8.309696303854E0,6.721587358868E0,-1.082936367031E1));
#2551=LINE('',#2550,#2549);
#2552=DIRECTION('',(-2.327276380822E-1,-9.723019060959E-1,2.160670902831E-2));
#2553=VECTOR('',#2552,5.795364972622E-2);
#2554=CARTESIAN_POINT('',(8.286283738723E0,6.668289505958E0,-1.082817927358E1));
#2555=LINE('',#2554,#2553);
#2556=DIRECTION('',(1.594362021371E-1,-9.869645692098E-1,2.193254596786E-2));
#2557=VECTOR('',#2556,5.474455969196E-2);
#2558=CARTESIAN_POINT('',(8.269612516674E0,6.497971911176E0,-1.082439443814E1));
#2559=LINE('',#2558,#2557);
#2560=DIRECTION('',(2.471708571759E-1,-9.687327488276E-1,2.152739445335E-2));
#2561=VECTOR('',#2560,5.784006095768E-2);
#2562=CARTESIAN_POINT('',(8.278340781359E0,6.443940970403E0,-1.082319375057E1));
#2563=LINE('',#2562,#2561);
#2564=DIRECTION('',(3.229396957874E-1,-9.461859464761E-1,2.102635431847E-2));
#2565=VECTOR('',#2564,6.124776904784E-2);
#2566=CARTESIAN_POINT('',(8.292637158805E0,6.387909409159E0,-1.082194860476E1));
#2567=LINE('',#2566,#2565);
#2568=DIRECTION('',(3.988920683927E-1,-9.167715477825E-1,2.037270109302E-2));
#2569=VECTOR('',#2568,8.234235901120E-2);
#2570=CARTESIAN_POINT('',(8.312416494709E0,6.329957630833E0,-1.082066078747E1));
#2571=LINE('',#2570,#2569);
#2572=DIRECTION('',(4.984879781438E-1,-8.666826425545E-1,1.925961424657E-2));
#2573=VECTOR('',#2572,7.910108748016E-2);
#2574=CARTESIAN_POINT('',(8.345262208611E0,6.254468498914E0,-1.081898325120E1));
#2575=LINE('',#2574,#2573);
#2576=DIRECTION('',(5.975572970976E-1,-8.016283050331E-1,1.781396236294E-2));
#2577=VECTOR('',#2576,7.693587261680E-2);
#2578=CARTESIAN_POINT('',(8.384693149778E0,6.185912959388E0,-1.081745979477E1));
#2579=LINE('',#2578,#2577);
#2580=DIRECTION('',(6.972102095402E-1,-7.166898019510E-1,1.592644004059E-2));
#2581=VECTOR('',#2580,7.533018327553E-2);
#2582=CARTESIAN_POINT('',(8.430666741869E0,6.124238986226E0,-1.081608926203E1));
#2583=LINE('',#2582,#2581);
#2584=DIRECTION('',(7.896211992909E-1,-6.134431744535E-1,1.363207052635E-2));
#2585=VECTOR('',#2584,7.479395534944E-2);
#2586=CARTESIAN_POINT('',(8.483187714735E0,6.070250612093E0,-1.081488952038E1));
#2587=LINE('',#2586,#2585);
#2588=DIRECTION('',(8.663198789206E-1,-4.993663217777E-1,1.109702938948E-2));
#2589=VECTOR('',#2588,7.563701660608E-2);
#2590=CARTESIAN_POINT('',(8.542246607458E0,6.024368770694E0,-1.081386992391E1));
#2591=LINE('',#2590,#2589);
#2592=DIRECTION('',(9.296551808132E-1,-3.683398500846E-1,8.185329975254E-3));
#2593=VECTOR('',#2592,7.665667087732E-2);
#2594=CARTESIAN_POINT('',(8.607772458526E0,5.986598191921E0,-1.081303057771E1));
#2595=LINE('',#2594,#2593);
#2596=DIRECTION('',(9.762128037680E-1,-2.167610645676E-1,4.816912587885E-3));
#2597=VECTOR('',#2596,7.780802690541E-2);
#2598=CARTESIAN_POINT('',(8.679036729751E0,5.958362485262E0,-1.081240311757E1));
#2599=LINE('',#2598,#2597);
#2600=DIRECTION('',(-8.802642512129E-1,4.743666569316E-1,-1.054148130618E-2));
#2601=VECTOR('',#2600,8.889559443998E-2);
#2602=CARTESIAN_POINT('',(8.717360671854E0,6.104544935685E0,-1.081565161646E1));
#2603=LINE('',#2602,#2601);
#2604=DIRECTION('',(-7.064162607017E-1,7.076219281069E-1,-1.572493174882E-2));
#2605=VECTOR('',#2604,9.938801544071E-2);
#2606=CARTESIAN_POINT('',(8.639109057978E0,6.146714041635E0,-1.081658870771E1));
#2607=LINE('',#2606,#2605);
#2608=DIRECTION('',(-5.472714387538E-1,8.367486003076E-1,-1.859441334358E-2));
#2609=VECTOR('',#2608,1.039128729693E-1);
#2610=CARTESIAN_POINT('',(8.568899747752E0,6.217043180752E0,-1.081815157747E1));
#2611=LINE('',#2610,#2609);
#2612=DIRECTION('',(-3.859923827020E-1,9.222742738109E-1,-2.049498383759E-2));
#2613=VECTOR('',#2612,1.002305038383E-1);
#2614=CARTESIAN_POINT('',(8.512031200257E0,6.303992131763E0,-1.082008377638E1));
#2615=LINE('',#2614,#2613);
#2616=DIRECTION('',(-2.038164960344E-1,9.787674680736E-1,-2.175038815698E-2));
#2617=VECTOR('',#2616,1.001086661529E-1);
#2618=CARTESIAN_POINT('',(8.473342989261E0,6.396432146904E0,-1.082213799894E1));
#2619=LINE('',#2618,#2617);
#2620=CARTESIAN_POINT('',(8.452939191703E0,6.494415252607E0,-1.082431540128E1));
#2621=CARTESIAN_POINT('',(8.452868230676E0,6.513897951041E0,-1.082474835014E1));
#2622=CARTESIAN_POINT('',(8.452832749280E0,6.533380940095E0,-1.082518130545E1));
#2623=CARTESIAN_POINT('',(8.452761788253E0,6.552863638529E0,-1.082561425431E1));
#2625=CARTESIAN_POINT('',(8.452761788253E0,6.552863638529E0,-1.082561425431E1));
#2626=CARTESIAN_POINT('',(8.457124582843E0,6.570104084545E0,-1.082599737533E1));
#2627=CARTESIAN_POINT('',(8.461458275331E0,6.587369736816E0,-1.082638105649E1));
#2628=CARTESIAN_POINT('',(8.465821069921E0,6.604610182832E0,-1.082676417751E1));
#2630=DIRECTION('',(5.058241053668E-1,8.624237231727E-1,-1.916497166326E-2));
#2631=VECTOR('',#2630,5.222487691458E-2);
#2632=CARTESIAN_POINT('',(8.465821069921E0,6.604610182832E0,-1.082676417751E1));
#2633=LINE('',#2632,#2631);
#2634=DIRECTION('',(7.356224307579E-1,6.772245963190E-1,-1.504943542031E-2));
#2635=VECTOR('',#2634,5.134487583921E-2);
#2636=CARTESIAN_POINT('',(8.492237671564E0,6.649650155623E0,-1.082776506580E1));
#2637=LINE('',#2636,#2635);
#2638=DIRECTION('',(9.143173857897E-1,4.048984547452E-1,-8.997743473023E-3));
#2639=VECTOR('',#2638,5.160644304530E-2);
#2640=CARTESIAN_POINT('',(8.530008113936E0,6.684422168436E0,-1.082853777719E1));
#2641=LINE('',#2640,#2639);
#2642=DIRECTION('',(9.924994114309E-1,1.222192363974E-1,-2.715983003712E-3));
#2643=VECTOR('',#2642,5.707905923324E-2);
#2644=CARTESIAN_POINT('',(8.577192782031E0,6.705317537480E0,-1.082900211873E1));
#2645=LINE('',#2644,#2643);
#2646=DIRECTION('',(9.939468224902E-1,-1.098351339561E-1,2.440780727451E-3));
#2647=VECTOR('',#2646,5.016594517007E-2);
#2648=CARTESIAN_POINT('',(8.633843714725E0,6.712293696514E0,-1.082915714448E1));
#2649=LINE('',#2648,#2647);
#2650=DIRECTION('',(9.492766097068E-1,-3.143646222731E-1,6.985880513341E-3));
#2651=VECTOR('',#2650,5.247677472047E-2);
#2652=CARTESIAN_POINT('',(8.683705996524E0,6.706783713206E0,-1.082903470041E1));
#2653=LINE('',#2652,#2651);
#2654=DIRECTION('',(8.757427399082E-1,-4.826588978924E-1,1.072575327487E-2));
#2655=VECTOR('',#2654,5.683449599265E-2);
#2656=CARTESIAN_POINT('',(8.733520971319E0,6.690286871743E0,-1.082866810393E1));
#2657=LINE('',#2656,#2655);
#2658=DIRECTION('',(7.775393580326E-1,-6.286790657902E-1,1.397064591548E-2));
#2659=VECTOR('',#2658,6.133562234421E-2);
#2660=CARTESIAN_POINT('',(8.783293368561E0,6.662855196545E0,-1.082805851115E1));
#2661=LINE('',#2660,#2659);
#2662=DIRECTION('',(6.577463587718E-1,-7.530535726193E-1,1.673452382969E-2));
#2663=VECTOR('',#2662,6.628504452910E-2);
#2664=CARTESIAN_POINT('',(8.830984228983E0,6.624294774790E0,-1.082720161289E1));
#2665=LINE('',#2664,#2663);
#2666=DIRECTION('',(5.424396992451E-1,-8.398873862960E-1,1.866416415659E-2));
#2667=VECTOR('',#2666,7.301452987337E-2);
#2668=CARTESIAN_POINT('',(8.874582975663E0,6.574378585196E0,-1.082609236423E1));
#2669=LINE('',#2668,#2667);
#2670=DIRECTION('',(4.388834645166E-1,-8.983222108752E-1,1.996271580307E-2));
#2671=VECTOR('',#2670,7.377213014975E-2);
#2672=CARTESIAN_POINT('',(8.914188955288E0,6.513054602539E0,-1.082472960906E1));
#2673=LINE('',#2672,#2671);
#2674=DIRECTION('',(3.235744111261E-1,-9.459691831292E-1,2.102153738926E-2));
#2675=VECTOR('',#2674,6.887640633434E-2);
#2676=CARTESIAN_POINT('',(8.946566323353E0,6.446783459482E0,-1.082325691699E1));
#2677=LINE('',#2676,#2675);
#2678=DIRECTION('',(1.862817176521E-1,-9.822538704580E-1,2.182786381992E-2));
#2679=VECTOR('',#2678,6.519092940010E-2);
#2680=CARTESIAN_POINT('',(8.968852965973E0,6.381628501645E0,-1.082180902904E1));
#2681=LINE('',#2680,#2679);
#2682=DIRECTION('',(1.468312767682E-2,-9.996454015102E-1,2.221434223943E-2));
#2683=VECTOR('',#2682,6.572689812080E-2);
#2684=CARTESIAN_POINT('',(8.980996844277E0,6.317594458923E0,-1.082038605031E1));
#2685=LINE('',#2684,#2683);
#2686=DIRECTION('',(-2.251141175147E-1,-9.740919174775E-1,2.164648702831E-2));
#2687=VECTOR('',#2686,5.699260395853E-2);
#2688=CARTESIAN_POINT('',(8.981961920714E0,6.251890867461E0,-1.081892597050E1));
#2689=LINE('',#2688,#2687);
#2690=DIRECTION('',(-5.057449087552E-1,-8.624701453314E-1,1.916600324110E-2));
#2691=VECTOR('',#2690,5.255109296822E-2);
#2692=CARTESIAN_POINT('',(8.969132080969E0,6.196374832589E0,-1.081769228084E1));
#2693=LINE('',#2692,#2691);
#2694=DIRECTION('',(-7.470072437518E-1,-6.646518063594E-1,1.477004013259E-2));
#2695=VECTOR('',#2694,5.065101193908E-2);
#2696=CARTESIAN_POINT('',(8.942554633251E0,6.151051083799E0,-1.081668508642E1));
#2697=LINE('',#2696,#2695);
#2698=DIRECTION('',(-9.166299322674E-1,-3.996382086227E-1,8.880849074213E-3));
#2699=VECTOR('',#2698,5.047500396752E-2);
#2700=CARTESIAN_POINT('',(8.904717960429E0,6.117385797220E0,-1.081593696894E1));
#2701=LINE('',#2700,#2699);
#2702=DIRECTION('',(-9.925703469104E-1,-1.216420953977E-1,2.703157679631E-3));
#2703=VECTOR('',#2702,5.521140423102E-2);
#2704=CARTESIAN_POINT('',(8.858451060961E0,6.097214057054E0,-1.081548870805E1));
#2705=LINE('',#2704,#2703);
#2706=DIRECTION('',(-9.870012820155E-1,1.606727132895E-1,-3.570504717258E-3));
#2707=VECTOR('',#2706,8.742560726952E-2);
#2708=CARTESIAN_POINT('',(8.803649858310E0,6.090498026154E0,-1.081533946292E1));
#2709=LINE('',#2708,#2707);
#2710=DIRECTION('',(8.802642512123E-1,-4.743666569345E-1,1.054148123013E-2));
#2711=VECTOR('',#2710,8.889559444025E-2);
#2712=CARTESIAN_POINT('',(8.639109057978E0,6.146269706890E0,-1.083658377126E1));
#2713=LINE('',#2712,#2711);
#2714=DIRECTION('',(9.870012820155E-1,-1.606727132891E-1,3.570504730282E-3));
#2715=VECTOR('',#2714,8.742560726951E-2);
#2716=CARTESIAN_POINT('',(8.717360671854E0,6.104100600939E0,-1.083564668002E1));
#2717=LINE('',#2716,#2715);
#2718=DIRECTION('',(9.166299322706E-1,3.996382086154E-1,-8.880849072497E-3));
#2719=VECTOR('',#2718,5.047500396727E-2);
#2720=CARTESIAN_POINT('',(8.858451060961E0,6.096769722309E0,-1.083548377161E1));
#2721=LINE('',#2720,#2719);
#2722=DIRECTION('',(7.470072437477E-1,6.646518063635E-1,-1.477004015272E-2));
#2723=VECTOR('',#2722,5.065101193968E-2);
#2724=CARTESIAN_POINT('',(8.904717960429E0,6.116941462474E0,-1.083593203250E1));
#2725=LINE('',#2724,#2723);
#2726=DIRECTION('',(5.057449087557E-1,8.624701453315E-1,-1.916600322158E-2));
#2727=VECTOR('',#2726,5.255109296763E-2);
#2728=CARTESIAN_POINT('',(8.942554633251E0,6.150606749054E0,-1.083668014998E1));
#2729=LINE('',#2728,#2727);
#2730=DIRECTION('',(2.251141175143E-1,9.740919174776E-1,-2.164648702836E-2));
#2731=VECTOR('',#2730,5.699260395848E-2);
#2732=CARTESIAN_POINT('',(8.969132080969E0,6.195930497843E0,-1.083768734440E1));
#2733=LINE('',#2732,#2731);
#2734=DIRECTION('',(-1.862817176517E-1,9.822538704585E-1,-2.182786380097E-2));
#2735=VECTOR('',#2734,6.519092940014E-2);
#2736=CARTESIAN_POINT('',(8.980996844277E0,6.317150124177E0,-1.084038111387E1));
#2737=LINE('',#2736,#2735);
#2738=DIRECTION('',(-3.235744111262E-1,9.459691831289E-1,-2.102153740291E-2));
#2739=VECTOR('',#2738,6.887640633430E-2);
#2740=CARTESIAN_POINT('',(8.968852965973E0,6.381184166899E0,-1.084180409260E1));
#2741=LINE('',#2740,#2739);
#2742=DIRECTION('',(-4.388834645175E-1,8.983222108748E-1,-1.996271579773E-2));
#2743=VECTOR('',#2742,7.377213014974E-2);
#2744=CARTESIAN_POINT('',(8.946566323353E0,6.446339124736E0,-1.084325198055E1));
#2745=LINE('',#2744,#2743);
#2746=DIRECTION('',(-5.424396992455E-1,8.398873862960E-1,-1.866416414670E-2));
#2747=VECTOR('',#2746,7.301452987334E-2);
#2748=CARTESIAN_POINT('',(8.914188955288E0,6.512610267793E0,-1.084472467262E1));
#2749=LINE('',#2748,#2747);
#2750=DIRECTION('',(-6.577463587705E-1,7.530535726200E-1,-1.673452384979E-2));
#2751=VECTOR('',#2750,6.628504452921E-2);
#2752=CARTESIAN_POINT('',(8.874582975663E0,6.573934250450E0,-1.084608742779E1));
#2753=LINE('',#2752,#2751);
#2754=DIRECTION('',(-7.775393580328E-1,6.286790657903E-1,-1.397064590181E-2));
#2755=VECTOR('',#2754,6.133562234410E-2);
#2756=CARTESIAN_POINT('',(8.830984228983E0,6.623850440044E0,-1.084719667645E1));
#2757=LINE('',#2756,#2755);
#2758=DIRECTION('',(-8.757427399096E-1,4.826588978898E-1,-1.072575327878E-2));
#2759=VECTOR('',#2758,5.683449599265E-2);
#2760=CARTESIAN_POINT('',(8.783293368561E0,6.662410861799E0,-1.084805357471E1));
#2761=LINE('',#2760,#2759);
#2762=DIRECTION('',(-9.492766097067E-1,3.143646222743E-1,-6.985880480374E-3));
#2763=VECTOR('',#2762,5.247677472044E-2);
#2764=CARTESIAN_POINT('',(8.733520971319E0,6.689842536997E0,-1.084866316749E1));
#2765=LINE('',#2764,#2763);
#2766=DIRECTION('',(-9.924994114310E-1,-1.222192363957E-1,2.715983052944E-3));
#2767=VECTOR('',#2766,5.707905923327E-2);
#2768=CARTESIAN_POINT('',(8.633843714725E0,6.711849361768E0,-1.084915220804E1));
#2769=LINE('',#2768,#2767);
#2770=DIRECTION('',(-9.143173857943E-1,-4.048984547356E-1,8.997743436004E-3));
#2771=VECTOR('',#2770,5.160644304480E-2);
#2772=CARTESIAN_POINT('',(8.577192782031E0,6.704873202734E0,-1.084899718228E1));
#2773=LINE('',#2772,#2771);
#2774=DIRECTION('',(-7.356224307532E-1,-6.772245963229E-1,1.504943547210E-2));
#2775=VECTOR('',#2774,5.134487583990E-2);
#2776=CARTESIAN_POINT('',(8.530008113936E0,6.683977833691E0,-1.084853284075E1));
#2777=LINE('',#2776,#2775);
#2778=DIRECTION('',(-5.058241053657E-1,-8.624237231742E-1,1.916497162453E-2));
#2779=VECTOR('',#2778,5.222487691446E-2);
#2780=CARTESIAN_POINT('',(8.492237671564E0,6.649205820877E0,-1.084776012935E1));
#2781=LINE('',#2780,#2779);
#2782=DIRECTION('',(-2.452658602086E-1,-9.692165733621E-1,2.153814607561E-2));
#2783=VECTOR('',#2782,5.339007372068E-2);
#2784=CARTESIAN_POINT('',(8.465821069921E0,6.604165848086E0,-1.084675924107E1));
#2785=LINE('',#2784,#2783);
#2786=DIRECTION('',(2.038164960345E-1,-9.787674680730E-1,2.175038818654E-2));
#2787=VECTOR('',#2786,1.001086661523E-1);
#2788=CARTESIAN_POINT('',(8.452939191703E0,6.493970917861E0,-1.084431046484E1));
#2789=LINE('',#2788,#2787);
#2790=DIRECTION('',(3.859923827021E-1,-9.222742738106E-1,2.049498385216E-2));
#2791=VECTOR('',#2790,1.002305038382E-1);
#2792=CARTESIAN_POINT('',(8.473342989261E0,6.395987812159E0,-1.084213306249E1));
#2793=LINE('',#2792,#2791);
#2794=DIRECTION('',(5.472714387540E-1,-8.367486003075E-1,1.859441334298E-2));
#2795=VECTOR('',#2794,1.039128729693E-1);
#2796=CARTESIAN_POINT('',(8.512031200257E0,6.303547797018E0,-1.084007883993E1));
#2797=LINE('',#2796,#2795);
#2798=DIRECTION('',(7.064162607012E-1,-7.076219281074E-1,1.572493175046E-2));
#2799=VECTOR('',#2798,9.938801544072E-2);
#2800=CARTESIAN_POINT('',(8.568899747752E0,6.216598846007E0,-1.083814664102E1));
#2801=LINE('',#2800,#2799);
#2802=DIRECTION('',(-2.220446048936E-12,2.221673728170E-2,9.997531778317E-1));
#2803=VECTOR('',#2802,2.000000000283E-2);
#2804=CARTESIAN_POINT('',(8.717360671854E0,6.104100600939E0,-1.083564668002E1));
#2805=LINE('',#2804,#2803);
#2806=DIRECTION('',(1.509903313363E-12,-2.221673728123E-2,-9.997531778317E-1));
#2807=VECTOR('',#2806,2.000000000169E-2);
#2808=CARTESIAN_POINT('',(8.803649858310E0,6.090498026154E0,-1.081533946292E1));
#2809=LINE('',#2808,#2807);
#2810=DIRECTION('',(-9.925703469103E-1,-1.216420953984E-1,2.703157683359E-3));
#2811=VECTOR('',#2810,5.521140423110E-2);
#2812=CARTESIAN_POINT('',(8.858451060961E0,6.096769722309E0,-1.083548377161E1));
#2813=LINE('',#2812,#2811);
#2814=DIRECTION('',(5.417888359659E-12,-2.221673727839E-2,-9.997531778318E-1));
#2815=VECTOR('',#2814,2.000000000189E-2);
#2816=CARTESIAN_POINT('',(8.858451060961E0,6.097214057054E0,-1.081548870805E1));
#2817=LINE('',#2816,#2815);
#2818=DIRECTION('',(1.953992523163E-12,-2.221673730183E-2,-9.997531778312E-1));
#2819=VECTOR('',#2818,2.000000000182E-2);
#2820=CARTESIAN_POINT('',(8.904717960429E0,6.117385797220E0,-1.081593696894E1));
#2821=LINE('',#2820,#2819);
#2822=DIRECTION('',(1.447730823906E-11,-2.221673727011E-2,-9.997531778319E-1));
#2823=VECTOR('',#2822,2.000000000283E-2);
#2824=CARTESIAN_POINT('',(8.942554633251E0,6.151051083799E0,-1.081668508642E1));
#2825=LINE('',#2824,#2823);
#2826=DIRECTION('',(6.217248937340E-13,-2.221673729656E-2,-9.997531778314E-1));
#2827=VECTOR('',#2826,2.000000000180E-2);
#2828=CARTESIAN_POINT('',(8.969132080969E0,6.196374832589E0,-1.081769228084E1));
#2829=LINE('',#2828,#2827);
#2830=DIRECTION('',(-1.065814103544E-12,-2.221673729909E-2,-9.997531778313E-1));
#2831=VECTOR('',#2830,2.000000000181E-2);
#2832=CARTESIAN_POINT('',(8.981961920714E0,6.251890867461E0,-1.081892597050E1));
#2833=LINE('',#2832,#2831);
#2834=DIRECTION('',(1.468312767657E-2,-9.996454015097E-1,2.221434226342E-2));
#2835=VECTOR('',#2834,6.572689812083E-2);
#2836=CARTESIAN_POINT('',(8.980996844277E0,6.317150124177E0,-1.084038111387E1));
#2837=LINE('',#2836,#2835);
#2838=DIRECTION('',(-3.552713678200E-13,-2.221673729791E-2,-9.997531778313E-1));
#2839=VECTOR('',#2838,2.000000000338E-2);
#2840=CARTESIAN_POINT('',(8.980996844277E0,6.317594458923E0,-1.082038605031E1));
#2841=LINE('',#2840,#2839);
#2842=DIRECTION('',(7.993605776441E-13,-2.221673729582E-2,-9.997531778314E-1));
#2843=VECTOR('',#2842,2.000000000215E-2);
#2844=CARTESIAN_POINT('',(8.968852965973E0,6.381628501645E0,-1.082180902904E1));
#2845=LINE('',#2844,#2843);
#2846=DIRECTION('',(7.993605776064E-13,-2.221673729770E-2,-9.997531778313E-1));
#2847=VECTOR('',#2846,2.000000000309E-2);
#2848=CARTESIAN_POINT('',(8.946566323353E0,6.446783459482E0,-1.082325691699E1));
#2849=LINE('',#2848,#2847);
#2850=DIRECTION('',(-2.664535258741E-12,-2.221673729979E-2,-9.997531778313E-1));
#2851=VECTOR('',#2850,2.000000000270E-2);
#2852=CARTESIAN_POINT('',(8.914188955288E0,6.513054602539E0,-1.082472960906E1));
#2853=LINE('',#2852,#2851);
#2854=DIRECTION('',(-3.375077994527E-12,-2.221673730183E-2,-9.997531778312E-1));
#2855=VECTOR('',#2854,2.000000000198E-2);
#2856=CARTESIAN_POINT('',(8.874582975663E0,6.574378585196E0,-1.082609236423E1));
#2857=LINE('',#2856,#2855);
#2858=DIRECTION('',(-2.575717416704E-12,-2.221673729396E-2,-9.997531778314E-1));
#2859=VECTOR('',#2858,2.000000000331E-2);
#2860=CARTESIAN_POINT('',(8.830984228983E0,6.624294774790E0,-1.082720161289E1));
#2861=LINE('',#2860,#2859);
#2862=DIRECTION('',(8.881784195903E-13,-2.221673729799E-2,-9.997531778313E-1));
#2863=VECTOR('',#2862,2.000000000247E-2);
#2864=CARTESIAN_POINT('',(8.783293368561E0,6.662855196545E0,-1.082805851115E1));
#2865=LINE('',#2864,#2863);
#2866=DIRECTION('',(-3.197442310488E-12,-2.221673730507E-2,-9.997531778312E-1));
#2867=VECTOR('',#2866,2.000000000270E-2);
#2868=CARTESIAN_POINT('',(8.733520971319E0,6.690286871743E0,-1.082866810393E1));
#2869=LINE('',#2868,#2867);
#2870=DIRECTION('',(-1.509903313417E-12,-2.221673730424E-2,-9.997531778312E-1));
#2871=VECTOR('',#2870,2.000000000097E-2);
#2872=CARTESIAN_POINT('',(8.683705996524E0,6.706783713206E0,-1.082903470041E1));
#2873=LINE('',#2872,#2871);
#2874=DIRECTION('',(9.939468224902E-1,-1.098351339555E-1,2.440780746609E-3));
#2875=VECTOR('',#2874,5.016594517004E-2);
#2876=CARTESIAN_POINT('',(8.633843714725E0,6.711849361768E0,-1.084915220804E1));
#2877=LINE('',#2876,#2875);
#2878=DIRECTION('',(-1.776356839229E-13,-2.221673730472E-2,-9.997531778312E-1));
#2879=VECTOR('',#2878,2.000000000193E-2);
#2880=CARTESIAN_POINT('',(8.633843714725E0,6.712293696514E0,-1.082915714448E1));
#2881=LINE('',#2880,#2879);
#2882=DIRECTION('',(-1.865174681452E-12,-2.221673730327E-2,-9.997531778312E-1));
#2883=VECTOR('',#2882,1.999999999912E-2);
#2884=CARTESIAN_POINT('',(8.577192782031E0,6.705317537480E0,-1.082900211873E1));
#2885=LINE('',#2884,#2883);
#2886=DIRECTION('',(9.148237722445E-12,-2.221673726621E-2,-9.997531778320E-1));
#2887=VECTOR('',#2886,2.000000000102E-2);
#2888=CARTESIAN_POINT('',(8.530008113936E0,6.684422168436E0,-1.082853777719E1));
#2889=LINE('',#2888,#2887);
#2890=DIRECTION('',(-4.263256414909E-12,-2.221673730265E-2,-9.997531778312E-1));
#2891=VECTOR('',#2890,1.999999999836E-2);
#2892=CARTESIAN_POINT('',(8.492237671564E0,6.649650155623E0,-1.082776506580E1));
#2893=LINE('',#2892,#2891);
#2894=DIRECTION('',(1.865174681334E-12,-2.221673729889E-2,-9.997531778313E-1));
#2895=VECTOR('',#2894,2.000000000039E-2);
#2896=CARTESIAN_POINT('',(8.465821069921E0,6.604610182832E0,-1.082676417751E1));
#2897=LINE('',#2896,#2895);
#2898=DIRECTION('',(-1.774031708678E-3,-2.221670234508E-2,-9.997516046241E-1));
#2899=VECTOR('',#2898,2.000003146982E-2);
#2900=CARTESIAN_POINT('',(8.452761788253E0,6.552863638529E0,-1.082561425431E1));
#2901=LINE('',#2900,#2899);
#2902=DIRECTION('',(-3.641335529896E-3,9.997465497834E-1,-2.221659001384E-2));
#2903=VECTOR('',#2902,5.846320343354E-2);
#2904=CARTESIAN_POINT('',(8.452939191703E0,6.493970917861E0,-1.084431046484E1));
#2905=LINE('',#2904,#2903);
#2906=DIRECTION('',(-3.552713678696E-13,-2.221673729951E-2,-9.997531778313E-1));
#2907=VECTOR('',#2906,2.000000000059E-2);
#2908=CARTESIAN_POINT('',(8.452939191703E0,6.494415252607E0,-1.082431540128E1));
#2909=LINE('',#2908,#2907);
#2910=DIRECTION('',(-6.483702464581E-12,-2.221673726754E-2,-9.997531778320E-1));
#2911=VECTOR('',#2910,1.999999999763E-2);
#2912=CARTESIAN_POINT('',(8.473342989261E0,6.396432146904E0,-1.082213799894E1));
#2913=LINE('',#2912,#2911);
#2914=DIRECTION('',(-6.661338149029E-12,-2.221673726708E-2,-9.997531778320E-1));
#2915=VECTOR('',#2914,1.999999999616E-2);
#2916=CARTESIAN_POINT('',(8.512031200257E0,6.303992131763E0,-1.082008377638E1));
#2917=LINE('',#2916,#2915);
#2918=DIRECTION('',(-4.618527783312E-12,-2.221673726745E-2,-9.997531778320E-1));
#2919=VECTOR('',#2918,1.999999999623E-2);
#2920=CARTESIAN_POINT('',(8.568899747752E0,6.217043180752E0,-1.081815157747E1));
#2921=LINE('',#2920,#2919);
#2922=DIRECTION('',(-7.016609517012E-12,-2.221673727021E-2,-9.997531778319E-1));
#2923=VECTOR('',#2922,1.999999999606E-2);
#2924=CARTESIAN_POINT('',(8.639109057978E0,6.146714041635E0,-1.081658870771E1));
#2925=LINE('',#2924,#2923);
#2926=DIRECTION('',(3.730349363666E-12,-2.221673729248E-2,-9.997531778314E-1));
#2927=VECTOR('',#2926,1.999999999504E-2);
#2928=CARTESIAN_POINT('',(6.748661527333E0,6.106356372022E0,-1.081569187061E1));
#2929=LINE('',#2928,#2927);
#2930=DIRECTION('',(5.462297281512E-12,-2.221673729588E-2,-9.997531778314E-1));
#2931=VECTOR('',#2930,1.999999999870E-2);
#2932=CARTESIAN_POINT('',(6.694158362717E0,6.132189442480E0,-1.081626593884E1));
#2933=LINE('',#2932,#2931);
#2934=DIRECTION('',(-6.128431095703E-12,-2.221673725901E-2,-9.997531778322E-1));
#2935=VECTOR('',#2934,2.000000000074E-2);
#2936=CARTESIAN_POINT('',(6.643799350315E0,6.169014101390E0,-1.081708426459E1));
#2937=LINE('',#2936,#2935);
#2938=DIRECTION('',(-7.283063041735E-12,-2.221673725328E-2,-9.997531778323E-1));
#2939=VECTOR('',#2938,1.999999999947E-2);
#2940=CARTESIAN_POINT('',(6.599405834590E0,6.217095206379E0,-1.081815273359E1));
#2941=LINE('',#2940,#2939);
#2942=DIRECTION('',(3.508304758011E-12,-2.221673729967E-2,-9.997531778313E-1));
#2943=VECTOR('',#2942,1.999999999889E-2);
#2944=CARTESIAN_POINT('',(6.560930508139E0,6.276536808700E0,-1.081947365809E1));
#2945=LINE('',#2944,#2943);
#2946=DIRECTION('',(-4.307665335656E-12,-2.221673725188E-2,-9.997531778323E-1));
#2947=VECTOR('',#2946,1.999999999949E-2);
#2948=CARTESIAN_POINT('',(6.529934523876E0,6.343498473380E0,-1.082096169508E1));
#2949=LINE('',#2948,#2947);
#2950=DIRECTION('',(-8.881784198139E-14,-2.221673725762E-2,-9.997531778322E-1));
#2951=VECTOR('',#2950,1.999999999744E-2);
#2952=CARTESIAN_POINT('',(6.507941189034E0,6.414466108495E0,-1.082253875364E1));
#2953=LINE('',#2952,#2951);
#2954=DIRECTION('',(-2.379627259108E-2,9.994700763370E-1,-2.221044613960E-2));
#2955=VECTOR('',#2954,6.924965092562E-2);
#2956=CARTESIAN_POINT('',(6.494578349755E0,6.488943353671E0,-1.084419874119E1));
#2957=LINE('',#2956,#2955);
#2958=DIRECTION('',(2.855197038901E-2,-9.993455878465E-1,2.220767972143E-2));
#2959=VECTOR('',#2958,6.925827735621E-2);
#2960=CARTESIAN_POINT('',(6.492930466185E0,6.558600642314E0,-1.082574174328E1));
#2961=LINE('',#2960,#2959);
#2962=DIRECTION('',(-1.647659872824E-2,-2.221372137181E-2,-9.996174629713E-1));
#2963=VECTOR('',#2962,2.000271533207E-2);
#2964=CARTESIAN_POINT('',(6.494907926469E0,6.489387688416E0,-1.082420367764E1));
#2965=LINE('',#2964,#2963);
#2966=DIRECTION('',(1.332267629774E-13,-2.221673729924E-2,-9.997531778313E-1));
#2967=VECTOR('',#2966,1.999999999664E-2);
#2968=CARTESIAN_POINT('',(6.492930466185E0,6.558600642314E0,-1.082574174328E1));
#2969=LINE('',#2968,#2967);
#2970=DIRECTION('',(-2.797762022522E-12,-2.221673730564E-2,-9.997531778312E-1));
#2971=VECTOR('',#2970,1.999999999666E-2);
#2972=CARTESIAN_POINT('',(6.503877460463E0,6.614589637318E0,-1.082698594317E1));
#2973=LINE('',#2972,#2971);
#2974=DIRECTION('',(2.975397705816E-12,-2.221673729584E-2,-9.997531778314E-1));
#2975=VECTOR('',#2974,2.000000000121E-2);
#2976=CARTESIAN_POINT('',(6.527744179047E0,6.657397239266E0,-1.082793722321E1));
#2977=LINE('',#2976,#2975);
#2978=DIRECTION('',(-4.662936703999E-12,-2.221673729597E-2,-9.997531778314E-1));
#2979=VECTOR('',#2978,1.999999999754E-2);
#2980=CARTESIAN_POINT('',(6.564067006359E0,6.687576811276E0,-1.082860788037E1));
#2981=LINE('',#2980,#2979);
#2982=DIRECTION('',(9.955776449883E-1,9.391909736790E-2,-2.087091071285E-3));
#2983=VECTOR('',#2982,6.065648255666E-2);
#2984=CARTESIAN_POINT('',(6.612405981729E0,6.705204274867E0,-1.084900453944E1));
#2985=LINE('',#2984,#2983);
#2986=DIRECTION('',(-9.950795498796E-1,-9.905475282028E-2,2.201216753819E-3));
#2987=VECTOR('',#2986,6.068684464906E-2);
#2988=CARTESIAN_POINT('',(6.672794219786E0,6.711659930009E0,-1.082914306078E1));
#2989=LINE('',#2988,#2987);
#2990=DIRECTION('',(-1.243449787406E-12,-2.221673728945E-2,-9.997531778315E-1));
#2991=VECTOR('',#2990,2.000000000281E-2);
#2992=CARTESIAN_POINT('',(6.612405981729E0,6.705648609613E0,-1.082900947588E1));
#2993=LINE('',#2992,#2991);
#2994=DIRECTION('',(9.992345231587E-1,-3.911025905983E-2,8.691168128922E-4));
#2995=VECTOR('',#2994,4.020918200059E-2);
#2996=CARTESIAN_POINT('',(6.672794219786E0,6.710901076958E0,-1.084913113504E1));
#2997=LINE('',#2996,#2995);
#2998=DIRECTION('',(-9.988982697854E-1,4.691651764028E-2,-1.042589226915E-3));
#2999=VECTOR('',#2998,4.022271738609E-2);
#3000=CARTESIAN_POINT('',(6.712972622589E0,6.709772820179E0,-1.082910112501E1));
#3001=LINE('',#3000,#2999);
#3002=DIRECTION('',(3.552274242089E-13,-3.793795939535E-2,-9.992800964879E-1));
#3003=VECTOR('',#3002,2.000247411479E-2);
#3004=CARTESIAN_POINT('',(6.672794219786E0,6.711659930009E0,-1.082914306078E1));
#3005=LINE('',#3004,#3003);
#3006=DIRECTION('',(9.907582541797E-1,-1.356060499639E-1,3.013467773066E-3));
#3007=VECTOR('',#3006,4.171348403271E-2);
#3008=CARTESIAN_POINT('',(6.712972622589E0,6.709328485434E0,-1.084909618857E1));
#3009=LINE('',#3008,#3007);
#3010=DIRECTION('',(-9.907582541808E-1,1.356060499557E-1,-3.013467784658E-3));
#3011=VECTOR('',#3010,4.171348403258E-2);
#3012=CARTESIAN_POINT('',(6.754300601205E0,6.704116219380E0,-1.082897542277E1));
#3013=LINE('',#3012,#3011);
#3014=DIRECTION('',(-3.064215547582E-12,-2.221673727802E-2,-9.997531778318E-1));
#3015=VECTOR('',#3014,2.000000000250E-2);
#3016=CARTESIAN_POINT('',(6.712972622589E0,6.709772820179E0,-1.082910112501E1));
#3017=LINE('',#3016,#3015);
#3018=DIRECTION('',(7.549516566322E-13,-2.221673729533E-2,-9.997531778314E-1));
#3019=VECTOR('',#3018,2.000000000299E-2);
#3020=CARTESIAN_POINT('',(6.754300601205E0,6.704116219380E0,-1.082897542277E1));
#3021=LINE('',#3020,#3019);
#3022=DIRECTION('',(-4.707345623467E-12,-2.221673727093E-2,-9.997531778319E-1));
#3023=VECTOR('',#3022,2.000000000401E-2);
#3024=CARTESIAN_POINT('',(6.796834925569E0,6.694694857906E0,-1.082876605918E1));
#3025=LINE('',#3024,#3023);
#3026=DIRECTION('',(4.973799150015E-12,-2.221673728250E-2,-9.997531778317E-1));
#3027=VECTOR('',#3026,2.000000000123E-2);
#3028=CARTESIAN_POINT('',(6.837968943087E0,6.682828293592E0,-1.082850235775E1));
#3029=LINE('',#3028,#3027);
#3030=DIRECTION('',(2.753353101276E-12,-2.221673729174E-2,-9.997531778315E-1));
#3031=VECTOR('',#3030,1.999999999851E-2);
#3032=CARTESIAN_POINT('',(6.875465000718E0,6.669419880058E0,-1.082820439301E1));
#3033=LINE('',#3032,#3031);
#3034=DIRECTION('',(-4.929390228723E-12,-2.221673726507E-2,-9.997531778321E-1));
#3035=VECTOR('',#3034,2.000000000249E-2);
#3036=CARTESIAN_POINT('',(6.909256868015E0,6.654474346799E0,-1.082787227004E1));
#3037=LINE('',#3036,#3035);
#3038=DIRECTION('',(-1.E0,1.160185767188E-14,-1.763482366125E-12));
#3039=VECTOR('',#3038,2.296645360130E-1);
#3040=CARTESIAN_POINT('',(6.951795923037E0,6.520371540317E0,-1.084489714534E1));
#3041=LINE('',#3040,#3039);
#3042=DIRECTION('',(1.E0,0.E0,2.397717252189E-13));
#3043=VECTOR('',#3042,2.296645360129E-1);
#3044=CARTESIAN_POINT('',(6.722131387024E0,6.520815875062E0,-1.082490208178E1));
#3045=LINE('',#3044,#3043);
#3046=DIRECTION('',(-5.773159727383E-13,-2.221673725265E-2,-9.997531778323E-1));
#3047=VECTOR('',#3046,2.000000000231E-2);
#3048=CARTESIAN_POINT('',(6.951795923037E0,6.520815875062E0,-1.082490208178E1));
#3049=LINE('',#3048,#3047);
#3050=DIRECTION('',(-5.817568648262E-12,-2.221673725222E-2,-9.997531778323E-1));
#3051=VECTOR('',#3050,2.000000000266E-2);
#3052=CARTESIAN_POINT('',(6.722131387024E0,6.520815875062E0,-1.082490208178E1));
#3053=LINE('',#3052,#3051);
#3054=DIRECTION('',(1.E0,2.094926726598E-13,2.240469004446E-12));
#3055=VECTOR('',#3054,4.027680242952E-1);
#3056=CARTESIAN_POINT('',(6.770295323939E0,6.369956098582E0,-1.084155457997E1));
#3057=LINE('',#3056,#3055);
#3058=DIRECTION('',(-1.E0,3.991386710677E-13,1.746507334175E-12));
#3059=VECTOR('',#3058,4.027680242952E-1);
#3060=CARTESIAN_POINT('',(7.173063348234E0,6.370400433327E0,-1.082155951641E1));
#3061=LINE('',#3060,#3059);
#3062=DIRECTION('',(-2.975397705633E-12,-2.221673726131E-2,-9.997531778321E-1));
#3063=VECTOR('',#3062,2.000000000244E-2);
#3064=CARTESIAN_POINT('',(6.770295323939E0,6.370400433327E0,-1.082155951641E1));
#3065=LINE('',#3064,#3063);
#3066=DIRECTION('',(-1.065814103596E-12,-2.221673725075E-2,-9.997531778324E-1));
#3067=VECTOR('',#3066,2.000000000082E-2);
#3068=CARTESIAN_POINT('',(7.173063348234E0,6.370400433327E0,-1.082155951641E1));
#3069=LINE('',#3068,#3067);
#3070=DIRECTION('',(-3.552713679293E-12,-2.221673726412E-2,-9.997531778321E-1));
#3071=VECTOR('',#3070,1.999999999723E-2);
#3072=CARTESIAN_POINT('',(7.048965873321E0,6.756496530188E0,-1.083013942968E1));
#3073=LINE('',#3072,#3071);
#3074=DIRECTION('',(6.705747069786E-12,-2.221673728561E-2,-9.997531778316E-1));
#3075=VECTOR('',#3074,1.999999999687E-2);
#3076=CARTESIAN_POINT('',(6.994609362797E0,6.785540998202E0,-1.083078486230E1));
#3077=LINE('',#3076,#3075);
#3078=DIRECTION('',(3.064215548238E-12,-2.221673729201E-2,-9.997531778315E-1));
#3079=VECTOR('',#3078,1.999999999822E-2);
#3080=CARTESIAN_POINT('',(6.933464201788E0,6.811520686555E0,-1.083136218871E1));
#3081=LINE('',#3080,#3079);
#3082=DIRECTION('',(2.353672811909E-12,-2.221673728764E-2,-9.997531778316E-1));
#3083=VECTOR('',#3082,2.000000000252E-2);
#3084=CARTESIAN_POINT('',(6.865525659626E0,6.834421405561E0,-1.083187109357E1));
#3085=LINE('',#3084,#3083);
#3086=DIRECTION('',(1.953992522955E-12,-2.221673728122E-2,-9.997531778317E-1));
#3087=VECTOR('',#3086,2.000000000394E-2);
#3088=CARTESIAN_POINT('',(6.794195157547E0,6.852086458273E0,-1.083226365030E1));
#3089=LINE('',#3088,#3087);
#3090=DIRECTION('',(-9.987703815977E-1,4.956320965198E-2,-1.101404664649E-3));
#3091=VECTOR('',#3090,7.166462178371E-2);
#3092=CARTESIAN_POINT('',(6.722765309592E0,6.862269532996E0,-1.085249487851E1));
#3093=LINE('',#3092,#3091);
#3094=DIRECTION('',(9.987703815974E-1,-4.956320965775E-2,1.101404691219E-3));
#3095=VECTOR('',#3094,7.166462178378E-2);
#3096=CARTESIAN_POINT('',(6.651188807946E0,6.866265796416E0,-1.083257874670E1));
#3097=LINE('',#3096,#3095);
#3098=DIRECTION('',(-1.465494392280E-12,-2.221673726406E-2,-9.997531778321E-1));
#3099=VECTOR('',#3098,2.000000000308E-2);
#3100=CARTESIAN_POINT('',(6.722765309592E0,6.862713867741E0,-1.083249981495E1));
#3101=LINE('',#3100,#3099);
#3102=DIRECTION('',(5.329070517885E-13,-2.221673728703E-2,-9.997531778316E-1));
#3103=VECTOR('',#3102,2.000000000118E-2);
#3104=CARTESIAN_POINT('',(6.651188807946E0,6.866265796416E0,-1.083257874670E1));
#3105=LINE('',#3104,#3103);
#3106=DIRECTION('',(-4.618527782830E-12,-2.221673729213E-2,-9.997531778315E-1));
#3107=VECTOR('',#3106,1.999999999831E-2);
#3108=CARTESIAN_POINT('',(6.549505706302E0,6.857884947072E0,-1.083239250561E1));
#3109=LINE('',#3108,#3107);
#3110=DIRECTION('',(-3.819167204319E-12,-2.221673728101E-2,-9.997531778317E-1));
#3111=VECTOR('',#3110,2.000000000205E-2);
#3112=CARTESIAN_POINT('',(6.466958556269E0,6.832747127329E0,-1.083183388739E1));
#3113=LINE('',#3112,#3111);
#3114=DIRECTION('',(1.043609643025E-11,-2.221673726073E-2,-9.997531778322E-1));
#3115=VECTOR('',#3114,2.000000000236E-2);
#3116=CARTESIAN_POINT('',(6.403495319380E0,6.790852338391E0,-1.083090289208E1));
#3117=LINE('',#3116,#3115);
#3118=DIRECTION('',(-5.329070519007E-12,-2.221673730441E-2,-9.997531778312E-1));
#3119=VECTOR('',#3118,1.999999999698E-2);
#3120=CARTESIAN_POINT('',(6.344848003361E0,6.711811277396E0,-1.082914642406E1));
#3121=LINE('',#3120,#3119);
#3122=DIRECTION('',(-1.048917065453E-3,-9.997526278541E-1,2.221672504842E-2));
#3123=VECTOR('',#3122,1.202703507536E-1);
#3124=CARTESIAN_POINT('',(6.315373749311E0,6.611695370238E0,-1.084692656378E1));
#3125=LINE('',#3124,#3123);
#3126=DIRECTION('',(1.048917065238E-3,9.997526278532E-1,-2.221672508767E-2));
#3127=VECTOR('',#3126,1.202703507528E-1);
#3128=CARTESIAN_POINT('',(6.315272826412E0,6.491899105765E0,-1.082425948691E1));
#3129=LINE('',#3128,#3127);
#3130=DIRECTION('',(-1.261535227838E-3,-2.221671958080E-2,-9.997523822927E-1));
#3131=VECTOR('',#3130,2.000001591212E-2);
#3132=CARTESIAN_POINT('',(6.315398980035E0,6.612139704983E0,-1.082693150023E1));
#3133=LINE('',#3132,#3131);
#3134=DIRECTION('',(-1.261535228828E-3,-2.221671961934E-2,-9.997523822918E-1));
#3135=VECTOR('',#3134,2.000001591684E-2);
#3136=CARTESIAN_POINT('',(6.315272826412E0,6.491899105765E0,-1.082425948691E1));
#3137=LINE('',#3136,#3135);
#3138=DIRECTION('',(1.598721155508E-12,-2.221673729750E-2,-9.997531778313E-1));
#3139=VECTOR('',#3138,1.999999999940E-2);
#3140=CARTESIAN_POINT('',(6.330665164581E0,6.405579191766E0,-1.082234126660E1));
#3141=LINE('',#3140,#3139);
#3142=DIRECTION('',(-7.860379014156E-12,-2.221673726787E-2,-9.997531778320E-1));
#3143=VECTOR('',#3142,2.000000000048E-2);
#3144=CARTESIAN_POINT('',(6.357389266390E0,6.321728128475E0,-1.082047790964E1));
#3145=LINE('',#3144,#3143);
#3146=DIRECTION('',(-9.547918011678E-12,-2.221673726303E-2,-9.997531778321E-1));
#3147=VECTOR('',#3146,2.000000000021E-2);
#3148=CARTESIAN_POINT('',(6.395429362032E0,6.240298619757E0,-1.081866836500E1));
#3149=LINE('',#3148,#3147);
#3150=DIRECTION('',(4.529709939938E-12,-2.221673729311E-2,-9.997531778314E-1));
#3151=VECTOR('',#3150,2.000000000235E-2);
#3152=CARTESIAN_POINT('',(6.453106870956E0,6.150975410307E0,-1.081668340479E1));
#3153=LINE('',#3152,#3151);
#3154=DIRECTION('',(-1.909583602123E-12,-2.221673729364E-2,-9.997531778314E-1));
#3155=VECTOR('',#3154,2.000000000244E-2);
#3156=CARTESIAN_POINT('',(6.520804144209E0,6.076134233371E0,-1.081502026752E1));
#3157=LINE('',#3156,#3155);
#3158=DIRECTION('',(1.021405182634E-12,-2.221673729534E-2,-9.997531778314E-1));
#3159=VECTOR('',#3158,2.000000000042E-2);
#3160=CARTESIAN_POINT('',(6.598573219461E0,6.015718333830E0,-1.081367769198E1));
#3161=LINE('',#3160,#3159);
#3162=DIRECTION('',(-8.881784195975E-13,-2.221673729480E-2,-9.997531778314E-1));
#3163=VECTOR('',#3162,2.000000000231E-2);
#3164=CARTESIAN_POINT('',(6.684942829154E0,5.971368882663E0,-1.081269214862E1));
#3165=LINE('',#3164,#3163);
#3166=DIRECTION('',(-7.549516566728E-13,-2.221673730296E-2,-9.997531778312E-1));
#3167=VECTOR('',#3166,2.000000000192E-2);
#3168=CARTESIAN_POINT('',(6.778370742609E0,5.944760158103E0,-1.081210084363E1));
#3169=LINE('',#3168,#3167);
#3170=DIRECTION('',(7.993605777004E-13,-2.221673728619E-2,-9.997531778316E-1));
#3171=VECTOR('',#3170,2.000000000074E-2);
#3172=CARTESIAN_POINT('',(6.878804922163E0,5.935892159747E0,-1.081190377700E1));
#3173=LINE('',#3172,#3171);
#3174=DIRECTION('',(5.151434835061E-12,-2.221673728869E-2,-9.997531778315E-1));
#3175=VECTOR('',#3174,1.999999999689E-2);
#3176=CARTESIAN_POINT('',(6.975009795608E0,5.943932477972E0,-1.081208245074E1));
#3177=LINE('',#3176,#3175);
#3178=DIRECTION('',(-2.975397706318E-12,-2.221673730239E-2,-9.997531778312E-1));
#3179=VECTOR('',#3178,1.999999999783E-2);
#3180=CARTESIAN_POINT('',(7.055726139043E0,5.968081811213E0,-1.081261910259E1));
#3181=LINE('',#3180,#3179);
#3182=DIRECTION('',(1.385558334617E-11,-2.221673726660E-2,-9.997531778320E-1));
#3183=VECTOR('',#3182,2.000000000167E-2);
#3184=CARTESIAN_POINT('',(7.120949221010E0,6.008382725707E0,-1.081351467846E1));
#3185=LINE('',#3184,#3183);
#3186=DIRECTION('',(2.220446049017E-12,-2.221673729938E-2,-9.997531778313E-1));
#3187=VECTOR('',#3186,2.000000000210E-2);
#3188=CARTESIAN_POINT('',(7.170423580215E0,6.063964974684E0,-1.081474983955E1));
#3189=LINE('',#3188,#3187);
#3190=DIRECTION('',(-1.909583602195E-12,-2.221673729776E-2,-9.997531778313E-1));
#3191=VECTOR('',#3190,2.000000000168E-2);
#3192=CARTESIAN_POINT('',(7.204234370551E0,6.134298843696E0,-1.081631281442E1));
#3193=LINE('',#3192,#3191);
#3194=DIRECTION('',(-8.881784196688E-13,-2.221673726030E-2,-9.997531778322E-1));
#3195=VECTOR('',#3194,2.000000000070E-2);
#3196=CARTESIAN_POINT('',(7.222343745939E0,6.219351225087E0,-1.081820286734E1));
#3197=LINE('',#3196,#3195);
#3198=DIRECTION('',(5.329070518990E-13,-2.221673729919E-2,-9.997531778313E-1));
#3199=VECTOR('',#3198,1.999999999704E-2);
#3200=CARTESIAN_POINT('',(7.047698027782E0,6.239035817045E0,-1.081864030272E1));
#3201=LINE('',#3200,#3199);
#3202=DIRECTION('',(-1.154631945588E-12,-2.221673729765E-2,-9.997531778313E-1));
#3203=VECTOR('',#3202,2.000000000038E-2);
#3204=CARTESIAN_POINT('',(7.034570149995E0,6.192472913409E0,-1.081760557152E1));
#3205=LINE('',#3204,#3203);
#3206=DIRECTION('',(-9.769962618023E-13,-2.221673730068E-2,-9.997531778313E-1));
#3207=VECTOR('',#3206,1.999999999730E-2);
#3208=CARTESIAN_POINT('',(7.014412352409E0,6.154191537758E0,-1.081675487429E1));
#3209=LINE('',#3208,#3207);
#3210=DIRECTION('',(-3.108624469158E-13,-2.221673729667E-2,-9.997531778314E-1));
#3211=VECTOR('',#3210,1.999999999866E-2);
#3212=CARTESIAN_POINT('',(6.987130020207E0,6.124238986226E0,-1.081608926203E1));
#3213=LINE('',#3212,#3211);
#3214=DIRECTION('',(6.039613254196E-12,-2.221673727474E-2,-9.997531778318E-1));
#3215=VECTOR('',#3214,1.999999999922E-2);
#3216=CARTESIAN_POINT('',(6.952770461196E0,6.102790254467E0,-1.081561262355E1));
#3217=LINE('',#3216,#3215);
#3218=DIRECTION('',(-9.960280181715E-1,-8.901839021147E-2,1.978186437961E-3));
#3219=VECTOR('',#3218,4.792378918478E-2);
#3220=CARTESIAN_POINT('',(6.911768904987E0,6.089514517171E0,-1.083532254483E1));
#3221=LINE('',#3220,#3219);
#3222=DIRECTION('',(9.960280181714E-1,8.901839021205E-2,-1.978186443224E-3));
#3223=VECTOR('',#3222,4.792378918479E-2);
#3224=CARTESIAN_POINT('',(6.864035468222E0,6.085692753351E0,-1.081523267908E1));
#3225=LINE('',#3224,#3223);
#3226=DIRECTION('',(2.664535259063E-13,-2.221673729674E-2,-9.997531778314E-1));
#3227=VECTOR('',#3226,2.000000000028E-2);
#3228=CARTESIAN_POINT('',(6.911768904987E0,6.089958851917E0,-1.081532748127E1));
#3229=LINE('',#3228,#3227);
#3230=DIRECTION('',(-9.961613684910E-1,8.751426072086E-2,-1.944761339295E-3));
#3231=VECTOR('',#3230,5.901577928290E-2);
#3232=CARTESIAN_POINT('',(6.864035468222E0,6.085248418605E0,-1.083522774264E1));
#3233=LINE('',#3232,#3231);
#3234=DIRECTION('',(2.264854970557E-12,2.221673727352E-2,9.997531778319E-1));
#3235=VECTOR('',#3234,1.999999999716E-2);
#3236=CARTESIAN_POINT('',(6.805246228769E0,6.090413140900E0,-1.083534251424E1));
#3237=LINE('',#3236,#3235);
#3238=DIRECTION('',(9.961613684916E-1,-8.751426071241E-2,1.944761396156E-3));
#3239=VECTOR('',#3238,5.901577928281E-2);
#3240=CARTESIAN_POINT('',(6.805246228769E0,6.090857475645E0,-1.081534745069E1));
#3241=LINE('',#3240,#3239);
#3242=DIRECTION('',(5.329070518061E-13,-2.221673729514E-2,-9.997531778314E-1));
#3243=VECTOR('',#3242,2.000000000053E-2);
#3244=CARTESIAN_POINT('',(6.864035468222E0,6.085692753351E0,-1.081523267908E1));
#3245=LINE('',#3244,#3243);
#3246=DIRECTION('',(-9.644580050857E-1,2.641709561228E-1,-5.870465678529E-3));
#3247=VECTOR('',#3246,5.866994844539E-2);
#3248=CARTESIAN_POINT('',(6.805246228769E0,6.090857475645E0,-1.081534745069E1));
#3249=LINE('',#3248,#3247);
#3250=DIRECTION('',(-9.035956576213E-1,4.282806411963E-1,-9.517347548374E-3));
#3251=VECTOR('',#3250,6.031809046038E-2);
#3252=CARTESIAN_POINT('',(6.748661527333E0,6.106356372022E0,-1.081569187061E1));
#3253=LINE('',#3252,#3251);
#3254=DIRECTION('',(-8.071395952107E-1,5.902149162390E-1,-1.311588700947E-2));
#3255=VECTOR('',#3254,6.239194892763E-2);
#3256=CARTESIAN_POINT('',(6.694158362717E0,6.132189442480E0,-1.081626593884E1));
#3257=LINE('',#3256,#3255);
#3258=DIRECTION('',(-6.782801024852E-1,7.346220790764E-1,-1.632493510449E-2));
#3259=VECTOR('',#3258,6.545012239396E-2);
#3260=CARTESIAN_POINT('',(6.643799350315E0,6.169014101390E0,-1.081708426459E1));
#3261=LINE('',#3260,#3259);
#3262=DIRECTION('',(-5.432872833695E-1,8.393396397901E-1,-1.865199201155E-2));
#3263=VECTOR('',#3262,7.081948653805E-2);
#3264=CARTESIAN_POINT('',(6.599405834590E0,6.217095206379E0,-1.081815273359E1));
#3265=LINE('',#3264,#3263);
#3266=DIRECTION('',(-4.199847567365E-1,9.073071599458E-1,-2.016238131123E-2));
#3267=VECTOR('',#3266,7.380264108593E-2);
#3268=CARTESIAN_POINT('',(6.560930508139E0,6.276536808700E0,-1.081947365809E1));
#3269=LINE('',#3268,#3267);
#3270=DIRECTION('',(-2.959506692499E-1,9.549674598360E-1,-2.122149911956E-2));
#3271=VECTOR('',#3270,7.431419194860E-2);
#3272=CARTESIAN_POINT('',(6.529934523876E0,6.343498473380E0,-1.082096169508E1));
#3273=LINE('',#3272,#3271);
#3274=DIRECTION('',(-1.713438000267E-1,9.849681262573E-1,-2.188818059232E-2));
#3275=VECTOR('',#3274,7.606497908283E-2);
#3276=CARTESIAN_POINT('',(6.507941189034E0,6.414466108495E0,-1.082253875364E1));
#3277=LINE('',#3276,#3275);
#3278=DIRECTION('',(1.918414894155E-1,9.811836856324E-1,-2.180408190392E-2));
#3279=VECTOR('',#3278,5.706270479624E-2);
#3280=CARTESIAN_POINT('',(6.492930466185E0,6.558600642314E0,-1.082574174328E1));
#3281=LINE('',#3280,#3279);
#3282=DIRECTION('',(4.868715340899E-1,8.732579955614E-1,-1.940573320251E-2));
#3283=VECTOR('',#3282,4.902056684921E-2);
#3284=CARTESIAN_POINT('',(6.503877460463E0,6.614589637318E0,-1.082698594317E1));
#3285=LINE('',#3284,#3283);
#3286=DIRECTION('',(7.690744699209E-1,6.390014231728E-1,-1.420003165814E-2));
#3287=VECTOR('',#3286,4.722927197905E-2);
#3288=CARTESIAN_POINT('',(6.527744179047E0,6.657397239266E0,-1.082793722321E1));
#3289=LINE('',#3288,#3287);
#3290=DIRECTION('',(9.366527529539E-1,3.501729098203E-1,-7.781620130686E-3));
#3291=VECTOR('',#3290,5.160821362834E-2);
#3292=CARTESIAN_POINT('',(6.564067006359E0,6.687576811276E0,-1.082860788037E1));
#3293=LINE('',#3292,#3291);
#3294=DIRECTION('',(9.763248349599E-1,-2.162561489595E-1,4.805692231887E-3));
#3295=VECTOR('',#3294,4.356575070208E-2);
#3296=CARTESIAN_POINT('',(6.754300601205E0,6.704116219380E0,-1.082897542277E1));
#3297=LINE('',#3296,#3295);
#3298=DIRECTION('',(9.607992539669E-1,-2.771765761923E-1,6.159479442227E-3));
#3299=VECTOR('',#3298,4.281229127524E-2);
#3300=CARTESIAN_POINT('',(6.796834925569E0,6.694694857906E0,-1.082876605918E1));
#3301=LINE('',#3300,#3299);
#3302=DIRECTION('',(9.415805414132E-1,-3.367047650367E-1,7.482328083240E-3));
#3303=VECTOR('',#3302,3.982246444354E-2);
#3304=CARTESIAN_POINT('',(6.837968943087E0,6.682828293592E0,-1.082850235775E1));
#3305=LINE('',#3304,#3303);
#3306=DIRECTION('',(9.145071008618E-1,-4.044699918856E-1,8.988222152538E-3));
#3307=VECTOR('',#3306,3.695090750539E-2);
#3308=CARTESIAN_POINT('',(6.875465000718E0,6.669419880058E0,-1.082820439301E1));
#3309=LINE('',#3308,#3307);
#3310=DIRECTION('',(3.032092242757E-1,-9.526888059075E-1,2.117086235100E-2));
#3311=VECTOR('',#3310,1.402960451601E-1);
#3312=CARTESIAN_POINT('',(6.909256868015E0,6.654474346799E0,-1.082787227004E1));
#3313=LINE('',#3312,#3311);
#3314=DIRECTION('',(3.048854713149E-1,-9.521539513580E-1,2.115897668813E-2));
#3315=VECTOR('',#3314,1.579738670625E-1);
#3316=CARTESIAN_POINT('',(6.722131387024E0,6.520815875062E0,-1.082490208178E1));
#3317=LINE('',#3316,#3315);
#3318=DIRECTION('',(-3.059299016376E-1,9.518190520642E-1,-2.115153449665E-2));
#3319=VECTOR('',#3318,4.056402275451E-1);
#3320=CARTESIAN_POINT('',(7.173063348234E0,6.370400433327E0,-1.082155951641E1));
#3321=LINE('',#3320,#3319);
#3322=DIRECTION('',(-8.819382726847E-1,4.712485717759E-1,-1.047219046162E-2));
#3323=VECTOR('',#3322,6.163301016350E-2);
#3324=CARTESIAN_POINT('',(7.048965873321E0,6.756496530188E0,-1.083013942968E1));
#3325=LINE('',#3324,#3323);
#3326=DIRECTION('',(-9.203341213269E-1,3.910365637772E-1,-8.689701424347E-3));
#3327=VECTOR('',#3326,6.643800288629E-2);
#3328=CARTESIAN_POINT('',(6.994609362797E0,6.785540998202E0,-1.083078486230E1));
#3329=LINE('',#3328,#3327);
#3330=DIRECTION('',(-9.475889482635E-1,3.194132159303E-1,-7.098071417907E-3));
#3331=VECTOR('',#3330,7.169621626176E-2);
#3332=CARTESIAN_POINT('',(6.933464201788E0,6.811520686555E0,-1.083136218871E1));
#3333=LINE('',#3332,#3331);
#3334=DIRECTION('',(-9.706628310961E-1,2.403853832090E-1,-5.341897419086E-3));
#3335=VECTOR('',#3334,7.348638455484E-2);
#3336=CARTESIAN_POINT('',(6.865525659626E0,6.834421405561E0,-1.083187109357E1));
#3337=LINE('',#3336,#3335);
#3338=DIRECTION('',(-9.891072296705E-1,1.471604355698E-1,-3.270231872652E-3));
#3339=VECTOR('',#3338,7.221648554604E-2);
#3340=CARTESIAN_POINT('',(6.794195157547E0,6.852086458273E0,-1.083226365030E1));
#3341=LINE('',#3340,#3339);
#3342=DIRECTION('',(-9.966189158392E-1,-8.214258664033E-2,1.825390792052E-3));
#3343=VECTOR('',#3342,1.020280671257E-1);
#3344=CARTESIAN_POINT('',(6.651188807946E0,6.866265796416E0,-1.083257874670E1));
#3345=LINE('',#3344,#3343);
#3346=DIRECTION('',(-9.566061312039E-1,-2.913122074102E-1,6.473604627956E-3));
#3347=VECTOR('',#3346,8.629167986732E-2);
#3348=CARTESIAN_POINT('',(6.549505706302E0,6.857884947072E0,-1.083239250561E1));
#3349=LINE('',#3348,#3347);
#3350=DIRECTION('',(-8.344921367732E-1,-5.508838447881E-1,1.224186322056E-2));
#3351=VECTOR('',#3350,7.605013168195E-2);
#3352=CARTESIAN_POINT('',(6.466958556269E0,6.832747127329E0,-1.083183388739E1));
#3353=LINE('',#3352,#3351);
#3354=DIRECTION('',(-5.957779303252E-1,-8.029509775936E-1,1.784335503734E-2));
#3355=VECTOR('',#3354,9.843821503539E-2);
#3356=CARTESIAN_POINT('',(6.403495319380E0,6.790852338391E0,-1.083090289208E1));
#3357=LINE('',#3356,#3355);
#3358=DIRECTION('',(-2.832871635835E-1,-9.587984201075E-1,2.130663155300E-2));
#3359=VECTOR('',#3358,1.039546690135E-1);
#3360=CARTESIAN_POINT('',(6.344848003361E0,6.711811277396E0,-1.082914642406E1));
#3361=LINE('',#3360,#3359);
#3362=DIRECTION('',(1.755062338869E-1,-9.842353285799E-1,2.187189616838E-2));
#3363=VECTOR('',#3362,8.770251533607E-2);
#3364=CARTESIAN_POINT('',(6.315272826412E0,6.491899105765E0,-1.082425948691E1));
#3365=LINE('',#3364,#3363);
#3366=DIRECTION('',(3.035918302502E-1,-9.525670106538E-1,2.116815578898E-2));
#3367=VECTOR('',#3366,8.802641950956E-2);
#3368=CARTESIAN_POINT('',(6.330665164581E0,6.405579191766E0,-1.082234126660E1));
#3369=LINE('',#3368,#3367);
#3370=DIRECTION('',(4.231620148059E-1,-9.058303979566E-1,2.012956440665E-2));
#3371=VECTOR('',#3370,8.989487314799E-2);
#3372=CARTESIAN_POINT('',(6.357389266390E0,6.321728128475E0,-1.082047790964E1));
#3373=LINE('',#3372,#3371);
#3374=DIRECTION('',(5.423619236619E-1,-8.399375876186E-1,1.866527972554E-2));
#3375=VECTOR('',#3374,1.063450555936E-1);
#3376=CARTESIAN_POINT('',(6.395429362032E0,6.240298619757E0,-1.081866836500E1));
#3377=LINE('',#3376,#3375);
#3378=DIRECTION('',(6.707341178516E-1,-7.415148111413E-1,1.647810692550E-2));
#3379=VECTOR('',#3378,1.009301173915E-1);
#3380=CARTESIAN_POINT('',(6.453106870956E0,6.150975410307E0,-1.081668340479E1));
#3381=LINE('',#3380,#3379);
#3382=DIRECTION('',(7.896288850366E-1,-6.134332861526E-1,1.363185078617E-2));
#3383=VECTOR('',#3382,9.848813376221E-2);
#3384=CARTESIAN_POINT('',(6.520804144209E0,6.076134233371E0,-1.081502026752E1));
#3385=LINE('',#3384,#3383);
#3386=DIRECTION('',(8.895316989417E-1,-4.567606914510E-1,1.015023758860E-2));
#3387=VECTOR('',#3386,9.709559512696E-2);
#3388=CARTESIAN_POINT('',(6.598573219461E0,6.015718333830E0,-1.081367769198E1));
#3389=LINE('',#3388,#3387);
#3390=DIRECTION('',(9.617368273023E-1,-2.739073301619E-1,6.086829562533E-3));
#3391=VECTOR('',#3390,9.714498894358E-2);
#3392=CARTESIAN_POINT('',(6.684942829154E0,5.971368882663E0,-1.081269214862E1));
#3393=LINE('',#3392,#3391);
#3394=DIRECTION('',(9.961225971757E-1,-8.795425614052E-2,1.954539019147E-3));
#3395=VECTOR('',#3394,1.008251191558E-1);
#3396=CARTESIAN_POINT('',(6.778370742609E0,5.944760158103E0,-1.081210084363E1));
#3397=LINE('',#3396,#3395);
#3398=DIRECTION('',(9.965240958129E-1,8.328445911642E-2,-1.850765769909E-3));
#3399=VECTOR('',#3398,9.654043876031E-2);
#3400=CARTESIAN_POINT('',(6.878804922163E0,5.935892159747E0,-1.081190377700E1));
#3401=LINE('',#3400,#3399);
#3402=DIRECTION('',(9.580207853983E-1,2.866279889969E-1,-6.369510840049E-3));
#3403=VECTOR('',#3402,8.425322776433E-2);
#3404=CARTESIAN_POINT('',(6.975009795608E0,5.943932477972E0,-1.081208245074E1));
#3405=LINE('',#3404,#3403);
#3406=DIRECTION('',(8.506462437072E-1,5.256087338828E-1,-1.168019404837E-2));
#3407=VECTOR('',#3406,7.667474281973E-2);
#3408=CARTESIAN_POINT('',(7.055726139043E0,5.968081811213E0,-1.081261910259E1));
#3409=LINE('',#3408,#3407);
#3410=DIRECTION('',(6.647819617594E-1,7.468530589867E-1,-1.659673466462E-2));
#3411=VECTOR('',#3410,7.442193388377E-2);
#3412=CARTESIAN_POINT('',(7.120949221010E0,6.008382725707E0,-1.081351467846E1));
#3413=LINE('',#3412,#3411);
#3414=DIRECTION('',(4.331704088928E-1,9.010895780991E-1,-2.002421286419E-2));
#3415=VECTOR('',#3414,7.805424757048E-2);
#3416=CARTESIAN_POINT('',(7.170423580215E0,6.063964974684E0,-1.081474983955E1));
#3417=LINE('',#3416,#3415);
#3418=DIRECTION('',(2.082028552786E-1,9.778442532956E-1,-2.172987231046E-2));
#3419=VECTOR('',#3418,8.697947664403E-2);
#3420=CARTESIAN_POINT('',(7.204234370551E0,6.134298843696E0,-1.081631281442E1));
#3421=LINE('',#3420,#3419);
#3422=DIRECTION('',(-9.937048610139E-1,1.120020285760E-1,-2.488933969549E-3));
#3423=VECTOR('',#3422,1.757521020666E-1);
#3424=CARTESIAN_POINT('',(7.222343745939E0,6.219351225087E0,-1.081820286734E1));
#3425=LINE('',#3424,#3423);
#3426=DIRECTION('',(-2.712976145253E-1,-9.622579435143E-1,2.138350991908E-2));
#3427=VECTOR('',#3426,4.838921200904E-2);
#3428=CARTESIAN_POINT('',(7.047698027782E0,6.239035817045E0,-1.081864030272E1));
#3429=LINE('',#3428,#3427);
#3430=DIRECTION('',(-4.658320432510E-1,-8.846547526679E-1,1.965899444802E-2));
#3431=VECTOR('',#3430,4.327267279752E-2);
#3432=CARTESIAN_POINT('',(7.034570149995E0,6.192472913409E0,-1.081760557152E1));
#3433=LINE('',#3432,#3431);
#3434=DIRECTION('',(-6.732943388579E-1,-7.391920614286E-1,1.642649027762E-2));
#3435=VECTOR('',#3434,4.052066180765E-2);
#3436=CARTESIAN_POINT('',(7.014412352409E0,6.154191537758E0,-1.081675487429E1));
#3437=LINE('',#3436,#3435);
#3438=DIRECTION('',(-8.482278649159E-1,-5.295007406500E-1,1.176668310403E-2));
#3439=VECTOR('',#3438,4.050746318568E-2);
#3440=CARTESIAN_POINT('',(6.987130020207E0,6.124238986226E0,-1.081608926203E1));
#3441=LINE('',#3440,#3439);
#3442=DIRECTION('',(-9.543368410514E-1,-2.986589122035E-1,6.636864721983E-3));
#3443=VECTOR('',#3442,4.296340080906E-2);
#3444=CARTESIAN_POINT('',(6.952770461196E0,6.102790254467E0,-1.081561262355E1));
#3445=LINE('',#3444,#3443);
#3446=DIRECTION('',(-1.060879818826E-13,9.997531778316E-1,-2.221673728634E-2));
#3447=VECTOR('',#3446,8.999999662863E-1);
#3448=CARTESIAN_POINT('',(3.732592688910E0,5.950752841457E0,-1.083223895203E1));
#3449=LINE('',#3448,#3447);
#3450=DIRECTION('',(1.332267629788E-13,-2.221673726563E-2,-9.997531778320E-1));
#3451=VECTOR('',#3450,1.999999999643E-2);
#3452=CARTESIAN_POINT('',(3.732592688910E0,5.951197176202E0,-1.081224388848E1));
#3453=LINE('',#3452,#3451);
#3454=DIRECTION('',(-1.E0,0.E0,0.E0));
#3455=VECTOR('',#3454,1.799999932574E0);
#3456=CARTESIAN_POINT('',(3.732592688910E0,6.850530667800E0,-1.085223401484E1));
#3457=LINE('',#3456,#3455);
#3458=DIRECTION('',(0.E0,-2.221673730117E-2,-9.997531778313E-1));
#3459=VECTOR('',#3458,2.000000000086E-2);
#3460=CARTESIAN_POINT('',(3.732592688910E0,6.850975002546E0,-1.083223895128E1));
#3461=LINE('',#3460,#3459);
#3462=DIRECTION('',(7.426158731786E-14,-9.997531778316E-1,2.221673728700E-2));
#3463=VECTOR('',#3462,8.999999662862E-1);
#3464=CARTESIAN_POINT('',(1.932592756336E0,6.850530667800E0,-1.085223401484E1));
#3465=LINE('',#3464,#3463);
#3466=DIRECTION('',(0.E0,-2.221673729961E-2,-9.997531778313E-1));
#3467=VECTOR('',#3466,1.999999999914E-2);
#3468=CARTESIAN_POINT('',(1.932592756336E0,6.850975002546E0,-1.083223895128E1));
#3469=LINE('',#3468,#3467);
#3470=DIRECTION('',(6.661338149698E-14,2.221673729103E-2,9.997531778315E-1));
#3471=VECTOR('',#3470,1.999999999415E-2);
#3472=CARTESIAN_POINT('',(2.832100042269E0,5.050975015113E0,-1.081224388922E1));
#3473=LINE('',#3472,#3471);
#3474=DIRECTION('',(-1.776356839925E-13,-2.221673725805E-2,-9.997531778322E-1));
#3475=VECTOR('',#3474,1.999999999409E-2);
#3476=CARTESIAN_POINT('',(1.932592756336E0,5.951197176202E0,-1.081224388848E1));
#3477=LINE('',#3476,#3475);
#3478=DIRECTION('',(7.073002448752E-1,7.067387826871E-1,-1.570530628233E-2));
#3479=VECTOR('',#3478,1.273140583742E0);
#3480=CARTESIAN_POINT('',(2.832100042269E0,5.051419349859E0,-1.079224882567E1));
#3481=LINE('',#3480,#3479);
#3482=DIRECTION('',(-1.031273870393E-13,9.997531778317E-1,-2.221673728142E-2));
#3483=VECTOR('',#3482,8.999999662871E-1);
#3484=CARTESIAN_POINT('',(3.732592688910E0,5.951197176202E0,-1.081224388848E1));
#3485=LINE('',#3484,#3483);
#3486=DIRECTION('',(-1.E0,-3.750086801430E-14,-9.542984044692E-13));
#3487=VECTOR('',#3486,1.799999932574E0);
#3488=CARTESIAN_POINT('',(3.732592688910E0,6.850975002546E0,-1.083223895128E1));
#3489=LINE('',#3488,#3487);
#3490=DIRECTION('',(7.796233087184E-14,-9.997531778317E-1,2.221673728140E-2));
#3491=VECTOR('',#3490,8.999999662870E-1);
#3492=CARTESIAN_POINT('',(1.932592756336E0,6.850975002546E0,-1.083223895128E1));
#3493=LINE('',#3492,#3491);
#3494=DIRECTION('',(7.069131585735E-1,-7.071257733893E-1,1.571390607707E-2));
#3495=VECTOR('',#3494,1.272443828529E0);
#3496=CARTESIAN_POINT('',(1.932592756336E0,5.951197176202E0,-1.081224388848E1));
#3497=LINE('',#3496,#3495);
#3498=DIRECTION('',(7.082148328597E-1,7.058227347370E-1,-1.568494966166E-2));
#3499=VECTOR('',#3498,1.221810071845E0);
#3500=CARTESIAN_POINT('',(1.967259375990E0,5.951197176202E0,-1.081224388848E1));
#3501=LINE('',#3500,#3499);
#3502=DIRECTION('',(7.071067811862E-1,-7.069322515579E-1,1.570960558962E-2));
#3503=VECTOR('',#3502,1.219892464007E0);
#3504=CARTESIAN_POINT('',(2.832563391808E0,6.813578502441E0,-1.083140791795E1));
#3505=LINE('',#3504,#3503);
#3506=DIRECTION('',(-1.E0,0.E0,6.188829797521E-13));
#3507=VECTOR('',#3506,1.727898249435E0);
#3508=CARTESIAN_POINT('',(3.695157625425E0,5.950752841456E0,-1.083223895203E1));
#3509=LINE('',#3508,#3507);
#3510=DIRECTION('',(1.E0,-5.500039770223E-14,-9.817828001053E-13));
#3511=VECTOR('',#3510,1.727898249435E0);
#3512=CARTESIAN_POINT('',(1.967259375990E0,5.951197176202E0,-1.081224388848E1));
#3513=LINE('',#3512,#3511);
#3514=DIRECTION('',(-7.071067811861E-1,7.069322515579E-1,-1.570960559152E-2));
#3515=VECTOR('',#3514,1.219892464007E0);
#3516=CARTESIAN_POINT('',(3.695157625425E0,5.950752841456E0,-1.083223895203E1));
#3517=LINE('',#3516,#3515);
#3518=DIRECTION('',(-7.082148328597E-1,-7.058227347370E-1,1.568494966304E-2));
#3519=VECTOR('',#3518,1.221810071845E0);
#3520=CARTESIAN_POINT('',(2.832563391808E0,6.813134167695E0,-1.085140298150E1));
#3521=LINE('',#3520,#3519);
#3522=DIRECTION('',(-4.085620731942E-12,2.221673729491E-2,9.997531778314E-1));
#3523=VECTOR('',#3522,1.999999999353E-2);
#3524=CARTESIAN_POINT('',(3.695157625425E0,5.950752841456E0,-1.083223895203E1));
#3525=LINE('',#3524,#3523);
#3526=DIRECTION('',(4.130029652465E-12,-2.221673728689E-2,-9.997531778316E-1));
#3527=VECTOR('',#3526,1.999999999584E-2);
#3528=CARTESIAN_POINT('',(2.832563391808E0,6.813578502441E0,-1.083140791795E1));
#3529=LINE('',#3528,#3527);
#3530=DIRECTION('',(-8.115730312379E-12,-2.221673729897E-2,-9.997531778313E-1));
#3531=VECTOR('',#3530,1.999999999416E-2);
#3532=CARTESIAN_POINT('',(1.967259375990E0,5.951197176202E0,-1.081224388848E1));
#3533=LINE('',#3532,#3531);
#3534=DIRECTION('',(-1.E0,0.E0,0.E0));
#3535=VECTOR('',#3534,3.E1);
#3536=CARTESIAN_POINT('',(3.E1,3.848773152034E-14,-1.07E1));
#3537=LINE('',#3536,#3535);
#3538=DIRECTION('',(1.E0,0.E0,0.E0));
#3539=VECTOR('',#3538,2.25E0);
#3540=CARTESIAN_POINT('',(0.E0,3.819167204711E-14,-3.1E0));
#3541=LINE('',#3540,#3539);
#3542=DIRECTION('',(1.E0,0.E0,0.E0));
#3543=VECTOR('',#3542,4.5E0);
#3544=CARTESIAN_POINT('',(5.25E0,3.560115165631E-14,-3.1E0));
#3545=LINE('',#3544,#3543);
#3546=DIRECTION('',(1.E0,0.E0,0.E0));
#3547=VECTOR('',#3546,4.5E0);
#3548=CARTESIAN_POINT('',(1.275E1,3.560115165631E-14,-3.1E0));
#3549=LINE('',#3548,#3547);
#3550=DIRECTION('',(1.E0,0.E0,0.E0));
#3551=VECTOR('',#3550,4.5E0);
#3552=CARTESIAN_POINT('',(2.025E1,3.560115165631E-14,-3.1E0));
#3553=LINE('',#3552,#3551);
#3554=DIRECTION('',(-1.E0,0.E0,0.E0));
#3555=VECTOR('',#3554,3.E0);
#3556=CARTESIAN_POINT('',(2.775E1,3.735900477864E-14,-9.8E0));
#3557=LINE('',#3556,#3555);
#3558=DIRECTION('',(-1.E0,0.E0,0.E0));
#3559=VECTOR('',#3558,3.E0);
#3560=CARTESIAN_POINT('',(2.775E1,4.E-1,-9.8E0));
#3561=LINE('',#3560,#3559);
#3562=CARTESIAN_POINT('',(2.66E1,1.75E0,-3.5E0));
#3563=DIRECTION('',(0.E0,0.E0,1.E0));
#3564=DIRECTION('',(-2.368475785867E-14,-1.E0,0.E0));
#3565=AXIS2_PLACEMENT_3D('',#3562,#3563,#3564);
#3567=CARTESIAN_POINT('',(2.66E1,2.45E0,-3.5E0));
#3568=DIRECTION('',(0.E0,0.E0,1.E0));
#3569=DIRECTION('',(1.E0,0.E0,0.E0));
#3570=AXIS2_PLACEMENT_3D('',#3567,#3568,#3569);
#3572=CARTESIAN_POINT('',(2.59E1,2.45E0,-3.5E0));
#3573=DIRECTION('',(0.E0,0.E0,1.E0));
#3574=DIRECTION('',(0.E0,1.E0,0.E0));
#3575=AXIS2_PLACEMENT_3D('',#3572,#3573,#3574);
#3577=CARTESIAN_POINT('',(2.59E1,1.75E0,-3.5E0));
#3578=DIRECTION('',(0.E0,0.E0,1.E0));
#3579=DIRECTION('',(-1.E0,0.E0,0.E0));
#3580=AXIS2_PLACEMENT_3D('',#3577,#3578,#3579);
#3582=DIRECTION('',(-1.E0,0.E0,0.E0));
#3583=VECTOR('',#3582,3.E0);
#3584=CARTESIAN_POINT('',(2.775E1,4.E-1,-3.5E0));
#3585=LINE('',#3584,#3583);
#3586=DIRECTION('',(-1.E0,0.E0,0.E0));
#3587=VECTOR('',#3586,7.E-1);
#3588=CARTESIAN_POINT('',(2.66E1,1.6E0,-3.5E0));
#3589=LINE('',#3588,#3587);
#3590=DIRECTION('',(-1.E0,4.187126835704E-14,3.965082230781E-14));
#3591=VECTOR('',#3590,7.000000000041E-1);
#3592=CARTESIAN_POINT('',(2.66E1,1.6E0,-1.000000000001E0));
#3593=LINE('',#3592,#3591);
#3594=DIRECTION('',(-1.E0,3.367676508017E-14,3.309698194509E-13));
#3595=VECTOR('',#3594,6.000000000023E-1);
#3596=CARTESIAN_POINT('',(2.655E1,1.8E0,2.593110911183E-13));
#3597=LINE('',#3596,#3595);
#3598=DIRECTION('',(-1.E0,-1.480297366161E-14,2.354289602766E-13));
#3599=VECTOR('',#3598,6.000000000023E-1);
#3600=CARTESIAN_POINT('',(2.655E1,2.4E0,2.721526707698E-13));
#3601=LINE('',#3600,#3599);
#3602=DIRECTION('',(1.E0,0.E0,0.E0));
#3603=VECTOR('',#3602,7.E-1);
#3604=CARTESIAN_POINT('',(2.59E1,2.6E0,-3.5E0));
#3605=LINE('',#3604,#3603);
#3606=DIRECTION('',(-1.E0,3.298948416019E-14,-4.006319085993E-13));
#3607=VECTOR('',#3606,7.000000000021E-1);
#3608=CARTESIAN_POINT('',(2.66E1,2.6E0,-1.000000000001E0));
#3609=LINE('',#3608,#3607);
#3610=DIRECTION('',(0.E0,-4.103384299016E-14,-1.E0));
#3611=VECTOR('',#3610,2.499999999999E0);
#3612=CARTESIAN_POINT('',(2.66E1,2.6E0,-1.000000000001E0));
#3613=LINE('',#3612,#3611);
#3614=CARTESIAN_POINT('',(2.670606601718E1,2.556066017178E0,
-7.803300858899E-1));
#3615=CARTESIAN_POINT('',(2.669675080078E1,2.565381233580E0,
-8.269061678973E-1));
#3616=CARTESIAN_POINT('',(2.668000066247E1,2.578692186681E0,
-8.934609334039E-1));
#3617=CARTESIAN_POINT('',(2.665087068334E1,2.591936645591E0,
-9.596832279527E-1));
#3618=CARTESIAN_POINT('',(2.662729615273E1,2.597853674137E0,
-9.892683706845E-1));
#3619=CARTESIAN_POINT('',(2.661210082107E1,2.6E0,-9.999999999999E-1));
#3620=CARTESIAN_POINT('',(2.66E1,2.6E0,-9.999999999999E-1));
#3622=DIRECTION('',(4.376943252284E-13,-4.005684672850E-13,-1.E0));
#3623=VECTOR('',#3622,2.499999999999E0);
#3624=CARTESIAN_POINT('',(2.675E1,2.450000000001E0,-1.000000000001E0));
#3625=LINE('',#3624,#3623);
#3626=DIRECTION('',(0.E0,-1.E0,0.E0));
#3627=VECTOR('',#3626,7.000000000003E-1);
#3628=CARTESIAN_POINT('',(2.675E1,2.45E0,-3.5E0));
#3629=LINE('',#3628,#3627);
#3630=DIRECTION('',(4.376943252284E-13,4.000355602331E-13,-1.E0));
#3631=VECTOR('',#3630,2.499999999999E0);
#3632=CARTESIAN_POINT('',(2.675E1,1.749999999999E0,-1.000000000001E0));
#3633=LINE('',#3632,#3631);
#3634=DIRECTION('',(8.256506589537E-13,-5.240252676234E-14,1.E0));
#3635=VECTOR('',#3634,2.499999999999E0);
#3636=CARTESIAN_POINT('',(2.66E1,1.6E0,-3.5E0));
#3637=LINE('',#3636,#3635);
#3638=CARTESIAN_POINT('',(2.660000000001E1,1.6E0,-9.999999999999E-1));
#3639=CARTESIAN_POINT('',(2.661210082107E1,1.600000000001E0,
-9.999999999974E-1));
#3640=CARTESIAN_POINT('',(2.662729615274E1,1.602146325864E0,
-9.892683706797E-1));
#3641=CARTESIAN_POINT('',(2.665087068334E1,1.608063354411E0,
-9.596832279452E-1));
#3642=CARTESIAN_POINT('',(2.668000066247E1,1.621307813321E0,
-8.934609333953E-1));
#3643=CARTESIAN_POINT('',(2.669675080078E1,1.634618766422E0,
-8.269061678904E-1));
#3644=CARTESIAN_POINT('',(2.670606601718E1,1.643933982823E0,
-7.803300858846E-1));
#3646=DIRECTION('',(0.E0,-1.E0,0.E0));
#3647=VECTOR('',#3646,7.000000000023E-1);
#3648=CARTESIAN_POINT('',(2.675E1,2.450000000001E0,-1.000000000001E0));
#3649=LINE('',#3648,#3647);
#3650=CARTESIAN_POINT('',(2.675E1,1.749999999998E0,-1.000000000018E0));
#3651=CARTESIAN_POINT('',(2.675E1,1.737899178930E0,-1.000000000017E0));
#3652=CARTESIAN_POINT('',(2.674785367414E1,1.722703847264E0,
-9.892683707002E-1));
#3653=CARTESIAN_POINT('',(2.674193664559E1,1.699129316661E0,
-9.596832279658E-1));
#3654=CARTESIAN_POINT('',(2.672869218668E1,1.669999337526E0,
-8.934609334131E-1));
#3655=CARTESIAN_POINT('',(2.671538123358E1,1.653249199222E0,
-8.269061679040E-1));
#3656=CARTESIAN_POINT('',(2.670606601718E1,1.643933982821E0,
-7.803300858952E-1));
#3658=DIRECTION('',(-1.924500897284E-1,1.924500897295E-1,9.622504486497E-1));
#3659=VECTOR('',#3658,8.109428132622E-1);
#3660=CARTESIAN_POINT('',(2.670606601718E1,1.643933982822E0,
-7.803300858906E-1));
#3661=LINE('',#3660,#3659);
#3662=DIRECTION('',(0.E0,1.E0,2.140263275248E-14));
#3663=VECTOR('',#3662,6.000000000005E-1);
#3664=CARTESIAN_POINT('',(2.655E1,1.8E0,2.593110911183E-13));
#3665=LINE('',#3664,#3663);
#3666=DIRECTION('',(1.924500897275E-1,1.924500897295E-1,-9.622504486499E-1));
#3667=VECTOR('',#3666,8.109428132625E-1);
#3668=CARTESIAN_POINT('',(2.655E1,2.4E0,2.721526707698E-13));
#3669=LINE('',#3668,#3667);
#3670=CARTESIAN_POINT('',(2.670606601718E1,2.556066017179E0,
-7.803300858957E-1));
#3671=CARTESIAN_POINT('',(2.671538123358E1,2.546750800778E0,
-8.269061679045E-1));
#3672=CARTESIAN_POINT('',(2.672869218668E1,2.530000662474E0,
-8.934609334134E-1));
#3673=CARTESIAN_POINT('',(2.674193664559E1,2.500870683339E0,
-9.596832279659E-1));
#3674=CARTESIAN_POINT('',(2.674785367414E1,2.477296152736E0,
-9.892683707002E-1));
#3675=CARTESIAN_POINT('',(2.675E1,2.462100821070E0,-1.000000000017E0));
#3676=CARTESIAN_POINT('',(2.675E1,2.450000000002E0,-1.000000000018E0));
#3678=DIRECTION('',(-8.327560863113E-13,5.009326287112E-14,1.E0));
#3679=VECTOR('',#3678,2.499999999999E0);
#3680=CARTESIAN_POINT('',(2.59E1,2.6E0,-3.5E0));
#3681=LINE('',#3680,#3679);
#3682=CARTESIAN_POINT('',(2.589999999999E1,2.6E0,-9.999999999999E-1));
#3683=CARTESIAN_POINT('',(2.588789917893E1,2.599999999999E0,
-9.999999999974E-1));
#3684=CARTESIAN_POINT('',(2.587270384726E1,2.597853674136E0,
-9.892683706797E-1));
#3685=CARTESIAN_POINT('',(2.584912931666E1,2.591936645589E0,
-9.596832279455E-1));
#3686=CARTESIAN_POINT('',(2.581999933753E1,2.578692186679E0,
-8.934609333961E-1));
#3687=CARTESIAN_POINT('',(2.580324919922E1,2.565381233578E0,
-8.269061678915E-1));
#3688=CARTESIAN_POINT('',(2.579393398282E1,2.556066017177E0,
-7.803300858861E-1));
#3690=DIRECTION('',(-3.595346242956E-13,-5.301536987204E-12,-1.E0));
#3691=VECTOR('',#3690,2.499999999993E0);
#3692=CARTESIAN_POINT('',(2.575E1,2.450000000017E0,-1.000000000007E0));
#3693=LINE('',#3692,#3691);
#3694=DIRECTION('',(0.E0,1.E0,-3.494347668242E-12));
#3695=VECTOR('',#3694,7.000000000243E-1);
#3696=CARTESIAN_POINT('',(2.575E1,1.749999999993E0,-1.000000000004E0));
#3697=LINE('',#3696,#3695);
#3698=CARTESIAN_POINT('',(2.575E1,2.450000000011E0,-1.000000000018E0));
#3699=CARTESIAN_POINT('',(2.575E1,2.462100821078E0,-1.000000000014E0));
#3700=CARTESIAN_POINT('',(2.575214632586E1,2.477296152743E0,
-9.892683706937E-1));
#3701=CARTESIAN_POINT('',(2.575806335441E1,2.500870683344E0,
-9.596832279566E-1));
#3702=CARTESIAN_POINT('',(2.577130781332E1,2.530000662476E0,
-8.934609334049E-1));
#3703=CARTESIAN_POINT('',(2.578461876642E1,2.546750800778E0,
-8.269061679005E-1));
#3704=CARTESIAN_POINT('',(2.579393398282E1,2.556066017179E0,
-7.803300858956E-1));
#3706=DIRECTION('',(1.924500897280E-1,-1.924500897295E-1,9.622504486498E-1));
#3707=VECTOR('',#3706,8.109428132646E-1);
#3708=CARTESIAN_POINT('',(2.579393398282E1,2.556066017178E0,
-7.803300858928E-1));
#3709=LINE('',#3708,#3707);
#3710=DIRECTION('',(0.E0,-1.E0,7.413822642214E-14));
#3711=VECTOR('',#3710,6.000000000004E-1);
#3712=CARTESIAN_POINT('',(2.595E1,2.4E0,4.134100469363E-13));
#3713=LINE('',#3712,#3711);
#3714=DIRECTION('',(-1.924500897279E-1,-1.924500897293E-1,-9.622504486499E-1));
#3715=VECTOR('',#3714,8.109428132625E-1);
#3716=CARTESIAN_POINT('',(2.595E1,1.8E0,4.578929827896E-13));
#3717=LINE('',#3716,#3715);
#3718=CARTESIAN_POINT('',(2.579393398282E1,1.643933982821E0,
-7.803300858966E-1));
#3719=CARTESIAN_POINT('',(2.578461876642E1,1.653249199222E0,
-8.269061679013E-1));
#3720=CARTESIAN_POINT('',(2.577130781332E1,1.669999337524E0,
-8.934609334054E-1));
#3721=CARTESIAN_POINT('',(2.575806335441E1,1.699129316657E0,
-9.596832279568E-1));
#3722=CARTESIAN_POINT('',(2.575214632586E1,1.722703847257E0,
-9.892683706937E-1));
#3723=CARTESIAN_POINT('',(2.575E1,1.737899178922E0,-1.000000000014E0));
#3724=CARTESIAN_POINT('',(2.575E1,1.749999999989E0,-1.000000000018E0));
#3726=DIRECTION('',(-3.595346242952E-13,2.200106763443E-12,-1.E0));
#3727=VECTOR('',#3726,2.499999999996E0);
#3728=CARTESIAN_POINT('',(2.575E1,1.749999999993E0,-1.000000000004E0));
#3729=LINE('',#3728,#3727);
#3730=DIRECTION('',(0.E0,1.E0,0.E0));
#3731=VECTOR('',#3730,7.000000000055E-1);
#3732=CARTESIAN_POINT('',(2.575E1,1.749999999998E0,-3.5E0));
#3733=LINE('',#3732,#3731);
#3734=CARTESIAN_POINT('',(2.579393398282E1,1.643933982823E0,
-7.803300858845E-1));
#3735=CARTESIAN_POINT('',(2.580324919922E1,1.634618766421E0,
-8.269061678929E-1));
#3736=CARTESIAN_POINT('',(2.581999933753E1,1.621307813320E0,
-8.934609334011E-1));
#3737=CARTESIAN_POINT('',(2.584912931666E1,1.608063354410E0,
-9.596832279515E-1));
#3738=CARTESIAN_POINT('',(2.587270384727E1,1.602146325863E0,
-9.892683706841E-1));
#3739=CARTESIAN_POINT('',(2.588789917893E1,1.6E0,-9.999999999999E-1));
#3740=CARTESIAN_POINT('',(2.59E1,1.6E0,-9.999999999999E-1));
#3742=DIRECTION('',(8.313350008398E-13,4.085620730623E-14,-1.E0));
#3743=VECTOR('',#3742,2.499999999999E0);
#3744=CARTESIAN_POINT('',(2.59E1,1.6E0,-1.000000000001E0));
#3745=LINE('',#3744,#3743);
#3746=DIRECTION('',(-1.E0,-1.702341971092E-14,2.605323364454E-14));
#3747=VECTOR('',#3746,3.E0);
#3748=CARTESIAN_POINT('',(2.775E1,2.8E0,-3.5E0));
#3749=LINE('',#3748,#3747);
#3750=DIRECTION('',(1.E0,0.E0,0.E0));
#3751=VECTOR('',#3750,3.E1);
#3752=CARTESIAN_POINT('',(0.E0,1.2E1,-3.1E0));
#3753=LINE('',#3752,#3751);
#3754=DIRECTION('',(-1.E0,0.E0,0.E0));
#3755=VECTOR('',#3754,2.25E0);
#3756=CARTESIAN_POINT('',(3.E1,3.759955310064E-14,-3.1E0));
#3757=LINE('',#3756,#3755);
#3758=DIRECTION('',(-1.E0,-1.687538997430E-14,2.560914443469E-14));
#3759=VECTOR('',#3758,3.E0);
#3760=CARTESIAN_POINT('',(2.775E1,3.4E0,-3.1E0));
#3761=LINE('',#3760,#3759);
#3762=DIRECTION('',(1.E0,2.865855700903E-13,0.E0));
#3763=VECTOR('',#3762,7.499999999991E-1);
#3764=CARTESIAN_POINT('',(2.875E1,1.2E1,-4.85E0));
#3765=LINE('',#3764,#3763);
#3766=DIRECTION('',(0.E0,4.094205354752E-14,-1.E0));
#3767=VECTOR('',#3766,5.379999999999E0);
#3768=CARTESIAN_POINT('',(2.95E1,1.2E1,-4.85E0));
#3769=LINE('',#3768,#3767);
#3770=DIRECTION('',(-1.E0,0.E0,0.E0));
#3771=VECTOR('',#3770,2.35E0);
#3772=CARTESIAN_POINT('',(2.95E1,1.2E1,-1.023E1));
#3773=LINE('',#3772,#3771);
#3774=DIRECTION('',(0.E0,3.222355283559E-13,1.E0));
#3775=VECTOR('',#3774,6.780502831609E-1);
#3776=CARTESIAN_POINT('',(2.85E0,1.2E1,-1.090805028316E1));
#3777=LINE('',#3776,#3775);
#3778=CARTESIAN_POINT('',(2.625E1,1.2E1,-6.897825058615E0));
#3779=DIRECTION('',(0.E0,-1.E0,0.E0));
#3780=DIRECTION('',(6.008912485043E-1,0.E0,7.993307872658E-1));
#3781=AXIS2_PLACEMENT_3D('',#3778,#3779,#3780);
#3783=CARTESIAN_POINT('',(2.625E1,3.4E0,-6.897825058615E0));
#3784=DIRECTION('',(0.E0,1.E0,0.E0));
#3785=DIRECTION('',(-6.271177165092E-1,0.E0,7.789244954682E-1));
#3786=AXIS2_PLACEMENT_3D('',#3783,#3784,#3785);
#3788=CARTESIAN_POINT('',(2.625E1,1.07E1,-6.897825058615E0));
#3789=DIRECTION('',(0.E0,-1.E0,0.E0));
#3790=DIRECTION('',(6.271186237132E-1,0.E0,7.789237650708E-1));
#3791=AXIS2_PLACEMENT_3D('',#3788,#3789,#3790);
#3793=DIRECTION('',(1.E0,0.E0,0.E0));
#3794=VECTOR('',#3793,2.549999999990E0);
#3795=CARTESIAN_POINT('',(2.665000000001E1,3.4E0,-9.825E0));
#3796=LINE('',#3795,#3794);
#3797=DIRECTION('',(0.E0,0.E0,1.E0));
#3798=VECTOR('',#3797,4.975E0);
#3799=CARTESIAN_POINT('',(2.92E1,3.4E0,-9.825E0));
#3800=LINE('',#3799,#3798);
#3801=DIRECTION('',(-1.E0,0.E0,0.E0));
#3802=VECTOR('',#3801,4.5E-1);
#3803=CARTESIAN_POINT('',(1.25E0,3.4E0,-4.85E0));
#3804=LINE('',#3803,#3802);
#3805=DIRECTION('',(0.E0,0.E0,-1.E0));
#3806=VECTOR('',#3805,4.975E0);
#3807=CARTESIAN_POINT('',(8.E-1,3.4E0,-4.85E0));
#3808=LINE('',#3807,#3806);
#3809=DIRECTION('',(1.E0,0.E0,0.E0));
#3810=VECTOR('',#3809,2.549999999993E0);
#3811=CARTESIAN_POINT('',(8.E-1,3.4E0,-9.825E0));
#3812=LINE('',#3811,#3810);
#3813=DIRECTION('',(1.E0,0.E0,0.E0));
#3814=VECTOR('',#3813,6.699999999995E0);
#3815=CARTESIAN_POINT('',(4.149999999995E0,3.4E0,-9.825E0));
#3816=LINE('',#3815,#3814);
#3817=DIRECTION('',(1.E0,0.E0,0.E0));
#3818=VECTOR('',#3817,6.7E0);
#3819=CARTESIAN_POINT('',(1.164999999999E1,3.4E0,-9.825E0));
#3820=LINE('',#3819,#3818);
#3821=DIRECTION('',(1.E0,0.E0,0.E0));
#3822=VECTOR('',#3821,6.7E0);
#3823=CARTESIAN_POINT('',(1.914999999999E1,3.4E0,-9.825E0));
#3824=LINE('',#3823,#3822);
#3825=CARTESIAN_POINT('',(3.75E0,3.4E0,-6.9E0));
#3826=DIRECTION('',(0.E0,1.E0,0.E0));
#3827=DIRECTION('',(0.E0,0.E0,-1.E0));
#3828=AXIS2_PLACEMENT_3D('',#3825,#3826,#3827);
#3830=CARTESIAN_POINT('',(3.75E0,3.4E0,-6.9E0));
#3831=DIRECTION('',(0.E0,1.E0,0.E0));
#3832=DIRECTION('',(0.E0,0.E0,1.E0));
#3833=AXIS2_PLACEMENT_3D('',#3830,#3831,#3832);
#3835=CARTESIAN_POINT('',(1.125E1,3.4E0,-6.9E0));
#3836=DIRECTION('',(0.E0,1.E0,0.E0));
#3837=DIRECTION('',(5.130272460364E-14,0.E0,-1.E0));
#3838=AXIS2_PLACEMENT_3D('',#3835,#3836,#3837);
#3840=CARTESIAN_POINT('',(1.125E1,3.4E0,-6.9E0));
#3841=DIRECTION('',(0.E0,1.E0,0.E0));
#3842=DIRECTION('',(5.002015648855E-14,0.E0,1.E0));
#3843=AXIS2_PLACEMENT_3D('',#3840,#3841,#3842);
#3845=CARTESIAN_POINT('',(1.875E1,3.4E0,-6.9E0));
#3846=DIRECTION('',(0.E0,1.E0,0.E0));
#3847=DIRECTION('',(3.129466200818E-12,0.E0,-1.E0));
#3848=AXIS2_PLACEMENT_3D('',#3845,#3846,#3847);
#3850=CARTESIAN_POINT('',(1.875E1,3.4E0,-6.9E0));
#3851=DIRECTION('',(0.E0,1.E0,0.E0));
#3852=DIRECTION('',(3.139726745736E-12,0.E0,1.E0));
#3853=AXIS2_PLACEMENT_3D('',#3850,#3851,#3852);
#3855=CARTESIAN_POINT('',(2.625E1,3.4E0,-6.9E0));
#3856=DIRECTION('',(0.E0,1.E0,0.E0));
#3857=DIRECTION('',(3.139726745739E-12,0.E0,-1.E0));
#3858=AXIS2_PLACEMENT_3D('',#3855,#3856,#3857);
#3860=CARTESIAN_POINT('',(2.625E1,3.4E0,-6.9E0));
#3861=DIRECTION('',(0.E0,1.E0,0.E0));
#3862=DIRECTION('',(3.144857018197E-12,0.E0,1.E0));
#3863=AXIS2_PLACEMENT_3D('',#3860,#3861,#3862);
#3865=DIRECTION('',(1.E0,-9.992007221377E-14,0.E0));
#3866=VECTOR('',#3865,4.000000000100E-1);
#3867=CARTESIAN_POINT('',(2.584999999999E1,4.E0,-9.825E0));
#3868=LINE('',#3867,#3866);
#3869=DIRECTION('',(1.E0,4.884981308229E-14,0.E0));
#3870=VECTOR('',#3869,4.000000000100E-1);
#3871=CARTESIAN_POINT('',(2.625E1,4.E0,-9.825E0));
#3872=LINE('',#3871,#3870);
#3873=DIRECTION('',(-1.E0,-1.887379141816E-14,1.554312234436E-14));
#3874=VECTOR('',#3873,8.000000000200E-1);
#3875=CARTESIAN_POINT('',(2.665000000001E1,3.4E0,-9.625E0));
#3876=LINE('',#3875,#3874);
#3877=DIRECTION('',(1.E0,0.E0,0.E0));
#3878=VECTOR('',#3877,2.84E1);
#3879=CARTESIAN_POINT('',(8.E-1,5.6E0,-9.825E0));
#3880=LINE('',#3879,#3878);
#3881=DIRECTION('',(0.E0,-1.E0,-4.925353054700E-14));
#3882=VECTOR('',#3881,2.2E0);
#3883=CARTESIAN_POINT('',(2.92E1,5.6E0,-9.825E0));
#3884=LINE('',#3883,#3882);
#3885=DIRECTION('',(0.E0,1.E0,3.068252722600E-14));
#3886=VECTOR('',#3885,2.2E0);
#3887=CARTESIAN_POINT('',(8.E-1,3.4E0,-9.825E0));
#3888=LINE('',#3887,#3886);
#3889=DIRECTION('',(1.E0,0.E0,0.E0));
#3890=VECTOR('',#3889,2.84E1);
#3891=CARTESIAN_POINT('',(8.E-1,6.E0,-9.93E0));
#3892=LINE('',#3891,#3890);
#3893=DIRECTION('',(0.E0,9.672309653793E-1,-2.538981284127E-1));
#3894=VECTOR('',#3893,4.135516896347E-1);
#3895=CARTESIAN_POINT('',(2.92E1,5.6E0,-9.825E0));
#3896=LINE('',#3895,#3894);
#3897=DIRECTION('',(1.496675124261E-13,1.E0,-1.681869773475E-13));
#3898=VECTOR('',#3897,4.7E0);
#3899=CARTESIAN_POINT('',(2.92E1,6.E0,-9.93E0));
#3900=LINE('',#3899,#3898);
#3901=DIRECTION('',(-4.615730370094E-14,0.E0,-1.E0));
#3902=VECTOR('',#3901,5.080000000001E0);
#3903=CARTESIAN_POINT('',(2.92E1,1.07E1,-4.85E0));
#3904=LINE('',#3903,#3902);
#3905=DIRECTION('',(1.279950270582E-13,1.E0,0.E0));
#3906=VECTOR('',#3905,7.3E0);
#3907=CARTESIAN_POINT('',(2.92E1,3.4E0,-4.85E0));
#3908=LINE('',#3907,#3906);
#3909=DIRECTION('',(2.248595066974E-1,9.743911956949E-1,0.E0));
#3910=VECTOR('',#3909,1.334166406413E0);
#3911=CARTESIAN_POINT('',(2.92E1,1.07E1,-4.85E0));
#3912=LINE('',#3911,#3910);
#3913=DIRECTION('',(1.E0,0.E0,0.E0));
#3914=VECTOR('',#3913,4.5E-1);
#3915=CARTESIAN_POINT('',(2.875E1,3.4E0,-4.85E0));
#3916=LINE('',#3915,#3914);
#3917=DIRECTION('',(0.E0,1.E0,0.E0));
#3918=VECTOR('',#3917,8.6E0);
#3919=CARTESIAN_POINT('',(2.875E1,3.4E0,-4.85E0));
#3920=LINE('',#3919,#3918);
#3921=DIRECTION('',(0.E0,1.291895788273E-14,1.E0));
#3922=VECTOR('',#3921,5.500000404135E-1);
#3923=CARTESIAN_POINT('',(2.875E1,1.2E1,-4.85E0));
#3924=LINE('',#3923,#3922);
#3925=DIRECTION('',(0.E0,-9.743911872603E-1,-2.248595432476E-1));
#3926=VECTOR('',#3925,1.334166327690E0);
#3927=CARTESIAN_POINT('',(2.875E1,1.2E1,-4.299999959587E0));
#3928=LINE('',#3927,#3926);
#3929=DIRECTION('',(0.E0,-1.E0,-9.887770239814E-10));
#3930=VECTOR('',#3929,7.300000087960E0);
#3931=CARTESIAN_POINT('',(2.875E1,1.070000008796E1,-4.599999990647E0));
#3932=LINE('',#3931,#3930);
#3933=DIRECTION('',(0.E0,0.E0,-1.E0));
#3934=VECTOR('',#3933,2.500000021347E-1);
#3935=CARTESIAN_POINT('',(2.875E1,3.4E0,-4.599999997865E0));
#3936=LINE('',#3935,#3934);
#3937=DIRECTION('',(-1.E0,-2.281030362027E-8,2.081604357271E-7));
#3938=VECTOR('',#3937,5.471039267663E-1);
#3939=CARTESIAN_POINT('',(2.875E1,1.2E1,-4.299999959587E0));
#3940=LINE('',#3939,#3938);
#3941=CARTESIAN_POINT('',(2.820289607323E1,1.199999998752E1,-4.299999845701E0));
#3942=CARTESIAN_POINT('',(2.819176259805E1,1.185553315581E1,-4.333338345326E0));
#3943=CARTESIAN_POINT('',(2.816932168359E1,1.156661255359E1,-4.400012560179E0));
#3944=CARTESIAN_POINT('',(2.813501318589E1,1.113327941489E1,-4.500012424573E0));
#3945=CARTESIAN_POINT('',(2.811174887870E1,1.084442059802E1,-4.566672163662E0));
#3946=CARTESIAN_POINT('',(2.809999992206E1,1.070000003963E1,-4.599999984828E0));
#3948=DIRECTION('',(1.E0,7.435358513503E-8,-8.953072422666E-9));
#3949=VECTOR('',#3948,6.500000779432E-1);
#3950=CARTESIAN_POINT('',(2.809999992206E1,1.070000003963E1,-4.599999984828E0));
#3951=LINE('',#3950,#3949);
#3952=DIRECTION('',(7.141076123899E-9,-1.E0,-2.034387381140E-9));
#3953=VECTOR('',#3952,7.300000039630E0);
#3954=CARTESIAN_POINT('',(2.809999992206E1,1.070000003963E1,-4.599999984828E0));
#3955=LINE('',#3954,#3953);
#3956=DIRECTION('',(1.E0,0.E0,2.789935009739E-9));
#3957=VECTOR('',#3956,6.500000258133E-1);
#3958=CARTESIAN_POINT('',(2.809999997419E1,3.4E0,-4.599999999679E0));
#3959=LINE('',#3958,#3957);
#3960=DIRECTION('',(-2.193817272370E-1,-9.506541513658E-1,2.193817272368E-1));
#3961=VECTOR('',#3960,1.367479433118E0);
#3962=CARTESIAN_POINT('',(2.95E1,1.2E1,-1.023E1));
#3963=LINE('',#3962,#3961);
#3964=DIRECTION('',(-1.E0,0.E0,-5.291275691831E-14));
#3965=VECTOR('',#3964,2.35E0);
#3966=CARTESIAN_POINT('',(2.92E1,1.07E1,-9.930000000001E0));
#3967=LINE('',#3966,#3965);
#3968=DIRECTION('',(0.E0,3.222355283559E-13,1.E0));
#3969=VECTOR('',#3968,6.780502831609E-1);
#3970=CARTESIAN_POINT('',(2.715E1,1.2E1,-1.090805028316E1));
#3971=LINE('',#3970,#3969);
#3972=DIRECTION('',(-2.193817272370E-1,-9.506541513659E-1,2.193817272368E-1));
#3973=VECTOR('',#3972,1.367479433118E0);
#3974=CARTESIAN_POINT('',(2.715E1,1.2E1,-1.023E1));
#3975=LINE('',#3974,#3973);
#3976=DIRECTION('',(-1.E0,6.312042246543E-13,1.763930014370E-13));
#3977=VECTOR('',#3976,2.890219049252E0);
#3978=CARTESIAN_POINT('',(3.E1,1.182571745324E1,-1.118043809851E1));
#3979=LINE('',#3978,#3977);
#3980=DIRECTION('',(-2.050757781074E-1,-8.886617051345E-1,-4.101515562095E-1));
#3981=VECTOR('',#3980,1.266755894552E0);
#3982=CARTESIAN_POINT('',(2.710978095075E1,1.182571745324E1,-1.118043809851E1));
#3983=LINE('',#3982,#3981);
#3984=DIRECTION('',(1.E0,6.146758587132E-14,-2.255691224636E-14));
#3985=VECTOR('',#3984,3.149999999999E0);
#3986=CARTESIAN_POINT('',(2.685E1,1.07E1,-1.17E1));
#3987=LINE('',#3986,#3985);
#3988=DIRECTION('',(-1.E0,7.541725528679E-14,0.E0));
#3989=VECTOR('',#3988,2.850000000001E0);
#3990=CARTESIAN_POINT('',(3.E1,1.2E1,-1.090805028316E1));
#3991=LINE('',#3990,#3989);
#3992=CARTESIAN_POINT('',(2.715E1,1.2E1,-1.090805028316E1));
#3993=CARTESIAN_POINT('',(2.715E1,1.2E1,-1.097272823418E1));
#3994=CARTESIAN_POINT('',(2.714144919673E1,1.196294651919E1,-1.107748992015E1));
#3995=CARTESIAN_POINT('',(2.712304483188E1,1.188319427148E1,-1.115391033624E1));
#3996=CARTESIAN_POINT('',(2.710978095075E1,1.182571745324E1,-1.118043809851E1));
#3998=DIRECTION('',(0.E0,-9.997531778316E-1,2.221673728515E-2));
#3999=VECTOR('',#3998,9.002221947941E0);
#4000=CARTESIAN_POINT('',(3.E1,9.E0,-1.09E1));
#4001=LINE('',#4000,#3999);
#4002=DIRECTION('',(0.E0,0.E0,1.E0));
#4003=VECTOR('',#4002,7.6E0);
#4004=CARTESIAN_POINT('',(3.E1,3.848773152034E-14,-1.07E1));
#4005=LINE('',#4004,#4003);
#4006=DIRECTION('',(0.E0,1.E0,0.E0));
#4007=VECTOR('',#4006,1.2E1);
#4008=CARTESIAN_POINT('',(3.E1,3.759955310064E-14,-3.1E0));
#4009=LINE('',#4008,#4007);
#4010=DIRECTION('',(0.E0,0.E0,-1.E0));
#4011=VECTOR('',#4010,7.808050283160E0);
#4012=CARTESIAN_POINT('',(3.E1,1.2E1,-3.1E0));
#4013=LINE('',#4012,#4011);
#4014=CARTESIAN_POINT('',(3.E1,1.17E1,-1.090805028316E1));
#4015=DIRECTION('',(-1.E0,0.E0,0.E0));
#4016=DIRECTION('',(0.E0,1.E0,0.E0));
#4017=AXIS2_PLACEMENT_3D('',#4014,#4015,#4016);
#4019=DIRECTION('',(0.E0,-9.079593845028E-1,-4.190581774567E-1));
#4020=VECTOR('',#4019,1.239832389480E0);
#4021=CARTESIAN_POINT('',(3.E1,1.182571745324E1,-1.118043809851E1));
#4022=LINE('',#4021,#4020);
#4023=DIRECTION('',(0.E0,-1.E0,1.703212734248E-13));
#4024=VECTOR('',#4023,1.7E0);
#4025=CARTESIAN_POINT('',(3.E1,1.07E1,-1.17E1));
#4026=LINE('',#4025,#4024);
#4027=DIRECTION('',(0.E0,0.E0,1.E0));
#4028=VECTOR('',#4027,8.E-1);
#4029=CARTESIAN_POINT('',(3.E1,9.E0,-1.17E1));
#4030=LINE('',#4029,#4028);
#4031=DIRECTION('',(-1.546707967183E-14,1.E0,0.E0));
#4032=VECTOR('',#4031,7.3E0);
#4033=CARTESIAN_POINT('',(8.E-1,3.4E0,-4.85E0));
#4034=LINE('',#4033,#4032);
#4035=DIRECTION('',(0.E0,0.E0,-1.E0));
#4036=VECTOR('',#4035,5.080000000001E0);
#4037=CARTESIAN_POINT('',(7.999999999999E-1,1.07E1,-4.85E0));
#4038=LINE('',#4037,#4036);
#4039=DIRECTION('',(1.015735958700E-14,-1.E0,1.511793054809E-13));
#4040=VECTOR('',#4039,4.7E0);
#4041=CARTESIAN_POINT('',(8.E-1,1.07E1,-9.930000000001E0));
#4042=LINE('',#4041,#4040);
#4043=DIRECTION('',(0.E0,-9.672309653792E-1,2.538981284131E-1));
#4044=VECTOR('',#4043,4.135516896348E-1);
#4045=CARTESIAN_POINT('',(8.E-1,6.E0,-9.93E0));
#4046=LINE('',#4045,#4044);
#4047=DIRECTION('',(-1.E0,4.263256414561E-14,0.E0));
#4048=VECTOR('',#4047,7.5E-1);
#4049=CARTESIAN_POINT('',(1.25E0,1.2E1,-4.85E0));
#4050=LINE('',#4049,#4048);
#4051=DIRECTION('',(2.248595066986E-1,-9.743911956946E-1,0.E0));
#4052=VECTOR('',#4051,1.334166406413E0);
#4053=CARTESIAN_POINT('',(5.E-1,1.2E1,-4.85E0));
#4054=LINE('',#4053,#4052);
#4055=DIRECTION('',(0.E0,-1.E0,0.E0));
#4056=VECTOR('',#4055,8.6E0);
#4057=CARTESIAN_POINT('',(1.25E0,1.2E1,-4.85E0));
#4058=LINE('',#4057,#4056);
#4059=DIRECTION('',(0.E0,0.E0,1.E0));
#4060=VECTOR('',#4059,2.500000008358E-1);
#4061=CARTESIAN_POINT('',(1.25E0,3.4E0,-4.85E0));
#4062=LINE('',#4061,#4060);
#4063=DIRECTION('',(0.E0,9.743911937156E-1,2.248595152746E-1));
#4064=VECTOR('',#4063,1.334166318851E0);
#4065=CARTESIAN_POINT('',(1.25E0,1.070000008796E1,-4.599999991753E0));
#4066=LINE('',#4065,#4064);
#4067=DIRECTION('',(0.E0,0.E0,-1.E0));
#4068=VECTOR('',#4067,5.5E-1);
#4069=CARTESIAN_POINT('',(1.25E0,1.2E1,-4.3E0));
#4070=LINE('',#4069,#4068);
#4071=DIRECTION('',(0.E0,-1.E0,-1.015283917754E-9));
#4072=VECTOR('',#4071,7.300000087960E0);
#4073=CARTESIAN_POINT('',(1.25E0,1.070000008796E1,-4.599999991753E0));
#4074=LINE('',#4073,#4072);
#4075=DIRECTION('',(1.E0,0.E0,2.350612077015E-8));
#4076=VECTOR('',#4075,6.500000200082E-1);
#4077=CARTESIAN_POINT('',(1.25E0,3.4E0,-4.599999999164E0));
#4078=LINE('',#4077,#4076);
#4079=DIRECTION('',(7.954897735661E-9,1.E0,8.800180023078E-10));
#4080=VECTOR('',#4079,7.300000036563E0);
#4081=CARTESIAN_POINT('',(1.900000020008E0,3.4E0,-4.599999983885E0));
#4082=LINE('',#4081,#4080);
#4083=DIRECTION('',(-1.E0,7.907106634265E-8,-2.198698121640E-8));
#4084=VECTOR('',#4083,6.500000780789E-1);
#4085=CARTESIAN_POINT('',(1.900000078079E0,1.070000003656E1,-4.599999977461E0));
#4086=LINE('',#4085,#4084);
#4087=CARTESIAN_POINT('',(3.75E0,3.4E0,-6.897825058615E0));
#4088=DIRECTION('',(0.E0,1.E0,0.E0));
#4089=DIRECTION('',(-6.271186440678E-1,0.E0,7.789237486831E-1));
#4090=AXIS2_PLACEMENT_3D('',#4087,#4088,#4089);
#4092=CARTESIAN_POINT('',(3.75E0,1.07E1,-6.897825058615E0));
#4093=DIRECTION('',(0.E0,-1.E0,0.E0));
#4094=DIRECTION('',(6.271186278678E-1,0.E0,7.789237617259E-1));
#4095=AXIS2_PLACEMENT_3D('',#4092,#4093,#4094);
#4097=DIRECTION('',(-4.690898705887E-8,-1.E0,-1.214743129047E-9));
#4098=VECTOR('',#4097,7.300000012013E0);
#4099=CARTESIAN_POINT('',(5.600000305942E0,1.070000001201E1,-4.599999984942E0));
#4100=LINE('',#4099,#4098);
#4101=DIRECTION('',(1.E0,0.E0,-5.861033183547E-10));
#4102=VECTOR('',#4101,1.900000036494E0);
#4103=CARTESIAN_POINT('',(5.599999963506E0,3.4E0,-4.599999993810E0));
#4104=LINE('',#4103,#4102);
#4105=DIRECTION('',(0.E0,-1.E0,-8.271739335196E-10));
#4106=VECTOR('',#4105,7.300000108176E0);
#4107=CARTESIAN_POINT('',(7.5E0,1.070000010818E1,-4.599999988885E0));
#4108=LINE('',#4107,#4106);
#4109=DIRECTION('',(0.E0,0.E0,-1.E0));
#4110=VECTOR('',#4109,3.500000050765E-1);
#4111=CARTESIAN_POINT('',(7.5E0,3.4E0,-4.599999994924E0));
#4112=LINE('',#4111,#4110);
#4113=DIRECTION('',(0.E0,-5.558474556811E-8,1.E0));
#4114=VECTOR('',#4113,6.499998257182E-1);
#4115=CARTESIAN_POINT('',(7.5E0,1.199999999847E1,-4.95E0));
#4116=LINE('',#4115,#4114);
#4117=DIRECTION('',(0.E0,-9.743912206144E-1,-2.248593987131E-1));
#4118=VECTOR('',#4117,1.334166222628E0);
#4119=CARTESIAN_POINT('',(7.5E0,1.199999996234E1,-4.300000174282E0));
#4120=LINE('',#4119,#4118);
#4121=DIRECTION('',(-1.E0,-3.050004693250E-9,0.E0));
#4122=VECTOR('',#4121,5.E-1);
#4123=CARTESIAN_POINT('',(8.E0,1.2E1,-4.95E0));
#4124=LINE('',#4123,#4122);
#4125=DIRECTION('',(0.E0,-1.E0,0.E0));
#4126=VECTOR('',#4125,8.599999998475E0);
#4127=CARTESIAN_POINT('',(7.5E0,1.199999999847E1,-4.95E0));
#4128=LINE('',#4127,#4126);
#4129=DIRECTION('',(1.E0,0.E0,0.E0));
#4130=VECTOR('',#4129,5.E-1);
#4131=CARTESIAN_POINT('',(7.5E0,3.4E0,-4.95E0));
#4132=LINE('',#4131,#4130);
#4133=DIRECTION('',(0.E0,-1.E0,0.E0));
#4134=VECTOR('',#4133,8.6E0);
#4135=CARTESIAN_POINT('',(8.E0,1.2E1,-4.95E0));
#4136=LINE('',#4135,#4134);
#4137=DIRECTION('',(0.E0,0.E0,1.E0));
#4138=VECTOR('',#4137,3.500009804787E-1);
#4139=CARTESIAN_POINT('',(8.E0,3.4E0,-4.95E0));
#4140=LINE('',#4139,#4138);
#4141=DIRECTION('',(0.E0,9.743909993622E-1,2.248603574710E-1));
#4142=VECTOR('',#4141,1.334155797412E0);
#4143=CARTESIAN_POINT('',(8.E0,1.070001060886E1,-4.599998747284E0));
#4144=LINE('',#4143,#4142);
#4145=DIRECTION('',(0.E0,-1.478388278483E-8,-1.E0));
#4146=VECTOR('',#4145,6.500000022444E-1);
#4147=CARTESIAN_POINT('',(8.E0,1.200000000961E1,-4.299999997756E0));
#4148=LINE('',#4147,#4146);
#4149=DIRECTION('',(1.E0,0.E0,9.902256390849E-8));
#4150=VECTOR('',#4149,1.400002047979E0);
#4151=CARTESIAN_POINT('',(8.E0,3.4E0,-4.599999019521E0));
#4152=LINE('',#4151,#4150);
#4153=DIRECTION('',(-1.339958267161E-7,1.E0,2.446078623603E-8));
#4154=VECTOR('',#4153,7.300005021916E0);
#4155=CARTESIAN_POINT('',(9.400002047979E0,3.4E0,-4.599998880890E0));
#4156=LINE('',#4155,#4154);
#4157=DIRECTION('',(0.E0,-1.E0,-3.729279589009E-8));
#4158=VECTOR('',#4157,7.300010608865E0);
#4159=CARTESIAN_POINT('',(8.E0,1.070001060886E1,-4.599998747284E0));
#4160=LINE('',#4159,#4158);
#4161=CARTESIAN_POINT('',(1.125E1,3.4E0,-6.897825058615E0));
#4162=DIRECTION('',(0.E0,1.E0,0.E0));
#4163=DIRECTION('',(-6.271177165092E-1,0.E0,7.789244954682E-1));
#4164=AXIS2_PLACEMENT_3D('',#4161,#4162,#4163);
#4166=CARTESIAN_POINT('',(1.125E1,1.07E1,-6.897825058615E0));
#4167=DIRECTION('',(0.E0,-1.E0,0.E0));
#4168=DIRECTION('',(6.271186278673E-1,0.E0,7.789237617263E-1));
#4169=AXIS2_PLACEMENT_3D('',#4166,#4167,#4168);
#4171=DIRECTION('',(-4.690878545454E-8,-1.E0,-1.214785591275E-9));
#4172=VECTOR('',#4171,7.300000012013E0);
#4173=CARTESIAN_POINT('',(1.310000030594E1,1.070000001201E1,-4.599999984942E0));
#4174=LINE('',#4173,#4172);
#4175=DIRECTION('',(1.E0,0.E0,-5.861023834298E-10));
#4176=VECTOR('',#4175,1.900000036495E0);
#4177=CARTESIAN_POINT('',(1.309999996351E1,3.4E0,-4.599999993810E0));
#4178=LINE('',#4177,#4176);
#4179=DIRECTION('',(0.E0,-1.E0,-8.271739335196E-10));
#4180=VECTOR('',#4179,7.300000108176E0);
#4181=CARTESIAN_POINT('',(1.5E1,1.070000010818E1,-4.599999988885E0));
#4182=LINE('',#4181,#4180);
#4183=DIRECTION('',(0.E0,0.E0,-1.E0));
#4184=VECTOR('',#4183,3.500000050765E-1);
#4185=CARTESIAN_POINT('',(1.5E1,3.4E0,-4.599999994923E0));
#4186=LINE('',#4185,#4184);
#4187=DIRECTION('',(0.E0,-5.558474830097E-8,1.E0));
#4188=VECTOR('',#4187,6.499998257182E-1);
#4189=CARTESIAN_POINT('',(1.5E1,1.199999999847E1,-4.95E0));
#4190=LINE('',#4189,#4188);
#4191=DIRECTION('',(0.E0,-9.743912206144E-1,-2.248593987131E-1));
#4192=VECTOR('',#4191,1.334166222628E0);
#4193=CARTESIAN_POINT('',(1.5E1,1.199999996234E1,-4.300000174282E0));
#4194=LINE('',#4193,#4192);
#4195=DIRECTION('',(-1.E0,-3.050004693250E-9,0.E0));
#4196=VECTOR('',#4195,5.E-1);
#4197=CARTESIAN_POINT('',(1.55E1,1.2E1,-4.95E0));
#4198=LINE('',#4197,#4196);
#4199=DIRECTION('',(0.E0,-1.E0,0.E0));
#4200=VECTOR('',#4199,8.599999998475E0);
#4201=CARTESIAN_POINT('',(1.5E1,1.199999999847E1,-4.95E0));
#4202=LINE('',#4201,#4200);
#4203=DIRECTION('',(1.E0,0.E0,0.E0));
#4204=VECTOR('',#4203,5.E-1);
#4205=CARTESIAN_POINT('',(1.5E1,3.4E0,-4.95E0));
#4206=LINE('',#4205,#4204);
#4207=DIRECTION('',(0.E0,-1.E0,0.E0));
#4208=VECTOR('',#4207,8.6E0);
#4209=CARTESIAN_POINT('',(1.55E1,1.2E1,-4.95E0));
#4210=LINE('',#4209,#4208);
#4211=DIRECTION('',(0.E0,0.E0,1.E0));
#4212=VECTOR('',#4211,3.500009804787E-1);
#4213=CARTESIAN_POINT('',(1.55E1,3.4E0,-4.95E0));
#4214=LINE('',#4213,#4212);
#4215=DIRECTION('',(0.E0,9.743909993622E-1,2.248603574710E-1));
#4216=VECTOR('',#4215,1.334155797412E0);
#4217=CARTESIAN_POINT('',(1.55E1,1.070001060886E1,-4.599998747284E0));
#4218=LINE('',#4217,#4216);
#4219=DIRECTION('',(0.E0,-1.478388551769E-8,-1.E0));
#4220=VECTOR('',#4219,6.500000022444E-1);
#4221=CARTESIAN_POINT('',(1.55E1,1.200000000961E1,-4.299999997756E0));
#4222=LINE('',#4221,#4220);
#4223=DIRECTION('',(1.E0,0.E0,9.902239134841E-8));
#4224=VECTOR('',#4223,1.400002047978E0);
#4225=CARTESIAN_POINT('',(1.55E1,3.4E0,-4.599999019521E0));
#4226=LINE('',#4225,#4224);
#4227=DIRECTION('',(-1.339959291608E-7,1.E0,2.446076737746E-8));
#4228=VECTOR('',#4227,7.300005021916E0);
#4229=CARTESIAN_POINT('',(1.690000204798E1,3.4E0,-4.599998880890E0));
#4230=LINE('',#4229,#4228);
#4231=DIRECTION('',(0.E0,-1.E0,-3.729279613343E-8));
#4232=VECTOR('',#4231,7.300010608865E0);
#4233=CARTESIAN_POINT('',(1.55E1,1.070001060886E1,-4.599998747284E0));
#4234=LINE('',#4233,#4232);
#4235=CARTESIAN_POINT('',(1.875E1,3.4E0,-6.897825058615E0));
#4236=DIRECTION('',(0.E0,1.E0,0.E0));
#4237=DIRECTION('',(-6.271177165092E-1,0.E0,7.789244954682E-1));
#4238=AXIS2_PLACEMENT_3D('',#4235,#4236,#4237);
#4240=CARTESIAN_POINT('',(1.875E1,1.07E1,-6.897825058615E0));
#4241=DIRECTION('',(0.E0,-1.E0,0.E0));
#4242=DIRECTION('',(6.271186278673E-1,0.E0,7.789237617263E-1));
#4243=AXIS2_PLACEMENT_3D('',#4240,#4241,#4242);
#4245=DIRECTION('',(-4.690878740123E-8,-1.E0,-1.214785956280E-9));
#4246=VECTOR('',#4245,7.300000012013E0);
#4247=CARTESIAN_POINT('',(2.060000030594E1,1.070000001201E1,-4.599999984942E0));
#4248=LINE('',#4247,#4246);
#4249=DIRECTION('',(1.E0,0.E0,-5.861023834298E-10));
#4250=VECTOR('',#4249,1.900000036495E0);
#4251=CARTESIAN_POINT('',(2.059999996351E1,3.4E0,-4.599999993810E0));
#4252=LINE('',#4251,#4250);
#4253=DIRECTION('',(0.E0,-1.E0,-8.271738118513E-10));
#4254=VECTOR('',#4253,7.300000108176E0);
#4255=CARTESIAN_POINT('',(2.25E1,1.070000010818E1,-4.599999988885E0));
#4256=LINE('',#4255,#4254);
#4257=DIRECTION('',(0.E0,0.E0,-1.E0));
#4258=VECTOR('',#4257,3.500000050765E-1);
#4259=CARTESIAN_POINT('',(2.25E1,3.4E0,-4.599999994924E0));
#4260=LINE('',#4259,#4258);
#4261=DIRECTION('',(0.E0,-5.558474556811E-8,1.E0));
#4262=VECTOR('',#4261,6.499998257182E-1);
#4263=CARTESIAN_POINT('',(2.25E1,1.199999999847E1,-4.95E0));
#4264=LINE('',#4263,#4262);
#4265=DIRECTION('',(0.E0,-9.743912206144E-1,-2.248593987131E-1));
#4266=VECTOR('',#4265,1.334166222628E0);
#4267=CARTESIAN_POINT('',(2.25E1,1.199999996234E1,-4.300000174282E0));
#4268=LINE('',#4267,#4266);
#4269=DIRECTION('',(-1.E0,-3.050004693250E-9,0.E0));
#4270=VECTOR('',#4269,5.E-1);
#4271=CARTESIAN_POINT('',(2.3E1,1.2E1,-4.95E0));
#4272=LINE('',#4271,#4270);
#4273=DIRECTION('',(0.E0,-1.E0,0.E0));
#4274=VECTOR('',#4273,8.599999998475E0);
#4275=CARTESIAN_POINT('',(2.25E1,1.199999999847E1,-4.95E0));
#4276=LINE('',#4275,#4274);
#4277=DIRECTION('',(1.E0,0.E0,0.E0));
#4278=VECTOR('',#4277,5.E-1);
#4279=CARTESIAN_POINT('',(2.25E1,3.4E0,-4.95E0));
#4280=LINE('',#4279,#4278);
#4281=DIRECTION('',(0.E0,-1.E0,0.E0));
#4282=VECTOR('',#4281,8.6E0);
#4283=CARTESIAN_POINT('',(2.3E1,1.2E1,-4.95E0));
#4284=LINE('',#4283,#4282);
#4285=DIRECTION('',(0.E0,0.E0,1.E0));
#4286=VECTOR('',#4285,3.500009804787E-1);
#4287=CARTESIAN_POINT('',(2.3E1,3.4E0,-4.95E0));
#4288=LINE('',#4287,#4286);
#4289=DIRECTION('',(0.E0,9.743909993622E-1,2.248603574710E-1));
#4290=VECTOR('',#4289,1.334155797412E0);
#4291=CARTESIAN_POINT('',(2.3E1,1.070001060886E1,-4.599998747284E0));
#4292=LINE('',#4291,#4290);
#4293=DIRECTION('',(0.E0,-1.478388278483E-8,-1.E0));
#4294=VECTOR('',#4293,6.500000022444E-1);
#4295=CARTESIAN_POINT('',(2.3E1,1.200000000961E1,-4.299999997756E0));
#4296=LINE('',#4295,#4294);
#4297=DIRECTION('',(1.E0,0.E0,9.902239007959E-8));
#4298=VECTOR('',#4297,1.400002047978E0);
#4299=CARTESIAN_POINT('',(2.3E1,3.4E0,-4.599999019521E0));
#4300=LINE('',#4299,#4298);
#4301=DIRECTION('',(-1.339959286741E-7,1.E0,2.446076737746E-8));
#4302=VECTOR('',#4301,7.300005021916E0);
#4303=CARTESIAN_POINT('',(2.440000204798E1,3.4E0,-4.599998880890E0));
#4304=LINE('',#4303,#4302);
#4305=DIRECTION('',(0.E0,-1.E0,-3.729279589009E-8));
#4306=VECTOR('',#4305,7.300010608865E0);
#4307=CARTESIAN_POINT('',(2.3E1,1.070001060886E1,-4.599998747284E0));
#4308=LINE('',#4307,#4306);
#4309=DIRECTION('',(9.999999999920E-1,-3.990674753951E-6,3.211245258294E-8));
#4310=VECTOR('',#4309,1.400001069819E0);
#4311=CARTESIAN_POINT('',(2.3E1,1.070001060886E1,-4.599998747284E0));
#4312=LINE('',#4311,#4310);
#4313=CARTESIAN_POINT('',(2.440000106981E1,1.070000502192E1,-4.599998702326E0));
#4314=CARTESIAN_POINT('',(2.438825231984E1,1.084442314133E1,-4.566671443999E0));
#4315=CARTESIAN_POINT('',(2.436498623609E1,1.113328405175E1,-4.500011431628E0));
#4316=CARTESIAN_POINT('',(2.433067787764E1,1.156661399956E1,-4.400012155760E0));
#4317=CARTESIAN_POINT('',(2.430823745426E1,1.185553376834E1,-4.333338317619E0));
#4318=CARTESIAN_POINT('',(2.429710401947E1,1.200000001822E1,-4.299999952262E0));
#4320=DIRECTION('',(-1.E0,-6.639712603371E-9,-3.507351479234E-8));
#4321=VECTOR('',#4320,1.297104019469E0);
#4322=CARTESIAN_POINT('',(2.429710401947E1,1.200000001822E1,-4.299999952262E0));
#4323=LINE('',#4322,#4321);
#4324=DIRECTION('',(-1.E0,2.916154132421E-9,-4.025275909830E-8));
#4325=VECTOR('',#4324,1.797102973954E0);
#4326=CARTESIAN_POINT('',(2.25E1,1.199999996234E1,-4.300000174282E0));
#4327=LINE('',#4326,#4325);
#4328=CARTESIAN_POINT('',(2.070289702605E1,1.199999996759E1,-4.300000246620E0));
#4329=CARTESIAN_POINT('',(2.069176354146E1,1.185553313045E1,-4.333338747498E0));
#4330=CARTESIAN_POINT('',(2.066931977168E1,1.156661261797E1,-4.400012359539E0));
#4331=CARTESIAN_POINT('',(2.063501149734E1,1.113327954599E1,-4.500012450082E0));
#4332=CARTESIAN_POINT('',(2.061174926159E1,1.084442056232E1,-4.566672165641E0));
#4333=CARTESIAN_POINT('',(2.060000030594E1,1.070000001201E1,-4.599999984942E0));
#4335=DIRECTION('',(1.E0,5.061241972137E-8,-2.075349817084E-9));
#4336=VECTOR('',#4335,1.899999694061E0);
#4337=CARTESIAN_POINT('',(2.060000030594E1,1.070000001201E1,-4.599999984942E0));
#4338=LINE('',#4337,#4336);
#4339=CARTESIAN_POINT('',(1.875E1,1.2E1,-6.897825058615E0));
#4340=DIRECTION('',(0.E0,-1.E0,0.E0));
#4341=DIRECTION('',(6.008913465317E-1,0.E0,7.993307135744E-1));
#4342=AXIS2_PLACEMENT_3D('',#4339,#4340,#4341);
#4344=DIRECTION('',(9.999999999920E-1,-3.990674752682E-6,3.211245258294E-8));
#4345=VECTOR('',#4344,1.400001069819E0);
#4346=CARTESIAN_POINT('',(1.55E1,1.070001060886E1,-4.599998747284E0));
#4347=LINE('',#4346,#4345);
#4348=CARTESIAN_POINT('',(1.690000106981E1,1.070000502192E1,-4.599998702326E0));
#4349=CARTESIAN_POINT('',(1.688825231984E1,1.084442314136E1,-4.566671443994E0));
#4350=CARTESIAN_POINT('',(1.686498623609E1,1.113328405181E1,-4.500011431616E0));
#4351=CARTESIAN_POINT('',(1.683067787764E1,1.156661399962E1,-4.400012155747E0));
#4352=CARTESIAN_POINT('',(1.680823745425E1,1.185553376837E1,-4.333338317613E0));
#4353=CARTESIAN_POINT('',(1.679710401947E1,1.200000001822E1,-4.299999952262E0));
#4355=DIRECTION('',(-1.E0,-6.639711233892E-9,-3.507351547708E-8));
#4356=VECTOR('',#4355,1.297104019469E0);
#4357=CARTESIAN_POINT('',(1.679710401947E1,1.200000001822E1,-4.299999952262E0));
#4358=LINE('',#4357,#4356);
#4359=DIRECTION('',(-1.E0,2.916147213230E-9,-4.025275514448E-8));
#4360=VECTOR('',#4359,1.797102973954E0);
#4361=CARTESIAN_POINT('',(1.5E1,1.199999996234E1,-4.300000174282E0));
#4362=LINE('',#4361,#4360);
#4363=CARTESIAN_POINT('',(1.320289702605E1,1.199999996759E1,-4.300000246620E0));
#4364=CARTESIAN_POINT('',(1.319176354147E1,1.185553313048E1,-4.333338747490E0));
#4365=CARTESIAN_POINT('',(1.316931977168E1,1.156661261804E1,-4.400012359522E0));
#4366=CARTESIAN_POINT('',(1.313501149735E1,1.113327954606E1,-4.500012450066E0));
#4367=CARTESIAN_POINT('',(1.311174926159E1,1.084442056235E1,-4.566672165634E0));
#4368=CARTESIAN_POINT('',(1.310000030594E1,1.070000001201E1,-4.599999984942E0));
#4370=DIRECTION('',(1.E0,5.061242439600E-8,-2.075348882159E-9));
#4371=VECTOR('',#4370,1.899999694061E0);
#4372=CARTESIAN_POINT('',(1.310000030594E1,1.070000001201E1,-4.599999984942E0));
#4373=LINE('',#4372,#4371);
#4374=CARTESIAN_POINT('',(1.125E1,1.2E1,-6.897825058615E0));
#4375=DIRECTION('',(0.E0,-1.E0,0.E0));
#4376=DIRECTION('',(6.008913465317E-1,0.E0,7.993307135744E-1));
#4377=AXIS2_PLACEMENT_3D('',#4374,#4375,#4376);
#4379=DIRECTION('',(9.999999999920E-1,-3.990674817388E-6,3.211272538036E-8));
#4380=VECTOR('',#4379,1.400001069820E0);
#4381=CARTESIAN_POINT('',(8.E0,1.070001060886E1,-4.599998747284E0));
#4382=LINE('',#4381,#4380);
#4383=CARTESIAN_POINT('',(9.400001069809E0,1.070000502192E1,-4.599998702326E0));
#4384=CARTESIAN_POINT('',(9.388252319843E0,1.084442314134E1,-4.566671443998E0));
#4385=CARTESIAN_POINT('',(9.364986236091E0,1.113328405176E1,-4.500011431627E0));
#4386=CARTESIAN_POINT('',(9.330677877637E0,1.156661399957E1,-4.400012155758E0));
#4387=CARTESIAN_POINT('',(9.308237454258E0,1.185553376835E1,-4.333338317618E0));
#4388=CARTESIAN_POINT('',(9.297104019470E0,1.200000001822E1,-4.299999952262E0));
#4390=DIRECTION('',(-1.E0,-6.639720820238E-9,-3.507351684651E-8));
#4391=VECTOR('',#4390,1.297104019470E0);
#4392=CARTESIAN_POINT('',(9.297104019470E0,1.200000001822E1,-4.299999952262E0));
#4393=LINE('',#4392,#4391);
#4394=DIRECTION('',(-1.E0,2.916106686542E-9,-4.025267211418E-8));
#4395=VECTOR('',#4394,1.797102973954E0);
#4396=CARTESIAN_POINT('',(7.5E0,1.199999996234E1,-4.300000174282E0));
#4397=LINE('',#4396,#4395);
#4398=CARTESIAN_POINT('',(5.702897026046E0,1.199999996759E1,-4.300000246620E0));
#4399=CARTESIAN_POINT('',(5.691763541466E0,1.185553313048E1,-4.333338747490E0));
#4400=CARTESIAN_POINT('',(5.669319771680E0,1.156661261804E1,-4.400012359522E0));
#4401=CARTESIAN_POINT('',(5.635011497350E0,1.113327954606E1,-4.500012450065E0));
#4402=CARTESIAN_POINT('',(5.611749261592E0,1.084442056235E1,-4.566672165634E0));
#4403=CARTESIAN_POINT('',(5.600000305942E0,1.070000001201E1,-4.599999984942E0));
#4405=DIRECTION('',(1.E0,5.061243748501E-8,-2.075184802859E-9));
#4406=VECTOR('',#4405,1.899999694058E0);
#4407=CARTESIAN_POINT('',(5.600000305942E0,1.070000001201E1,-4.599999984942E0));
#4408=LINE('',#4407,#4406);
#4409=CARTESIAN_POINT('',(3.75E0,1.2E1,-6.897825058615E0));
#4410=DIRECTION('',(0.E0,-1.E0,0.E0));
#4411=DIRECTION('',(6.008913465317E-1,0.E0,7.993307135744E-1));
#4412=AXIS2_PLACEMENT_3D('',#4409,#4410,#4411);
#4414=CARTESIAN_POINT('',(1.900000078079E0,1.070000003656E1,-4.599999977461E0));
#4415=CARTESIAN_POINT('',(1.888251122764E0,1.084442058679E1,-4.566672158178E0));
#4416=CARTESIAN_POINT('',(1.864986821958E0,1.113327942238E1,-4.500012442182E0));
#4417=CARTESIAN_POINT('',(1.830678286765E0,1.156661254416E1,-4.400012506789E0));
#4418=CARTESIAN_POINT('',(1.808237465887E0,1.185553317279E1,-4.333338458174E0));
#4419=CARTESIAN_POINT('',(1.797103985266E0,1.200000001738E1,-4.299999955575E0));
#4421=DIRECTION('',(-1.E0,-3.177518513447E-8,-8.120097847487E-8));
#4422=VECTOR('',#4421,5.471039852663E-1);
#4423=CARTESIAN_POINT('',(1.797103985266E0,1.200000001738E1,-4.299999955575E0));
#4424=LINE('',#4423,#4422);
#4425=DIRECTION('',(0.E0,4.061187569633E-14,-1.E0));
#4426=VECTOR('',#4425,5.379999999999E0);
#4427=CARTESIAN_POINT('',(5.E-1,1.2E1,-4.85E0));
#4428=LINE('',#4427,#4426);
#4429=DIRECTION('',(2.193817272381E-1,-9.506541513656E-1,2.193817272368E-1));
#4430=VECTOR('',#4429,1.367479433118E0);
#4431=CARTESIAN_POINT('',(5.E-1,1.2E1,-1.023E1));
#4432=LINE('',#4431,#4430);
#4433=DIRECTION('',(1.E0,-1.209434443847E-14,0.E0));
#4434=VECTOR('',#4433,2.35E0);
#4435=CARTESIAN_POINT('',(5.E-1,1.2E1,-1.023E1));
#4436=LINE('',#4435,#4434);
#4437=DIRECTION('',(2.193817272381E-1,-9.506541513656E-1,2.193817272368E-1));
#4438=VECTOR('',#4437,1.367479433118E0);
#4439=CARTESIAN_POINT('',(2.85E0,1.2E1,-1.023E1));
#4440=LINE('',#4439,#4438);
#4441=DIRECTION('',(-1.E0,0.E0,-5.291275691830E-14));
#4442=VECTOR('',#4441,2.35E0);
#4443=CARTESIAN_POINT('',(3.15E0,1.07E1,-9.930000000001E0));
#4444=LINE('',#4443,#4442);
#4445=DIRECTION('',(0.E0,-8.731245481801E-14,1.E0));
#4446=VECTOR('',#4445,1.769999999999E0);
#4447=CARTESIAN_POINT('',(3.15E0,1.07E1,-1.17E1));
#4448=LINE('',#4447,#4446);
#4449=DIRECTION('',(-1.E0,0.E0,0.E0));
#4450=VECTOR('',#4449,2.85E0);
#4451=CARTESIAN_POINT('',(2.85E0,1.2E1,-1.090805028316E1));
#4452=LINE('',#4451,#4450);
#4453=DIRECTION('',(1.E0,4.658741989170E-13,2.808766608246E-13));
#4454=VECTOR('',#4453,2.890219049253E0);
#4455=CARTESIAN_POINT('',(0.E0,1.182571745324E1,-1.118043809851E1));
#4456=LINE('',#4455,#4454);
#4457=CARTESIAN_POINT('',(2.890219049252E0,1.182571745324E1,-1.118043809851E1));
#4458=CARTESIAN_POINT('',(2.876955168121E0,1.188319427148E1,-1.115391033625E1));
#4459=CARTESIAN_POINT('',(2.858550803263E0,1.196294651919E1,-1.107748992015E1));
#4460=CARTESIAN_POINT('',(2.85E0,1.2E1,-1.097272823418E1));
#4461=CARTESIAN_POINT('',(2.85E0,1.2E1,-1.090805028316E1));
#4463=DIRECTION('',(0.E0,9.997531778316E-1,-2.221673728515E-2));
#4464=VECTOR('',#4463,9.002221947941E0);
#4465=CARTESIAN_POINT('',(0.E0,3.819167204711E-14,-1.07E1));
#4466=LINE('',#4465,#4464);
#4467=DIRECTION('',(0.E0,0.E0,-1.E0));
#4468=VECTOR('',#4467,8.E-1);
#4469=CARTESIAN_POINT('',(0.E0,9.E0,-1.09E1));
#4470=LINE('',#4469,#4468);
#4471=DIRECTION('',(0.E0,1.E0,-1.703212734248E-13));
#4472=VECTOR('',#4471,1.7E0);
#4473=CARTESIAN_POINT('',(0.E0,9.E0,-1.17E1));
#4474=LINE('',#4473,#4472);
#4475=DIRECTION('',(0.E0,9.079593845029E-1,4.190581774565E-1));
#4476=VECTOR('',#4475,1.239832389480E0);
#4477=CARTESIAN_POINT('',(0.E0,1.07E1,-1.17E1));
#4478=LINE('',#4477,#4476);
#4479=CARTESIAN_POINT('',(0.E0,1.17E1,-1.090805028316E1));
#4480=DIRECTION('',(1.E0,0.E0,0.E0));
#4481=DIRECTION('',(0.E0,4.190581774660E-1,-9.079593844985E-1));
#4482=AXIS2_PLACEMENT_3D('',#4479,#4480,#4481);
#4484=DIRECTION('',(0.E0,0.E0,1.E0));
#4485=VECTOR('',#4484,7.808050283160E0);
#4486=CARTESIAN_POINT('',(0.E0,1.2E1,-1.090805028316E1));
#4487=LINE('',#4486,#4485);
#4488=DIRECTION('',(0.E0,-1.E0,0.E0));
#4489=VECTOR('',#4488,1.2E1);
#4490=CARTESIAN_POINT('',(0.E0,1.2E1,-3.1E0));
#4491=LINE('',#4490,#4489);
#4492=DIRECTION('',(0.E0,0.E0,-1.E0));
#4493=VECTOR('',#4492,7.6E0);
#4494=CARTESIAN_POINT('',(0.E0,3.819167204711E-14,-3.1E0));
#4495=LINE('',#4494,#4493);
#4496=DIRECTION('',(1.E0,-1.184237892934E-14,2.255691224635E-14));
#4497=VECTOR('',#4496,3.15E0);
#4498=CARTESIAN_POINT('',(0.E0,1.07E1,-1.17E1));
#4499=LINE('',#4498,#4497);
#4500=DIRECTION('',(-2.050757781074E-1,8.886617051344E-1,4.101515562098E-1));
#4501=VECTOR('',#4500,1.266755894551E0);
#4502=CARTESIAN_POINT('',(3.15E0,1.07E1,-1.17E1));
#4503=LINE('',#4502,#4501);
#4504=DIRECTION('',(1.E0,-7.934393882654E-13,1.717144944754E-12));
#4505=VECTOR('',#4504,1.2E0);
#4506=CARTESIAN_POINT('',(3.15E0,1.07E1,-1.17E1));
#4507=LINE('',#4506,#4505);
#4508=DIRECTION('',(0.E0,4.355586826559E-13,1.E0));
#4509=VECTOR('',#4508,1.769999999997E0);
#4510=CARTESIAN_POINT('',(4.35E0,1.07E1,-1.17E1));
#4511=LINE('',#4510,#4509);
#4512=DIRECTION('',(-1.E0,2.220446049250E-14,9.917992353318E-14));
#4513=VECTOR('',#4512,1.2E0);
#4514=CARTESIAN_POINT('',(4.35E0,1.07E1,-9.930000000001E0));
#4515=LINE('',#4514,#4513);
#4516=DIRECTION('',(0.E0,3.353345335738E-13,1.E0));
#4517=VECTOR('',#4516,6.780502831606E-1);
#4518=CARTESIAN_POINT('',(4.65E0,1.2E1,-1.090805028316E1));
#4519=LINE('',#4518,#4517);
#4520=DIRECTION('',(-2.193817272381E-1,-9.506541513656E-1,2.193817272368E-1));
#4521=VECTOR('',#4520,1.367479433118E0);
#4522=CARTESIAN_POINT('',(4.65E0,1.2E1,-1.023E1));
#4523=LINE('',#4522,#4521);
#4524=DIRECTION('',(-2.050757781075E-1,-8.886617051336E-1,-4.101515562114E-1));
#4525=VECTOR('',#4524,1.266755894565E0);
#4526=CARTESIAN_POINT('',(4.609780950750E0,1.182571745325E1,-1.118043809850E1));
#4527=LINE('',#4526,#4525);
#4528=DIRECTION('',(-2.050757781021E-1,8.886617051352E-1,4.101515562107E-1));
#4529=VECTOR('',#4528,1.266755894552E0);
#4530=CARTESIAN_POINT('',(1.065E1,1.07E1,-1.17E1));
#4531=LINE('',#4530,#4529);
#4532=DIRECTION('',(-1.E0,-3.864355229572E-14,5.796532844358E-14));
#4533=VECTOR('',#4532,5.700000000001E0);
#4534=CARTESIAN_POINT('',(1.035E1,1.2E1,-1.090805028316E1));
#4535=LINE('',#4534,#4533);
#4536=CARTESIAN_POINT('',(4.65E0,1.2E1,-1.090805028316E1));
#4537=CARTESIAN_POINT('',(4.65E0,1.2E1,-1.097272823418E1));
#4538=CARTESIAN_POINT('',(4.641449196737E0,1.196294651920E1,-1.107748992014E1));
#4539=CARTESIAN_POINT('',(4.623044831881E0,1.188319427149E1,-1.115391033624E1));
#4540=CARTESIAN_POINT('',(4.609780950750E0,1.182571745325E1,-1.118043809850E1));
#4542=DIRECTION('',(1.E0,-1.693864501603E-12,-1.078947435618E-12));
#4543=VECTOR('',#4542,5.780438098508E0);
#4544=CARTESIAN_POINT('',(4.609780950750E0,1.182571745325E1,-1.118043809850E1));
#4545=LINE('',#4544,#4543);
#4546=CARTESIAN_POINT('',(1.039021904926E1,1.182571745323E1,-1.118043809851E1));
#4547=CARTESIAN_POINT('',(1.037695516812E1,1.188319427147E1,-1.115391033625E1));
#4548=CARTESIAN_POINT('',(1.035855080327E1,1.196294651919E1,-1.107748992015E1));
#4549=CARTESIAN_POINT('',(1.035E1,1.2E1,-1.097272823418E1));
#4550=CARTESIAN_POINT('',(1.035E1,1.2E1,-1.090805028316E1));
#4552=DIRECTION('',(0.E0,3.222355283559E-13,1.E0));
#4553=VECTOR('',#4552,6.780502831609E-1);
#4554=CARTESIAN_POINT('',(1.035E1,1.2E1,-1.090805028316E1));
#4555=LINE('',#4554,#4553);
#4556=DIRECTION('',(-1.E0,2.537652627715E-14,-7.979507707148E-14));
#4557=VECTOR('',#4556,6.299999999999E0);
#4558=CARTESIAN_POINT('',(1.065E1,1.07E1,-9.93E0));
#4559=LINE('',#4558,#4557);
#4560=DIRECTION('',(1.E0,3.708534454186E-14,0.E0));
#4561=VECTOR('',#4560,5.700000000001E0);
#4562=CARTESIAN_POINT('',(4.65E0,1.2E1,-1.023E1));
#4563=LINE('',#4562,#4561);
#4564=DIRECTION('',(2.193817272369E-1,-9.506541513658E-1,2.193817272371E-1));
#4565=VECTOR('',#4564,1.367479433118E0);
#4566=CARTESIAN_POINT('',(1.035E1,1.2E1,-1.023E1));
#4567=LINE('',#4566,#4565);
#4568=DIRECTION('',(0.E0,4.355586826558E-13,1.E0));
#4569=VECTOR('',#4568,1.769999999998E0);
#4570=CARTESIAN_POINT('',(1.065E1,1.07E1,-1.17E1));
#4571=LINE('',#4570,#4569);
#4572=DIRECTION('',(1.E0,0.E0,0.E0));
#4573=VECTOR('',#4572,1.200000000001E0);
#4574=CARTESIAN_POINT('',(1.065E1,1.07E1,-1.17E1));
#4575=LINE('',#4574,#4573);
#4576=DIRECTION('',(0.E0,4.355586826559E-13,1.E0));
#4577=VECTOR('',#4576,1.769999999997E0);
#4578=CARTESIAN_POINT('',(1.185E1,1.07E1,-1.17E1));
#4579=LINE('',#4578,#4577);
#4580=DIRECTION('',(-1.E0,0.E0,4.159635598924E-13));
#4581=VECTOR('',#4580,1.200000000001E0);
#4582=CARTESIAN_POINT('',(1.185E1,1.07E1,-9.930000000001E0));
#4583=LINE('',#4582,#4581);
#4584=DIRECTION('',(-2.095840834836E-14,2.305424918320E-13,1.E0));
#4585=VECTOR('',#4584,6.780502831606E-1);
#4586=CARTESIAN_POINT('',(1.215E1,1.2E1,-1.090805028316E1));
#4587=LINE('',#4586,#4585);
#4588=DIRECTION('',(-2.193817272370E-1,-9.506541513659E-1,2.193817272368E-1));
#4589=VECTOR('',#4588,1.367479433118E0);
#4590=CARTESIAN_POINT('',(1.215E1,1.2E1,-1.023E1));
#4591=LINE('',#4590,#4589);
#4592=DIRECTION('',(-2.050757781070E-1,-8.886617051338E-1,-4.101515562113E-1));
#4593=VECTOR('',#4592,1.266755894565E0);
#4594=CARTESIAN_POINT('',(1.210978095075E1,1.182571745325E1,-1.118043809850E1));
#4595=LINE('',#4594,#4593);
#4596=DIRECTION('',(-2.050757781021E-1,8.886617051352E-1,4.101515562107E-1));
#4597=VECTOR('',#4596,1.266755894552E0);
#4598=CARTESIAN_POINT('',(1.815E1,1.07E1,-1.17E1));
#4599=LINE('',#4598,#4597);
#4600=DIRECTION('',(-1.E0,1.121909582779E-14,5.796532844357E-14));
#4601=VECTOR('',#4600,5.700000000002E0);
#4602=CARTESIAN_POINT('',(1.785E1,1.2E1,-1.090805028316E1));
#4603=LINE('',#4602,#4601);
#4604=CARTESIAN_POINT('',(1.215E1,1.2E1,-1.090805028316E1));
#4605=CARTESIAN_POINT('',(1.215E1,1.2E1,-1.097272823418E1));
#4606=CARTESIAN_POINT('',(1.214144919673E1,1.196294651920E1,-1.107748992014E1));
#4607=CARTESIAN_POINT('',(1.212304483188E1,1.188319427149E1,-1.115391033624E1));
#4608=CARTESIAN_POINT('',(1.210978095075E1,1.182571745325E1,-1.118043809850E1));
#4610=DIRECTION('',(1.E0,-1.733199526313E-12,-1.078947435618E-12));
#4611=VECTOR('',#4610,5.780438098508E0);
#4612=CARTESIAN_POINT('',(1.210978095075E1,1.182571745325E1,-1.118043809850E1));
#4613=LINE('',#4612,#4611);
#4614=CARTESIAN_POINT('',(1.789021904926E1,1.182571745323E1,-1.118043809851E1));
#4615=CARTESIAN_POINT('',(1.787695516812E1,1.188319427147E1,-1.115391033625E1));
#4616=CARTESIAN_POINT('',(1.785855080327E1,1.196294651919E1,-1.107748992015E1));
#4617=CARTESIAN_POINT('',(1.785E1,1.2E1,-1.097272823418E1));
#4618=CARTESIAN_POINT('',(1.785E1,1.2E1,-1.090805028316E1));
#4620=DIRECTION('',(0.E0,3.222355283559E-13,1.E0));
#4621=VECTOR('',#4620,6.780502831609E-1);
#4622=CARTESIAN_POINT('',(1.785E1,1.2E1,-1.090805028316E1));
#4623=LINE('',#4622,#4621);
#4624=DIRECTION('',(-1.E0,0.E0,-7.979507707149E-14));
#4625=VECTOR('',#4624,6.299999999999E0);
#4626=CARTESIAN_POINT('',(1.815E1,1.07E1,-9.93E0));
#4627=LINE('',#4626,#4625);
#4628=DIRECTION('',(1.E0,0.E0,0.E0));
#4629=VECTOR('',#4628,5.700000000002E0);
#4630=CARTESIAN_POINT('',(1.215E1,1.2E1,-1.023E1));
#4631=LINE('',#4630,#4629);
#4632=DIRECTION('',(2.193817272369E-1,-9.506541513658E-1,2.193817272371E-1));
#4633=VECTOR('',#4632,1.367479433118E0);
#4634=CARTESIAN_POINT('',(1.785E1,1.2E1,-1.023E1));
#4635=LINE('',#4634,#4633);
#4636=DIRECTION('',(0.E0,4.355586826558E-13,1.E0));
#4637=VECTOR('',#4636,1.769999999998E0);
#4638=CARTESIAN_POINT('',(1.815E1,1.07E1,-1.17E1));
#4639=LINE('',#4638,#4637);
#4640=DIRECTION('',(1.E0,0.E0,0.E0));
#4641=VECTOR('',#4640,1.200000000001E0);
#4642=CARTESIAN_POINT('',(1.815E1,1.07E1,-1.17E1));
#4643=LINE('',#4642,#4641);
#4644=DIRECTION('',(0.E0,4.345550912212E-13,1.E0));
#4645=VECTOR('',#4644,1.769999999997E0);
#4646=CARTESIAN_POINT('',(1.935E1,1.07E1,-1.17E1));
#4647=LINE('',#4646,#4645);
#4648=DIRECTION('',(-1.E0,0.E0,4.159635598924E-13));
#4649=VECTOR('',#4648,1.200000000001E0);
#4650=CARTESIAN_POINT('',(1.935E1,1.07E1,-9.930000000001E0));
#4651=LINE('',#4650,#4649);
#4652=DIRECTION('',(-2.619801043545E-14,2.279226907884E-13,1.E0));
#4653=VECTOR('',#4652,6.780502831606E-1);
#4654=CARTESIAN_POINT('',(1.965E1,1.2E1,-1.090805028316E1));
#4655=LINE('',#4654,#4653);
#4656=DIRECTION('',(-2.193817272370E-1,-9.506541513659E-1,2.193817272368E-1));
#4657=VECTOR('',#4656,1.367479433118E0);
#4658=CARTESIAN_POINT('',(1.965E1,1.2E1,-1.023E1));
#4659=LINE('',#4658,#4657);
#4660=DIRECTION('',(-2.050757781070E-1,-8.886617051338E-1,-4.101515562113E-1));
#4661=VECTOR('',#4660,1.266755894565E0);
#4662=CARTESIAN_POINT('',(1.960978095075E1,1.182571745325E1,-1.118043809850E1));
#4663=LINE('',#4662,#4661);
#4664=DIRECTION('',(-2.050757781021E-1,8.886617051352E-1,4.101515562107E-1));
#4665=VECTOR('',#4664,1.266755894552E0);
#4666=CARTESIAN_POINT('',(2.565E1,1.07E1,-1.17E1));
#4667=LINE('',#4666,#4665);
#4668=DIRECTION('',(-1.E0,1.153073737856E-14,5.827696999434E-14));
#4669=VECTOR('',#4668,5.700000000002E0);
#4670=CARTESIAN_POINT('',(2.535E1,1.2E1,-1.090805028316E1));
#4671=LINE('',#4670,#4669);
#4672=CARTESIAN_POINT('',(1.965E1,1.2E1,-1.090805028316E1));
#4673=CARTESIAN_POINT('',(1.965E1,1.2E1,-1.097272823418E1));
#4674=CARTESIAN_POINT('',(1.964144919673E1,1.196294651920E1,-1.107748992014E1));
#4675=CARTESIAN_POINT('',(1.962304483188E1,1.188319427149E1,-1.115391033624E1));
#4676=CARTESIAN_POINT('',(1.960978095075E1,1.182571745325E1,-1.118043809850E1));
#4678=DIRECTION('',(1.E0,-1.733199526313E-12,-1.078947435618E-12));
#4679=VECTOR('',#4678,5.780438098508E0);
#4680=CARTESIAN_POINT('',(1.960978095075E1,1.182571745325E1,-1.118043809850E1));
#4681=LINE('',#4680,#4679);
#4682=CARTESIAN_POINT('',(2.539021904926E1,1.182571745323E1,-1.118043809851E1));
#4683=CARTESIAN_POINT('',(2.537695516812E1,1.188319427147E1,-1.115391033625E1));
#4684=CARTESIAN_POINT('',(2.535855080327E1,1.196294651919E1,-1.107748992015E1));
#4685=CARTESIAN_POINT('',(2.535E1,1.2E1,-1.097272823418E1));
#4686=CARTESIAN_POINT('',(2.535E1,1.2E1,-1.090805028316E1));
#4688=DIRECTION('',(0.E0,3.222355283559E-13,1.E0));
#4689=VECTOR('',#4688,6.780502831609E-1);
#4690=CARTESIAN_POINT('',(2.535E1,1.2E1,-1.090805028316E1));
#4691=LINE('',#4690,#4689);
#4692=DIRECTION('',(-1.E0,0.E0,-7.979507707149E-14));
#4693=VECTOR('',#4692,6.299999999999E0);
#4694=CARTESIAN_POINT('',(2.565E1,1.07E1,-9.93E0));
#4695=LINE('',#4694,#4693);
#4696=DIRECTION('',(1.E0,0.E0,0.E0));
#4697=VECTOR('',#4696,5.700000000002E0);
#4698=CARTESIAN_POINT('',(1.965E1,1.2E1,-1.023E1));
#4699=LINE('',#4698,#4697);
#4700=DIRECTION('',(2.193817272369E-1,-9.506541513658E-1,2.193817272371E-1));
#4701=VECTOR('',#4700,1.367479433118E0);
#4702=CARTESIAN_POINT('',(2.535E1,1.2E1,-1.023E1));
#4703=LINE('',#4702,#4701);
#4704=DIRECTION('',(0.E0,4.355586826558E-13,1.E0));
#4705=VECTOR('',#4704,1.769999999998E0);
#4706=CARTESIAN_POINT('',(2.565E1,1.07E1,-1.17E1));
#4707=LINE('',#4706,#4705);
#4708=CARTESIAN_POINT('',(2.665000000001E1,4.E0,-8.825E0));
#4709=DIRECTION('',(1.E0,0.E0,0.E0));
#4710=DIRECTION('',(0.E0,-6.E-1,-8.E-1));
#4711=AXIS2_PLACEMENT_3D('',#4708,#4709,#4710);
#4713=DIRECTION('',(0.E0,-1.E0,0.E0));
#4714=VECTOR('',#4713,6.E-1);
#4715=CARTESIAN_POINT('',(2.665000000001E1,4.E0,-9.825E0));
#4716=LINE('',#4715,#4714);
#4717=DIRECTION('',(0.E0,1.598721155460E-13,1.E0));
#4718=VECTOR('',#4717,2.E-1);
#4719=CARTESIAN_POINT('',(2.665000000001E1,3.4E0,-9.825E0));
#4720=LINE('',#4719,#4718);
#4721=CARTESIAN_POINT('',(2.584999999999E1,4.E0,-8.825E0));
#4722=DIRECTION('',(-1.E0,0.E0,0.E0));
#4723=DIRECTION('',(0.E0,6.039613253961E-14,-1.E0));
#4724=AXIS2_PLACEMENT_3D('',#4721,#4722,#4723);
#4726=DIRECTION('',(0.E0,-8.437694987152E-14,-1.E0));
#4727=VECTOR('',#4726,2.E-1);
#4728=CARTESIAN_POINT('',(2.584999999999E1,3.4E0,-9.625E0));
#4729=LINE('',#4728,#4727);
#4730=DIRECTION('',(0.E0,1.E0,0.E0));
#4731=VECTOR('',#4730,6.E-1);
#4732=CARTESIAN_POINT('',(2.584999999999E1,3.4E0,-9.825E0));
#4733=LINE('',#4732,#4731);
#4734=CARTESIAN_POINT('',(1.914999999999E1,4.E0,-8.825E0));
#4735=DIRECTION('',(1.E0,0.E0,0.E0));
#4736=DIRECTION('',(0.E0,-6.000000000001E-1,-7.999999999999E-1));
#4737=AXIS2_PLACEMENT_3D('',#4734,#4735,#4736);
#4739=DIRECTION('',(0.E0,-1.E0,0.E0));
#4740=VECTOR('',#4739,6.E-1);
#4741=CARTESIAN_POINT('',(1.914999999999E1,4.E0,-9.825E0));
#4742=LINE('',#4741,#4740);
#4743=DIRECTION('',(0.E0,-3.752553823232E-13,1.E0));
#4744=VECTOR('',#4743,2.000000000001E-1);
#4745=CARTESIAN_POINT('',(1.914999999999E1,3.4E0,-9.825E0));
#4746=LINE('',#4745,#4744);
#4747=DIRECTION('',(1.E0,-9.992007221377E-14,0.E0));
#4748=VECTOR('',#4747,4.000000000100E-1);
#4749=CARTESIAN_POINT('',(1.834999999999E1,4.E0,-9.825E0));
#4750=LINE('',#4749,#4748);
#4751=DIRECTION('',(1.E0,0.E0,0.E0));
#4752=VECTOR('',#4751,3.999999999900E-1);
#4753=CARTESIAN_POINT('',(1.875E1,4.E0,-9.825E0));
#4754=LINE('',#4753,#4752);
#4755=DIRECTION('',(-1.E0,1.143529715364E-13,-8.437694987151E-14));
#4756=VECTOR('',#4755,8.E-1);
#4757=CARTESIAN_POINT('',(1.914999999999E1,3.4E0,-9.625E0));
#4758=LINE('',#4757,#4756);
#4759=CARTESIAN_POINT('',(1.834999999999E1,4.E0,-8.825E0));
#4760=DIRECTION('',(-1.E0,0.E0,0.E0));
#4761=DIRECTION('',(0.E0,6.039613253961E-14,-1.E0));
#4762=AXIS2_PLACEMENT_3D('',#4759,#4760,#4761);
#4764=DIRECTION('',(1.776356839400E-14,-8.437694987152E-14,-1.E0));
#4765=VECTOR('',#4764,2.E-1);
#4766=CARTESIAN_POINT('',(1.834999999999E1,3.4E0,-9.625E0));
#4767=LINE('',#4766,#4765);
#4768=DIRECTION('',(0.E0,1.E0,0.E0));
#4769=VECTOR('',#4768,6.E-1);
#4770=CARTESIAN_POINT('',(1.834999999999E1,3.4E0,-9.825E0));
#4771=LINE('',#4770,#4769);
#4772=CARTESIAN_POINT('',(1.164999999999E1,4.E0,-8.825E0));
#4773=DIRECTION('',(1.E0,0.E0,0.E0));
#4774=DIRECTION('',(0.E0,-6.000000000001E-1,-7.999999999999E-1));
#4775=AXIS2_PLACEMENT_3D('',#4772,#4773,#4774);
#4777=DIRECTION('',(0.E0,-1.E0,0.E0));
#4778=VECTOR('',#4777,6.E-1);
#4779=CARTESIAN_POINT('',(1.164999999999E1,4.E0,-9.825E0));
#4780=LINE('',#4779,#4778);
#4781=DIRECTION('',(0.E0,-3.752553823232E-13,1.E0));
#4782=VECTOR('',#4781,2.000000000001E-1);
#4783=CARTESIAN_POINT('',(1.164999999999E1,3.4E0,-9.825E0));
#4784=LINE('',#4783,#4782);
#4785=DIRECTION('',(1.E0,-9.992007221377E-14,0.E0));
#4786=VECTOR('',#4785,4.000000000100E-1);
#4787=CARTESIAN_POINT('',(1.084999999999E1,4.E0,-9.825E0));
#4788=LINE('',#4787,#4786);
#4789=DIRECTION('',(1.E0,0.E0,0.E0));
#4790=VECTOR('',#4789,3.999999999900E-1);
#4791=CARTESIAN_POINT('',(1.125E1,4.E0,-9.825E0));
#4792=LINE('',#4791,#4790);
#4793=DIRECTION('',(-1.E0,1.143529715364E-13,-8.437694987151E-14));
#4794=VECTOR('',#4793,8.E-1);
#4795=CARTESIAN_POINT('',(1.164999999999E1,3.4E0,-9.625E0));
#4796=LINE('',#4795,#4794);
#4797=CARTESIAN_POINT('',(1.084999999999E1,4.E0,-8.825E0));
#4798=DIRECTION('',(-1.E0,0.E0,0.E0));
#4799=DIRECTION('',(0.E0,6.039613253961E-14,-1.E0));
#4800=AXIS2_PLACEMENT_3D('',#4797,#4798,#4799);
#4802=DIRECTION('',(0.E0,-8.437694987152E-14,-1.E0));
#4803=VECTOR('',#4802,2.E-1);
#4804=CARTESIAN_POINT('',(1.084999999999E1,3.4E0,-9.625E0));
#4805=LINE('',#4804,#4803);
#4806=DIRECTION('',(0.E0,1.E0,0.E0));
#4807=VECTOR('',#4806,6.E-1);
#4808=CARTESIAN_POINT('',(1.084999999999E1,3.4E0,-9.825E0));
#4809=LINE('',#4808,#4807);
#4810=CARTESIAN_POINT('',(4.149999999995E0,4.E0,-8.825E0));
#4811=DIRECTION('',(1.E0,0.E0,0.E0));
#4812=DIRECTION('',(0.E0,-6.000000000001E-1,-7.999999999999E-1));
#4813=AXIS2_PLACEMENT_3D('',#4810,#4811,#4812);
#4815=DIRECTION('',(0.E0,-1.E0,0.E0));
#4816=VECTOR('',#4815,6.E-1);
#4817=CARTESIAN_POINT('',(4.149999999995E0,4.E0,-9.825E0));
#4818=LINE('',#4817,#4816);
#4819=DIRECTION('',(0.E0,-3.752553823232E-13,1.E0));
#4820=VECTOR('',#4819,2.000000000001E-1);
#4821=CARTESIAN_POINT('',(4.149999999995E0,3.4E0,-9.825E0));
#4822=LINE('',#4821,#4820);
#4823=DIRECTION('',(1.E0,-9.992007221452E-14,0.E0));
#4824=VECTOR('',#4823,4.000000000070E-1);
#4825=CARTESIAN_POINT('',(3.349999999993E0,4.E0,-9.825E0));
#4826=LINE('',#4825,#4824);
#4827=DIRECTION('',(1.E0,0.E0,0.E0));
#4828=VECTOR('',#4827,3.999999999950E-1);
#4829=CARTESIAN_POINT('',(3.75E0,4.E0,-9.825E0));
#4830=LINE('',#4829,#4828);
#4831=DIRECTION('',(-1.E0,1.143529715361E-13,-8.437694987130E-14));
#4832=VECTOR('',#4831,8.000000000020E-1);
#4833=CARTESIAN_POINT('',(4.149999999995E0,3.4E0,-9.625E0));
#4834=LINE('',#4833,#4832);
#4835=CARTESIAN_POINT('',(3.349999999993E0,4.E0,-8.825E0));
#4836=DIRECTION('',(-1.E0,0.E0,0.E0));
#4837=DIRECTION('',(0.E0,6.039613253961E-14,-1.E0));
#4838=AXIS2_PLACEMENT_3D('',#4835,#4836,#4837);
#4840=DIRECTION('',(0.E0,-8.437694987152E-14,-1.E0));
#4841=VECTOR('',#4840,2.E-1);
#4842=CARTESIAN_POINT('',(3.349999999993E0,3.4E0,-9.625E0));
#4843=LINE('',#4842,#4841);
#4844=DIRECTION('',(0.E0,1.E0,0.E0));
#4845=VECTOR('',#4844,6.E-1);
#4846=CARTESIAN_POINT('',(3.349999999993E0,3.4E0,-9.825E0));
#4847=LINE('',#4846,#4845);
#4848=DIRECTION('',(0.E0,-9.994262055242E-1,-3.387122246925E-2));
#4849=VECTOR('',#4848,7.433205256093E-1);
#4850=CARTESIAN_POINT('',(3.75E0,4.142894012398E0,-8.259822825110E0));
#4851=LINE('',#4850,#4849);
#4852=DIRECTION('',(0.E0,-9.994262055242E-1,3.387122246925E-2));
#4853=VECTOR('',#4852,7.433205256094E-1);
#4854=CARTESIAN_POINT('',(3.75E0,4.142894012398E0,-5.540177174890E0));
#4855=LINE('',#4854,#4853);
#4856=CARTESIAN_POINT('',(3.75E0,4.142894012398E0,-6.9E0));
#4857=DIRECTION('',(0.E0,-1.E0,0.E0));
#4858=DIRECTION('',(0.E0,0.E0,-1.E0));
#4859=AXIS2_PLACEMENT_3D('',#4856,#4857,#4858);
#4861=CARTESIAN_POINT('',(3.75E0,4.142894012398E0,-6.9E0));
#4862=DIRECTION('',(0.E0,-1.E0,0.E0));
#4863=DIRECTION('',(1.E0,0.E0,-3.461734527091E-14));
#4864=AXIS2_PLACEMENT_3D('',#4861,#4862,#4863);
#4866=CARTESIAN_POINT('',(3.75E0,4.132732645657E0,-7.959994963453E0));
#4867=DIRECTION('',(-1.E0,0.E0,0.E0));
#4868=DIRECTION('',(0.E0,1.E0,3.493501784154E-13));
#4869=AXIS2_PLACEMENT_3D('',#4866,#4867,#4868);
#4871=CARTESIAN_POINT('',(3.75E0,4.132732645657E0,-5.840005036547E0));
#4872=DIRECTION('',(1.E0,0.E0,0.E0));
#4873=DIRECTION('',(0.E0,1.E0,-3.345472047537E-13));
#4874=AXIS2_PLACEMENT_3D('',#4871,#4872,#4873);
#4876=CARTESIAN_POINT('',(3.75E0,4.142894012398E0,-6.9E0));
#4877=DIRECTION('',(0.E0,-1.E0,0.E0));
#4878=DIRECTION('',(0.E0,0.E0,1.E0));
#4879=AXIS2_PLACEMENT_3D('',#4876,#4877,#4878);
#4881=CARTESIAN_POINT('',(3.75E0,4.142894012398E0,-6.9E0));
#4882=DIRECTION('',(0.E0,-1.E0,0.E0));
#4883=DIRECTION('',(-1.E0,0.E0,0.E0));
#4884=AXIS2_PLACEMENT_3D('',#4881,#4882,#4883);
#4886=CARTESIAN_POINT('',(3.75E0,4.432732645651E0,-6.9E0));
#4887=DIRECTION('',(0.E0,-1.E0,0.E0));
#4888=DIRECTION('',(-1.E0,0.E0,0.E0));
#4889=AXIS2_PLACEMENT_3D('',#4886,#4887,#4888);
#4891=CARTESIAN_POINT('',(3.75E0,4.432732645644E0,-6.9E0));
#4892=DIRECTION('',(0.E0,-1.E0,0.E0));
#4893=DIRECTION('',(0.E0,0.E0,-1.E0));
#4894=AXIS2_PLACEMENT_3D('',#4891,#4892,#4893);
#4896=CARTESIAN_POINT('',(3.75E0,4.432732645651E0,-6.9E0));
#4897=DIRECTION('',(0.E0,-1.E0,0.E0));
#4898=DIRECTION('',(0.E0,0.E0,1.E0));
#4899=AXIS2_PLACEMENT_3D('',#4896,#4897,#4898);
#4901=DIRECTION('',(-1.E0,0.E0,0.E0));
#4902=VECTOR('',#4901,7.000000000005E-1);
#4903=CARTESIAN_POINT('',(4.1E0,4.432732645657E0,-6.4E0));
#4904=LINE('',#4903,#4902);
#4905=DIRECTION('',(-1.E0,-1.015061051077E-14,-4.821539992617E-14));
#4906=VECTOR('',#4905,7.000000000059E-1);
#4907=CARTESIAN_POINT('',(4.100000000003E0,9.899999999999E0,-6.4E0));
#4908=LINE('',#4907,#4906);
#4909=DIRECTION('',(-1.E0,0.E0,0.E0));
#4910=VECTOR('',#4909,6.000000000006E-1);
#4911=CARTESIAN_POINT('',(4.05E0,1.09E1,-6.6E0));
#4912=LINE('',#4911,#4910);
#4913=DIRECTION('',(-1.E0,0.E0,0.E0));
#4914=VECTOR('',#4913,6.000000000006E-1);
#4915=CARTESIAN_POINT('',(4.05E0,1.09E1,-7.2E0));
#4916=LINE('',#4915,#4914);
#4917=DIRECTION('',(1.E0,0.E0,0.E0));
#4918=VECTOR('',#4917,7.000000000005E-1);
#4919=CARTESIAN_POINT('',(3.4E0,4.432732645657E0,-7.4E0));
#4920=LINE('',#4919,#4918);
#4921=DIRECTION('',(-1.E0,1.015061051077E-14,-4.567774729848E-14));
#4922=VECTOR('',#4921,7.000000000058E-1);
#4923=CARTESIAN_POINT('',(4.100000000003E0,9.899999999999E0,-7.4E0));
#4924=LINE('',#4923,#4922);
#4925=CARTESIAN_POINT('',(4.206066017178E0,1.011966991411E1,-7.356066017178E0));
#4926=CARTESIAN_POINT('',(4.196750800776E0,1.007309383210E1,-7.365381233579E0));
#4927=CARTESIAN_POINT('',(4.180000662473E0,1.000653906660E1,-7.378692186681E0));
#4928=CARTESIAN_POINT('',(4.150870683338E0,9.940316772049E0,-7.391936645590E0));
#4929=CARTESIAN_POINT('',(4.127296152736E0,9.910731629317E0,-7.397853674137E0));
#4930=CARTESIAN_POINT('',(4.112100821070E0,9.900000000001E0,-7.4E0));
#4931=CARTESIAN_POINT('',(4.100000000002E0,9.9E0,-7.4E0));
#4933=DIRECTION('',(-5.169280279007E-13,-1.E0,1.315875872406E-14));
#4934=VECTOR('',#4933,5.467267354342E0);
#4935=CARTESIAN_POINT('',(4.100000000003E0,9.899999999999E0,-7.4E0));
#4936=LINE('',#4935,#4934);
#4937=DIRECTION('',(0.E0,0.E0,1.E0));
#4938=VECTOR('',#4937,1.5E-1);
#4939=CARTESIAN_POINT('',(4.25E0,4.432732645657E0,-7.4E0));
#4940=LINE('',#4939,#4938);
#4941=DIRECTION('',(0.E0,-1.E0,0.E0));
#4942=VECTOR('',#4941,1.032732645657E0);
#4943=CARTESIAN_POINT('',(4.25E0,4.432732645657E0,-7.25E0));
#4944=LINE('',#4943,#4942);
#4945=DIRECTION('',(0.E0,0.E0,1.E0));
#4946=VECTOR('',#4945,1.5E-1);
#4947=CARTESIAN_POINT('',(4.25E0,3.4E0,-7.4E0));
#4948=LINE('',#4947,#4946);
#4949=CARTESIAN_POINT('',(4.1E0,3.4E0,-7.25E0));
#4950=DIRECTION('',(0.E0,1.E0,0.E0));
#4951=DIRECTION('',(1.E0,0.E0,0.E0));
#4952=AXIS2_PLACEMENT_3D('',#4949,#4950,#4951);
#4954=DIRECTION('',(-1.E0,0.E0,0.E0));
#4955=VECTOR('',#4954,1.5E-1);
#4956=CARTESIAN_POINT('',(4.25E0,3.4E0,-7.4E0));
#4957=LINE('',#4956,#4955);
#4958=DIRECTION('',(2.416677123409E-13,1.E0,0.E0));
#4959=VECTOR('',#4958,1.032732645657E0);
#4960=CARTESIAN_POINT('',(4.1E0,3.4E0,-7.4E0));
#4961=LINE('',#4960,#4959);
#4962=DIRECTION('',(1.E0,0.E0,0.E0));
#4963=VECTOR('',#4962,1.499999999997E-1);
#4964=CARTESIAN_POINT('',(4.1E0,4.432732645657E0,-7.4E0));
#4965=LINE('',#4964,#4963);
#4966=DIRECTION('',(0.E0,-1.E0,0.E0));
#4967=VECTOR('',#4966,1.032732645657E0);
#4968=CARTESIAN_POINT('',(4.25E0,4.432732645657E0,-7.4E0));
#4969=LINE('',#4968,#4967);
#4970=DIRECTION('',(0.E0,0.E0,1.E0));
#4971=VECTOR('',#4970,7.000000000002E-1);
#4972=CARTESIAN_POINT('',(4.25E0,4.432732645657E0,-7.25E0));
#4973=LINE('',#4972,#4971);
#4974=DIRECTION('',(3.249076228163E-14,-1.E0,3.049258040131E-13));
#4975=VECTOR('',#4974,5.467267354342E0);
#4976=CARTESIAN_POINT('',(4.25E0,9.899999999999E0,-7.250000000002E0));
#4977=LINE('',#4976,#4975);
#4978=DIRECTION('',(4.605565553421E-13,1.E0,1.900709593475E-14));
#4979=VECTOR('',#4978,5.467267354342E0);
#4980=CARTESIAN_POINT('',(4.1E0,4.432732645657E0,-6.4E0));
#4981=LINE('',#4980,#4979);
#4982=CARTESIAN_POINT('',(4.100000000006E0,9.9E0,-6.4E0));
#4983=CARTESIAN_POINT('',(4.112100821074E0,9.900000000003E0,-6.400000000001E0));
#4984=CARTESIAN_POINT('',(4.127296152739E0,9.910731629320E0,-6.402146325864E0));
#4985=CARTESIAN_POINT('',(4.150870683340E0,9.940316772054E0,-6.408063354411E0));
#4986=CARTESIAN_POINT('',(4.180000662474E0,1.000653906660E1,-6.421307813320E0));
#4987=CARTESIAN_POINT('',(4.196750800777E0,1.007309383211E1,-6.434618766421E0));
#4988=CARTESIAN_POINT('',(4.206066017178E0,1.011966991411E1,-6.443933982822E0));
#4990=DIRECTION('',(3.249076228163E-14,-1.E0,-5.177402969577E-13));
#4991=VECTOR('',#4990,5.467267354342E0);
#4992=CARTESIAN_POINT('',(4.25E0,9.899999999999E0,-6.549999999997E0));
#4993=LINE('',#4992,#4991);
#4994=DIRECTION('',(-1.E0,0.E0,0.E0));
#4995=VECTOR('',#4994,1.499999999997E-1);
#4996=CARTESIAN_POINT('',(4.25E0,4.432732645657E0,-6.4E0));
#4997=LINE('',#4996,#4995);
#4998=DIRECTION('',(-2.425277397870E-13,-1.E0,0.E0));
#4999=VECTOR('',#4998,1.032732645657E0);
#5000=CARTESIAN_POINT('',(4.1E0,4.432732645657E0,-6.4E0));
#5001=LINE('',#5000,#4999);
#5002=DIRECTION('',(-1.E0,0.E0,0.E0));
#5003=VECTOR('',#5002,1.5E-1);
#5004=CARTESIAN_POINT('',(4.25E0,3.4E0,-6.4E0));
#5005=LINE('',#5004,#5003);
#5006=CARTESIAN_POINT('',(4.1E0,3.4E0,-6.55E0));
#5007=DIRECTION('',(0.E0,1.E0,0.E0));
#5008=DIRECTION('',(0.E0,0.E0,1.E0));
#5009=AXIS2_PLACEMENT_3D('',#5006,#5007,#5008);
#5011=DIRECTION('',(0.E0,0.E0,-1.E0));
#5012=VECTOR('',#5011,1.5E-1);
#5013=CARTESIAN_POINT('',(4.25E0,3.4E0,-6.4E0));
#5014=LINE('',#5013,#5012);
#5015=DIRECTION('',(0.E0,1.E0,2.408076848949E-13));
#5016=VECTOR('',#5015,1.032732645657E0);
#5017=CARTESIAN_POINT('',(4.25E0,3.4E0,-6.55E0));
#5018=LINE('',#5017,#5016);
#5019=DIRECTION('',(0.E0,0.E0,1.E0));
#5020=VECTOR('',#5019,1.499999999998E-1);
#5021=CARTESIAN_POINT('',(4.25E0,4.432732645657E0,-6.55E0));
#5022=LINE('',#5021,#5020);
#5023=DIRECTION('',(0.E0,-1.E0,0.E0));
#5024=VECTOR('',#5023,1.032732645657E0);
#5025=CARTESIAN_POINT('',(4.25E0,4.432732645657E0,-6.4E0));
#5026=LINE('',#5025,#5024);
#5027=DIRECTION('',(0.E0,-2.410769996313E-13,1.E0));
#5028=VECTOR('',#5027,7.000000000047E-1);
#5029=CARTESIAN_POINT('',(4.25E0,9.899999999999E0,-7.250000000002E0));
#5030=LINE('',#5029,#5028);
#5031=CARTESIAN_POINT('',(4.25E0,9.899999999996E0,-6.549999999998E0));
#5032=CARTESIAN_POINT('',(4.25E0,9.899999999997E0,-6.537899178930E0));
#5033=CARTESIAN_POINT('',(4.247853674137E0,9.910731629313E0,-6.522703847264E0));
#5034=CARTESIAN_POINT('',(4.241936645590E0,9.940316772046E0,-6.499129316662E0));
#5035=CARTESIAN_POINT('',(4.228692186680E0,1.000653906660E1,-6.469999337527E0));
#5036=CARTESIAN_POINT('',(4.215381233579E0,1.007309383210E1,-6.453249199223E0));
#5037=CARTESIAN_POINT('',(4.206066017178E0,1.011966991411E1,-6.443933982822E0));
#5039=DIRECTION('',(-1.924500897293E-1,9.622504486496E-1,-1.924500897294E-1));
#5040=VECTOR('',#5039,8.109428132622E-1);
#5041=CARTESIAN_POINT('',(4.206066017178E0,1.011966991411E1,-6.443933982822E0));
#5042=LINE('',#5041,#5040);
#5043=DIRECTION('',(0.E0,0.E0,-1.E0));
#5044=VECTOR('',#5043,6.000000000006E-1);
#5045=CARTESIAN_POINT('',(4.05E0,1.09E1,-6.6E0));
#5046=LINE('',#5045,#5044);
#5047=DIRECTION('',(1.924500897292E-1,-9.622504486496E-1,-1.924500897295E-1));
#5048=VECTOR('',#5047,8.109428132622E-1);
#5049=CARTESIAN_POINT('',(4.05E0,1.09E1,-7.2E0));
#5050=LINE('',#5049,#5048);
#5051=CARTESIAN_POINT('',(4.206066017178E0,1.011966991411E1,-7.356066017178E0));
#5052=CARTESIAN_POINT('',(4.215381233579E0,1.007309383210E1,-7.346750800777E0));
#5053=CARTESIAN_POINT('',(4.228692186680E0,1.000653906660E1,-7.330000662473E0));
#5054=CARTESIAN_POINT('',(4.241936645590E0,9.940316772046E0,-7.300870683338E0));
#5055=CARTESIAN_POINT('',(4.247853674137E0,9.910731629313E0,-7.277296152736E0));
#5056=CARTESIAN_POINT('',(4.25E0,9.899999999997E0,-7.262100821070E0));
#5057=CARTESIAN_POINT('',(4.25E0,9.899999999996E0,-7.250000000002E0));
#5059=DIRECTION('',(-4.564952100569E-13,1.E0,-1.933200355757E-14));
#5060=VECTOR('',#5059,5.467267354342E0);
#5061=CARTESIAN_POINT('',(3.4E0,4.432732645657E0,-7.4E0));
#5062=LINE('',#5061,#5060);
#5063=CARTESIAN_POINT('',(3.399999999994E0,9.9E0,-7.4E0));
#5064=CARTESIAN_POINT('',(3.387899178926E0,9.900000000003E0,-7.399999999999E0));
#5065=CARTESIAN_POINT('',(3.372703847261E0,9.910731629320E0,-7.397853674136E0));
#5066=CARTESIAN_POINT('',(3.349129316660E0,9.940316772054E0,-7.391936645589E0));
#5067=CARTESIAN_POINT('',(3.319999337526E0,1.000653906660E1,-7.378692186680E0));
#5068=CARTESIAN_POINT('',(3.303249199223E0,1.007309383211E1,-7.365381233579E0));
#5069=CARTESIAN_POINT('',(3.293933982822E0,1.011966991411E1,-7.356066017178E0));
#5071=DIRECTION('',(-3.249076228163E-14,-1.E0,5.622526412836E-13));
#5072=VECTOR('',#5071,5.467267354342E0);
#5073=CARTESIAN_POINT('',(3.25E0,9.899999999999E0,-7.250000000003E0));
#5074=LINE('',#5073,#5072);
#5075=DIRECTION('',(0.E0,1.E0,0.E0));
#5076=VECTOR('',#5075,1.032732645657E0);
#5077=CARTESIAN_POINT('',(3.25E0,3.4E0,-7.25E0));
#5078=LINE('',#5077,#5076);
#5079=DIRECTION('',(0.E0,0.E0,-1.E0));
#5080=VECTOR('',#5079,1.5E-1);
#5081=CARTESIAN_POINT('',(3.25E0,4.432732645657E0,-7.25E0));
#5082=LINE('',#5081,#5080);
#5083=DIRECTION('',(0.E0,0.E0,-1.E0));
#5084=VECTOR('',#5083,1.5E-1);
#5085=CARTESIAN_POINT('',(3.25E0,3.4E0,-7.25E0));
#5086=LINE('',#5085,#5084);
#5087=CARTESIAN_POINT('',(3.4E0,3.4E0,-7.25E0));
#5088=DIRECTION('',(0.E0,1.E0,0.E0));
#5089=DIRECTION('',(0.E0,0.E0,-1.E0));
#5090=AXIS2_PLACEMENT_3D('',#5087,#5088,#5089);
#5092=DIRECTION('',(-1.E0,0.E0,0.E0));
#5093=VECTOR('',#5092,1.5E-1);
#5094=CARTESIAN_POINT('',(3.4E0,3.4E0,-7.4E0));
#5095=LINE('',#5094,#5093);
#5096=DIRECTION('',(0.E0,1.E0,0.E0));
#5097=VECTOR('',#5096,1.032732645657E0);
#5098=CARTESIAN_POINT('',(3.25E0,3.4E0,-7.4E0));
#5099=LINE('',#5098,#5097);
#5100=DIRECTION('',(1.E0,0.E0,0.E0));
#5101=VECTOR('',#5100,1.499999999997E-1);
#5102=CARTESIAN_POINT('',(3.25E0,4.432732645657E0,-7.4E0));
#5103=LINE('',#5102,#5101);
#5104=DIRECTION('',(2.420977260640E-13,-1.E0,0.E0));
#5105=VECTOR('',#5104,1.032732645657E0);
#5106=CARTESIAN_POINT('',(3.4E0,4.432732645657E0,-7.4E0));
#5107=LINE('',#5106,#5105);
#5108=DIRECTION('',(1.924500897293E-1,9.622504486496E-1,1.924500897295E-1));
#5109=VECTOR('',#5108,8.109428132619E-1);
#5110=CARTESIAN_POINT('',(3.293933982822E0,1.011966991411E1,-7.356066017178E0));
#5111=LINE('',#5110,#5109);
#5112=DIRECTION('',(0.E0,0.E0,1.E0));
#5113=VECTOR('',#5112,6.000000000006E-1);
#5114=CARTESIAN_POINT('',(3.45E0,1.09E1,-7.2E0));
#5115=LINE('',#5114,#5113);
#5116=DIRECTION('',(-1.924500897292E-1,-9.622504486496E-1,1.924500897295E-1));
#5117=VECTOR('',#5116,8.109428132622E-1);
#5118=CARTESIAN_POINT('',(3.45E0,1.09E1,-6.6E0));
#5119=LINE('',#5118,#5117);
#5120=CARTESIAN_POINT('',(3.293933982822E0,1.011966991411E1,-6.443933982822E0));
#5121=CARTESIAN_POINT('',(3.284618766421E0,1.007309383210E1,-6.453249199223E0));
#5122=CARTESIAN_POINT('',(3.271307813321E0,1.000653906660E1,-6.469999337526E0));
#5123=CARTESIAN_POINT('',(3.258063354411E0,9.940316772051E0,-6.499129316660E0));
#5124=CARTESIAN_POINT('',(3.252146325864E0,9.910731629316E0,-6.522703847261E0));
#5125=CARTESIAN_POINT('',(3.250000000001E0,9.899999999999E0,-6.537899178926E0));
#5126=CARTESIAN_POINT('',(3.25E0,9.899999999996E0,-6.549999999994E0));
#5128=DIRECTION('',(4.567774729846E-14,-1.015061051077E-14,-1.E0));
#5129=VECTOR('',#5128,7.000000000062E-1);
#5130=CARTESIAN_POINT('',(3.25E0,9.899999999999E0,-6.549999999997E0));
#5131=LINE('',#5130,#5129);
#5132=CARTESIAN_POINT('',(3.25E0,9.899999999996E0,-7.250000000002E0));
#5133=CARTESIAN_POINT('',(3.25E0,9.899999999997E0,-7.262100821070E0));
#5134=CARTESIAN_POINT('',(3.252146325863E0,9.910731629313E0,-7.277296152736E0));
#5135=CARTESIAN_POINT('',(3.258063354410E0,9.940316772046E0,-7.300870683338E0));
#5136=CARTESIAN_POINT('',(3.271307813320E0,1.000653906660E1,-7.330000662473E0));
#5137=CARTESIAN_POINT('',(3.284618766421E0,1.007309383210E1,-7.346750800777E0));
#5138=CARTESIAN_POINT('',(3.293933982822E0,1.011966991411E1,-7.356066017178E0));
#5140=CARTESIAN_POINT('',(3.293933982822E0,1.011966991411E1,-6.443933982822E0));
#5141=CARTESIAN_POINT('',(3.303249199224E0,1.007309383210E1,-6.434618766421E0));
#5142=CARTESIAN_POINT('',(3.319999337527E0,1.000653906660E1,-6.421307813319E0));
#5143=CARTESIAN_POINT('',(3.349129316662E0,9.940316772049E0,-6.408063354410E0));
#5144=CARTESIAN_POINT('',(3.372703847264E0,9.910731629317E0,-6.402146325863E0));
#5145=CARTESIAN_POINT('',(3.387899178930E0,9.900000000001E0,-6.4E0));
#5146=CARTESIAN_POINT('',(3.399999999998E0,9.9E0,-6.4E0));
#5148=DIRECTION('',(5.209081462802E-13,-1.E0,-1.315875872406E-14));
#5149=VECTOR('',#5148,5.467267354342E0);
#5150=CARTESIAN_POINT('',(3.399999999997E0,9.899999999999E0,-6.4E0));
#5151=LINE('',#5150,#5149);
#5152=DIRECTION('',(0.E0,0.E0,-1.E0));
#5153=VECTOR('',#5152,1.5E-1);
#5154=CARTESIAN_POINT('',(3.25E0,4.432732645657E0,-6.4E0));
#5155=LINE('',#5154,#5153);
#5156=DIRECTION('',(0.E0,-1.E0,0.E0));
#5157=VECTOR('',#5156,1.032732645657E0);
#5158=CARTESIAN_POINT('',(3.25E0,4.432732645657E0,-6.55E0));
#5159=LINE('',#5158,#5157);
#5160=DIRECTION('',(0.E0,0.E0,-1.E0));
#5161=VECTOR('',#5160,1.5E-1);
#5162=CARTESIAN_POINT('',(3.25E0,3.4E0,-6.4E0));
#5163=LINE('',#5162,#5161);
#5164=CARTESIAN_POINT('',(3.4E0,3.4E0,-6.55E0));
#5165=DIRECTION('',(0.E0,1.E0,0.E0));
#5166=DIRECTION('',(-1.E0,0.E0,0.E0));
#5167=AXIS2_PLACEMENT_3D('',#5164,#5165,#5166);
#5169=DIRECTION('',(1.E0,0.E0,0.E0));
#5170=VECTOR('',#5169,1.5E-1);
#5171=CARTESIAN_POINT('',(3.25E0,3.4E0,-6.4E0));
#5172=LINE('',#5171,#5170);
#5173=DIRECTION('',(-2.420977260640E-13,1.E0,0.E0));
#5174=VECTOR('',#5173,1.032732645657E0);
#5175=CARTESIAN_POINT('',(3.4E0,3.4E0,-6.4E0));
#5176=LINE('',#5175,#5174);
#5177=DIRECTION('',(-1.E0,0.E0,0.E0));
#5178=VECTOR('',#5177,1.499999999997E-1);
#5179=CARTESIAN_POINT('',(3.4E0,4.432732645657E0,-6.4E0));
#5180=LINE('',#5179,#5178);
#5181=DIRECTION('',(0.E0,-1.E0,0.E0));
#5182=VECTOR('',#5181,1.032732645657E0);
#5183=CARTESIAN_POINT('',(3.25E0,4.432732645657E0,-6.4E0));
#5184=LINE('',#5183,#5182);
#5185=DIRECTION('',(0.E0,0.E0,-1.E0));
#5186=VECTOR('',#5185,7.E-1);
#5187=CARTESIAN_POINT('',(3.25E0,4.432732645657E0,-6.55E0));
#5188=LINE('',#5187,#5186);
#5189=DIRECTION('',(-2.664242507094E-14,-1.E0,-5.635522717748E-13));
#5190=VECTOR('',#5189,5.467267354342E0);
#5191=CARTESIAN_POINT('',(3.25E0,9.899999999999E0,-6.549999999997E0));
#5192=LINE('',#5191,#5190);
#5193=DIRECTION('',(3.106686566105E-14,-9.994262055241E-1,-3.387122247126E-2));
#5194=VECTOR('',#5193,7.433205256093E-1);
#5195=CARTESIAN_POINT('',(1.125E1,4.142894012398E0,-8.259822825109E0));
#5196=LINE('',#5195,#5194);
#5197=DIRECTION('',(3.106686566104E-14,-9.994262055241E-1,3.387122247125E-2));
#5198=VECTOR('',#5197,7.433205256094E-1);
#5199=CARTESIAN_POINT('',(1.125E1,4.142894012398E0,-5.540177174891E0));
#5200=LINE('',#5199,#5198);
#5201=CARTESIAN_POINT('',(1.125E1,4.142894012398E0,-6.9E0));
#5202=DIRECTION('',(0.E0,-1.E0,0.E0));
#5203=DIRECTION('',(0.E0,0.E0,-1.E0));
#5204=AXIS2_PLACEMENT_3D('',#5201,#5202,#5203);
#5206=CARTESIAN_POINT('',(1.125E1,4.142894012398E0,-6.9E0));
#5207=DIRECTION('',(0.E0,-1.E0,0.E0));
#5208=DIRECTION('',(1.E0,0.E0,-3.527050272893E-14));
#5209=AXIS2_PLACEMENT_3D('',#5206,#5207,#5208);
#5211=CARTESIAN_POINT('',(1.125E1,4.132732645657E0,-7.959994963450E0));
#5212=DIRECTION('',(-1.E0,0.E0,0.E0));
#5213=DIRECTION('',(0.E0,1.E0,3.582319626124E-13));
#5214=AXIS2_PLACEMENT_3D('',#5211,#5212,#5213);
#5216=CARTESIAN_POINT('',(1.125E1,4.132732645657E0,-5.840005036550E0));
#5217=DIRECTION('',(1.E0,0.E0,0.E0));
#5218=DIRECTION('',(0.E0,1.E0,-3.345472047537E-13));
#5219=AXIS2_PLACEMENT_3D('',#5216,#5217,#5218);
#5221=CARTESIAN_POINT('',(1.125E1,4.142894012398E0,-6.9E0));
#5222=DIRECTION('',(0.E0,-1.E0,0.E0));
#5223=DIRECTION('',(0.E0,0.E0,1.E0));
#5224=AXIS2_PLACEMENT_3D('',#5221,#5222,#5223);
#5226=CARTESIAN_POINT('',(1.125E1,4.142894012398E0,-6.9E0));
#5227=DIRECTION('',(0.E0,-1.E0,0.E0));
#5228=DIRECTION('',(-1.E0,0.E0,0.E0));
#5229=AXIS2_PLACEMENT_3D('',#5226,#5227,#5228);
#5231=CARTESIAN_POINT('',(1.125E1,4.432732645651E0,-6.9E0));
#5232=DIRECTION('',(0.E0,-1.E0,0.E0));
#5233=DIRECTION('',(-1.E0,0.E0,0.E0));
#5234=AXIS2_PLACEMENT_3D('',#5231,#5232,#5233);
#5236=CARTESIAN_POINT('',(1.125E1,4.432732645644E0,-6.9E0));
#5237=DIRECTION('',(0.E0,-1.E0,0.E0));
#5238=DIRECTION('',(1.203742029195E-11,0.E0,-1.E0));
#5239=AXIS2_PLACEMENT_3D('',#5236,#5237,#5238);
#5241=CARTESIAN_POINT('',(1.125E1,4.432732645651E0,-6.9E0));
#5242=DIRECTION('',(0.E0,-1.E0,0.E0));
#5243=DIRECTION('',(1.201897629177E-11,0.E0,1.E0));
#5244=AXIS2_PLACEMENT_3D('',#5241,#5242,#5243);
#5246=DIRECTION('',(-1.E0,0.E0,0.E0));
#5247=VECTOR('',#5246,7.E-1);
#5248=CARTESIAN_POINT('',(1.16E1,4.432732645657E0,-6.4E0));
#5249=LINE('',#5248,#5247);
#5250=DIRECTION('',(-1.E0,-1.015061051080E-14,-4.821539992629E-14));
#5251=VECTOR('',#5250,7.000000000042E-1);
#5252=CARTESIAN_POINT('',(1.16E1,9.899999999999E0,-6.4E0));
#5253=LINE('',#5252,#5251);
#5254=DIRECTION('',(-1.E0,0.E0,0.E0));
#5255=VECTOR('',#5254,6.000000000024E-1);
#5256=CARTESIAN_POINT('',(1.155E1,1.09E1,-6.6E0));
#5257=LINE('',#5256,#5255);
#5258=DIRECTION('',(-1.E0,0.E0,0.E0));
#5259=VECTOR('',#5258,6.000000000024E-1);
#5260=CARTESIAN_POINT('',(1.155E1,1.09E1,-7.2E0));
#5261=LINE('',#5260,#5259);
#5262=DIRECTION('',(1.E0,0.E0,0.E0));
#5263=VECTOR('',#5262,7.E-1);
#5264=CARTESIAN_POINT('',(1.09E1,4.432732645657E0,-7.4E0));
#5265=LINE('',#5264,#5263);
#5266=DIRECTION('',(-1.E0,1.015061051080E-14,-4.567774729859E-14));
#5267=VECTOR('',#5266,7.000000000042E-1);
#5268=CARTESIAN_POINT('',(1.16E1,9.899999999999E0,-7.4E0));
#5269=LINE('',#5268,#5267);
#5270=CARTESIAN_POINT('',(1.170606601718E1,1.011966991411E1,-7.356066017178E0));
#5271=CARTESIAN_POINT('',(1.169675080078E1,1.007309383210E1,-7.365381233580E0));
#5272=CARTESIAN_POINT('',(1.168000066247E1,1.000653906660E1,-7.378692186681E0));
#5273=CARTESIAN_POINT('',(1.165087068334E1,9.940316772047E0,-7.391936645591E0));
#5274=CARTESIAN_POINT('',(1.162729615273E1,9.910731629316E0,-7.397853674137E0));
#5275=CARTESIAN_POINT('',(1.161210082107E1,9.9E0,-7.4E0));
#5276=CARTESIAN_POINT('',(1.16E1,9.9E0,-7.4E0));
#5278=DIRECTION('',(-3.794921034494E-13,-1.E0,1.348366634688E-14));
#5279=VECTOR('',#5278,5.467267354342E0);
#5280=CARTESIAN_POINT('',(1.16E1,9.899999999999E0,-7.4E0));
#5281=LINE('',#5280,#5279);
#5282=DIRECTION('',(0.E0,0.E0,1.E0));
#5283=VECTOR('',#5282,1.5E-1);
#5284=CARTESIAN_POINT('',(1.175E1,4.432732645657E0,-7.4E0));
#5285=LINE('',#5284,#5283);
#5286=DIRECTION('',(0.E0,-1.E0,0.E0));
#5287=VECTOR('',#5286,1.032732645657E0);
#5288=CARTESIAN_POINT('',(1.175E1,4.432732645657E0,-7.25E0));
#5289=LINE('',#5288,#5287);
#5290=DIRECTION('',(0.E0,0.E0,1.E0));
#5291=VECTOR('',#5290,1.5E-1);
#5292=CARTESIAN_POINT('',(1.175E1,3.4E0,-7.4E0));
#5293=LINE('',#5292,#5291);
#5294=CARTESIAN_POINT('',(1.16E1,3.4E0,-7.25E0));
#5295=DIRECTION('',(0.E0,1.E0,0.E0));
#5296=DIRECTION('',(1.E0,0.E0,0.E0));
#5297=AXIS2_PLACEMENT_3D('',#5294,#5295,#5296);
#5299=DIRECTION('',(-1.E0,0.E0,0.E0));
#5300=VECTOR('',#5299,1.5E-1);
#5301=CARTESIAN_POINT('',(1.175E1,3.4E0,-7.4E0));
#5302=LINE('',#5301,#5300);
#5303=DIRECTION('',(0.E0,1.E0,0.E0));
#5304=VECTOR('',#5303,1.032732645657E0);
#5305=CARTESIAN_POINT('',(1.16E1,3.4E0,-7.4E0));
#5306=LINE('',#5305,#5304);
#5307=DIRECTION('',(1.E0,0.E0,0.E0));
#5308=VECTOR('',#5307,1.5E-1);
#5309=CARTESIAN_POINT('',(1.16E1,4.432732645657E0,-7.4E0));
#5310=LINE('',#5309,#5308);
#5311=DIRECTION('',(0.E0,-1.E0,0.E0));
#5312=VECTOR('',#5311,1.032732645657E0);
#5313=CARTESIAN_POINT('',(1.175E1,4.432732645657E0,-7.4E0));
#5314=LINE('',#5313,#5312);
#5315=DIRECTION('',(0.E0,0.E0,1.E0));
#5316=VECTOR('',#5315,7.000000000003E-1);
#5317=CARTESIAN_POINT('',(1.175E1,4.432732645657E0,-7.25E0));
#5318=LINE('',#5317,#5316);
#5319=DIRECTION('',(1.994932804092E-13,-1.E0,3.049258040131E-13));
#5320=VECTOR('',#5319,5.467267354342E0);
#5321=CARTESIAN_POINT('',(1.175E1,9.899999999999E0,-7.250000000002E0));
#5322=LINE('',#5321,#5320);
#5323=DIRECTION('',(3.846906254145E-13,1.E0,1.900709593475E-14));
#5324=VECTOR('',#5323,5.467267354342E0);
#5325=CARTESIAN_POINT('',(1.16E1,4.432732645657E0,-6.4E0));
#5326=LINE('',#5325,#5324);
#5327=CARTESIAN_POINT('',(1.160000000001E1,9.9E0,-6.4E0));
#5328=CARTESIAN_POINT('',(1.161210082107E1,9.900000000003E0,-6.400000000001E0));
#5329=CARTESIAN_POINT('',(1.162729615274E1,9.910731629320E0,-6.402146325864E0));
#5330=CARTESIAN_POINT('',(1.165087068334E1,9.940316772055E0,-6.408063354411E0));
#5331=CARTESIAN_POINT('',(1.168000066247E1,1.000653906660E1,-6.421307813321E0));
#5332=CARTESIAN_POINT('',(1.169675080078E1,1.007309383211E1,-6.434618766422E0));
#5333=CARTESIAN_POINT('',(1.170606601718E1,1.011966991412E1,-6.443933982823E0));
#5335=DIRECTION('',(1.994932804092E-13,-1.E0,-5.177402969578E-13));
#5336=VECTOR('',#5335,5.467267354342E0);
#5337=CARTESIAN_POINT('',(1.175E1,9.899999999999E0,-6.549999999997E0));
#5338=LINE('',#5337,#5336);
#5339=DIRECTION('',(-1.E0,0.E0,0.E0));
#5340=VECTOR('',#5339,1.5E-1);
#5341=CARTESIAN_POINT('',(1.175E1,4.432732645657E0,-6.4E0));
#5342=LINE('',#5341,#5340);
#5343=DIRECTION('',(0.E0,-1.E0,0.E0));
#5344=VECTOR('',#5343,1.032732645657E0);
#5345=CARTESIAN_POINT('',(1.16E1,4.432732645657E0,-6.4E0));
#5346=LINE('',#5345,#5344);
#5347=DIRECTION('',(-1.E0,0.E0,0.E0));
#5348=VECTOR('',#5347,1.5E-1);
#5349=CARTESIAN_POINT('',(1.175E1,3.4E0,-6.4E0));
#5350=LINE('',#5349,#5348);
#5351=CARTESIAN_POINT('',(1.16E1,3.4E0,-6.55E0));
#5352=DIRECTION('',(0.E0,1.E0,0.E0));
#5353=DIRECTION('',(0.E0,0.E0,1.E0));
#5354=AXIS2_PLACEMENT_3D('',#5351,#5352,#5353);
#5356=DIRECTION('',(0.E0,0.E0,-1.E0));
#5357=VECTOR('',#5356,1.5E-1);
#5358=CARTESIAN_POINT('',(1.175E1,3.4E0,-6.4E0));
#5359=LINE('',#5358,#5357);
#5360=DIRECTION('',(0.E0,1.E0,2.416677123409E-13));
#5361=VECTOR('',#5360,1.032732645657E0);
#5362=CARTESIAN_POINT('',(1.175E1,3.4E0,-6.55E0));
#5363=LINE('',#5362,#5361);
#5364=DIRECTION('',(0.E0,0.E0,1.E0));
#5365=VECTOR('',#5364,1.499999999997E-1);
#5366=CARTESIAN_POINT('',(1.175E1,4.432732645657E0,-6.55E0));
#5367=LINE('',#5366,#5365);
#5368=DIRECTION('',(0.E0,-1.E0,0.E0));
#5369=VECTOR('',#5368,1.032732645657E0);
#5370=CARTESIAN_POINT('',(1.175E1,4.432732645657E0,-6.4E0));
#5371=LINE('',#5370,#5369);
#5372=DIRECTION('',(0.E0,-2.385393470036E-13,1.E0));
#5373=VECTOR('',#5372,7.000000000047E-1);
#5374=CARTESIAN_POINT('',(1.175E1,9.899999999999E0,-7.250000000002E0));
#5375=LINE('',#5374,#5373);
#5376=CARTESIAN_POINT('',(1.175E1,9.899999999982E0,-6.549999999998E0));
#5377=CARTESIAN_POINT('',(1.175E1,9.899999999983E0,-6.537899178930E0));
#5378=CARTESIAN_POINT('',(1.174785367414E1,9.910731629300E0,-6.522703847264E0));
#5379=CARTESIAN_POINT('',(1.174193664559E1,9.940316772034E0,-6.499129316661E0));
#5380=CARTESIAN_POINT('',(1.172869218668E1,1.000653906659E1,-6.469999337526E0));
#5381=CARTESIAN_POINT('',(1.171538123358E1,1.007309383210E1,-6.453249199222E0));
#5382=CARTESIAN_POINT('',(1.170606601718E1,1.011966991410E1,-6.443933982821E0));
#5384=DIRECTION('',(-1.924500897283E-1,9.622504486498E-1,-1.924500897294E-1));
#5385=VECTOR('',#5384,8.109428132623E-1);
#5386=CARTESIAN_POINT('',(1.170606601718E1,1.011966991411E1,-6.443933982822E0));
#5387=LINE('',#5386,#5385);
#5388=DIRECTION('',(0.E0,0.E0,-1.E0));
#5389=VECTOR('',#5388,6.000000000006E-1);
#5390=CARTESIAN_POINT('',(1.155E1,1.09E1,-6.6E0));
#5391=LINE('',#5390,#5389);
#5392=DIRECTION('',(1.924500897274E-1,-9.622504486499E-1,-1.924500897295E-1));
#5393=VECTOR('',#5392,8.109428132623E-1);
#5394=CARTESIAN_POINT('',(1.155E1,1.09E1,-7.2E0));
#5395=LINE('',#5394,#5393);
#5396=CARTESIAN_POINT('',(1.170606601718E1,1.011966991410E1,-7.356066017179E0));
#5397=CARTESIAN_POINT('',(1.171538123358E1,1.007309383210E1,-7.346750800778E0));
#5398=CARTESIAN_POINT('',(1.172869218668E1,1.000653906659E1,-7.330000662474E0));
#5399=CARTESIAN_POINT('',(1.174193664559E1,9.940316772034E0,-7.300870683339E0));
#5400=CARTESIAN_POINT('',(1.174785367414E1,9.910731629300E0,-7.277296152736E0));
#5401=CARTESIAN_POINT('',(1.175E1,9.899999999983E0,-7.262100821070E0));
#5402=CARTESIAN_POINT('',(1.175E1,9.899999999982E0,-7.250000000002E0));
#5404=DIRECTION('',(-3.807917339407E-13,1.E0,-1.933200355757E-14));
#5405=VECTOR('',#5404,5.467267354342E0);
#5406=CARTESIAN_POINT('',(1.09E1,4.432732645657E0,-7.4E0));
#5407=LINE('',#5406,#5405);
#5408=CARTESIAN_POINT('',(1.089999999999E1,9.9E0,-7.4E0));
#5409=CARTESIAN_POINT('',(1.088789917893E1,9.900000000003E0,-7.399999999999E0));
#5410=CARTESIAN_POINT('',(1.087270384726E1,9.910731629320E0,-7.397853674136E0));
#5411=CARTESIAN_POINT('',(1.084912931666E1,9.940316772055E0,-7.391936645589E0));
#5412=CARTESIAN_POINT('',(1.081999933753E1,1.000653906660E1,-7.378692186679E0));
#5413=CARTESIAN_POINT('',(1.080324919922E1,1.007309383211E1,-7.365381233578E0));
#5414=CARTESIAN_POINT('',(1.079393398282E1,1.011966991412E1,-7.356066017177E0));
#5416=DIRECTION('',(-1.640783495223E-13,-1.E0,3.094095292081E-12));
#5417=VECTOR('',#5416,5.467267354338E0);
#5418=CARTESIAN_POINT('',(1.075E1,9.899999999995E0,-7.250000000017E0));
#5419=LINE('',#5418,#5417);
#5420=DIRECTION('',(0.E0,1.E0,0.E0));
#5421=VECTOR('',#5420,1.032732645657E0);
#5422=CARTESIAN_POINT('',(1.075E1,3.4E0,-7.25E0));
#5423=LINE('',#5422,#5421);
#5424=DIRECTION('',(0.E0,0.E0,-1.E0));
#5425=VECTOR('',#5424,1.5E-1);
#5426=CARTESIAN_POINT('',(1.075E1,4.432732645657E0,-7.25E0));
#5427=LINE('',#5426,#5425);
#5428=DIRECTION('',(0.E0,0.E0,-1.E0));
#5429=VECTOR('',#5428,1.5E-1);
#5430=CARTESIAN_POINT('',(1.075E1,3.4E0,-7.25E0));
#5431=LINE('',#5430,#5429);
#5432=CARTESIAN_POINT('',(1.09E1,3.4E0,-7.25E0));
#5433=DIRECTION('',(0.E0,1.E0,0.E0));
#5434=DIRECTION('',(0.E0,0.E0,-1.E0));
#5435=AXIS2_PLACEMENT_3D('',#5432,#5433,#5434);
#5437=DIRECTION('',(-1.E0,0.E0,0.E0));
#5438=VECTOR('',#5437,1.5E-1);
#5439=CARTESIAN_POINT('',(1.09E1,3.4E0,-7.4E0));
#5440=LINE('',#5439,#5438);
#5441=DIRECTION('',(0.E0,1.E0,0.E0));
#5442=VECTOR('',#5441,1.032732645657E0);
#5443=CARTESIAN_POINT('',(1.075E1,3.4E0,-7.4E0));
#5444=LINE('',#5443,#5442);
#5445=DIRECTION('',(1.E0,0.E0,0.E0));
#5446=VECTOR('',#5445,1.5E-1);
#5447=CARTESIAN_POINT('',(1.075E1,4.432732645657E0,-7.4E0));
#5448=LINE('',#5447,#5446);
#5449=DIRECTION('',(0.E0,-1.E0,0.E0));
#5450=VECTOR('',#5449,1.032732645657E0);
#5451=CARTESIAN_POINT('',(1.09E1,4.432732645657E0,-7.4E0));
#5452=LINE('',#5451,#5450);
#5453=DIRECTION('',(1.924500897282E-1,9.622504486498E-1,1.924500897294E-1));
#5454=VECTOR('',#5453,8.109428132625E-1);
#5455=CARTESIAN_POINT('',(1.079393398282E1,1.011966991411E1,-7.356066017178E0));
#5456=LINE('',#5455,#5454);
#5457=DIRECTION('',(0.E0,0.E0,1.E0));
#5458=VECTOR('',#5457,6.000000000006E-1);
#5459=CARTESIAN_POINT('',(1.095E1,1.09E1,-7.2E0));
#5460=LINE('',#5459,#5458);
#5461=DIRECTION('',(-1.924500897270E-1,-9.622504486499E-1,1.924500897299E-1));
#5462=VECTOR('',#5461,8.109428132624E-1);
#5463=CARTESIAN_POINT('',(1.095E1,1.09E1,-6.6E0));
#5464=LINE('',#5463,#5462);
#5465=CARTESIAN_POINT('',(1.079393398282E1,1.011966991410E1,-6.443933982821E0));
#5466=CARTESIAN_POINT('',(1.078461876642E1,1.007309383211E1,-6.453249199220E0));
#5467=CARTESIAN_POINT('',(1.077130781333E1,1.000653906662E1,-6.469999337518E0));
#5468=CARTESIAN_POINT('',(1.075806335442E1,9.940316772068E0,-6.499129316644E0));
#5469=CARTESIAN_POINT('',(1.075214632587E1,9.910731629323E0,-6.522703847239E0));
#5470=CARTESIAN_POINT('',(1.075E1,9.899999999996E0,-6.537899178901E0));
#5471=CARTESIAN_POINT('',(1.075E1,9.899999999982E0,-6.549999999966E0));
#5473=DIRECTION('',(1.624097681659E-13,-3.298948415869E-14,-1.E0));
#5474=VECTOR('',#5473,7.000000000339E-1);
#5475=CARTESIAN_POINT('',(1.075E1,9.899999999995E0,-6.549999999983E0));
#5476=LINE('',#5475,#5474);
#5477=CARTESIAN_POINT('',(1.075E1,9.899999999982E0,-7.250000000011E0));
#5478=CARTESIAN_POINT('',(1.075E1,9.899999999986E0,-7.262100821078E0));
#5479=CARTESIAN_POINT('',(1.075214632586E1,9.910731629306E0,-7.277296152743E0));
#5480=CARTESIAN_POINT('',(1.075806335441E1,9.940316772044E0,-7.300870683344E0));
#5481=CARTESIAN_POINT('',(1.077130781332E1,1.000653906660E1,-7.330000662476E0));
#5482=CARTESIAN_POINT('',(1.078461876642E1,1.007309383210E1,-7.346750800778E0));
#5483=CARTESIAN_POINT('',(1.079393398282E1,1.011966991410E1,-7.356066017179E0));
#5485=CARTESIAN_POINT('',(1.079393398282E1,1.011966991411E1,-6.443933982821E0));
#5486=CARTESIAN_POINT('',(1.080324919922E1,1.007309383210E1,-6.434618766420E0));
#5487=CARTESIAN_POINT('',(1.081999933753E1,1.000653906659E1,-6.421307813319E0));
#5488=CARTESIAN_POINT('',(1.084912931666E1,9.940316772047E0,-6.408063354409E0));
#5489=CARTESIAN_POINT('',(1.087270384727E1,9.910731629315E0,-6.402146325863E0));
#5490=CARTESIAN_POINT('',(1.088789917893E1,9.9E0,-6.4E0));
#5491=CARTESIAN_POINT('',(1.09E1,9.9E0,-6.4E0));
#5493=DIRECTION('',(3.840408101688E-13,-1.E0,-1.315875872406E-14));
#5494=VECTOR('',#5493,5.467267354342E0);
#5495=CARTESIAN_POINT('',(1.09E1,9.899999999999E0,-6.4E0));
#5496=LINE('',#5495,#5494);
#5497=DIRECTION('',(0.E0,0.E0,-1.E0));
#5498=VECTOR('',#5497,1.5E-1);
#5499=CARTESIAN_POINT('',(1.075E1,4.432732645657E0,-6.4E0));
#5500=LINE('',#5499,#5498);
#5501=DIRECTION('',(0.E0,-1.E0,0.E0));
#5502=VECTOR('',#5501,1.032732645657E0);
#5503=CARTESIAN_POINT('',(1.075E1,4.432732645657E0,-6.55E0));
#5504=LINE('',#5503,#5502);
#5505=DIRECTION('',(0.E0,0.E0,-1.E0));
#5506=VECTOR('',#5505,1.5E-1);
#5507=CARTESIAN_POINT('',(1.075E1,3.4E0,-6.4E0));
#5508=LINE('',#5507,#5506);
#5509=CARTESIAN_POINT('',(1.09E1,3.4E0,-6.55E0));
#5510=DIRECTION('',(0.E0,1.E0,0.E0));
#5511=DIRECTION('',(-1.E0,0.E0,0.E0));
#5512=AXIS2_PLACEMENT_3D('',#5509,#5510,#5511);
#5514=DIRECTION('',(1.E0,0.E0,0.E0));
#5515=VECTOR('',#5514,1.5E-1);
#5516=CARTESIAN_POINT('',(1.075E1,3.4E0,-6.4E0));
#5517=LINE('',#5516,#5515);
#5518=DIRECTION('',(0.E0,1.E0,0.E0));
#5519=VECTOR('',#5518,1.032732645657E0);
#5520=CARTESIAN_POINT('',(1.09E1,3.4E0,-6.4E0));
#5521=LINE('',#5520,#5519);
#5522=DIRECTION('',(-1.E0,0.E0,0.E0));
#5523=VECTOR('',#5522,1.5E-1);
#5524=CARTESIAN_POINT('',(1.09E1,4.432732645657E0,-6.4E0));
#5525=LINE('',#5524,#5523);
#5526=DIRECTION('',(0.E0,-1.E0,0.E0));
#5527=VECTOR('',#5526,1.032732645657E0);
#5528=CARTESIAN_POINT('',(1.075E1,4.432732645657E0,-6.4E0));
#5529=LINE('',#5528,#5527);
#5530=DIRECTION('',(0.E0,0.E0,-1.E0));
#5531=VECTOR('',#5530,7.E-1);
#5532=CARTESIAN_POINT('',(1.075E1,4.432732645657E0,-6.55E0));
#5533=LINE('',#5532,#5531);
#5534=DIRECTION('',(-1.432842616621E-13,-1.E0,-3.098968906424E-12));
#5535=VECTOR('',#5534,5.467267354338E0);
#5536=CARTESIAN_POINT('',(1.075E1,9.899999999995E0,-6.549999999983E0));
#5537=LINE('',#5536,#5535);
#5538=DIRECTION('',(1.940484224367E-12,-9.994262055239E-1,-3.387122247625E-2));
#5539=VECTOR('',#5538,7.433205256094E-1);
#5540=CARTESIAN_POINT('',(1.875E1,4.142894012398E0,-8.259822825108E0));
#5541=LINE('',#5540,#5539);
#5542=DIRECTION('',(1.950043259954E-12,-9.994262055239E-1,3.387122247625E-2));
#5543=VECTOR('',#5542,7.433205256095E-1);
#5544=CARTESIAN_POINT('',(1.875E1,4.142894012398E0,-5.540177174892E0));
#5545=LINE('',#5544,#5543);
#5546=CARTESIAN_POINT('',(1.875E1,4.142894012398E0,-6.9E0));
#5547=DIRECTION('',(0.E0,-1.E0,0.E0));
#5548=DIRECTION('',(0.E0,0.E0,-1.E0));
#5549=AXIS2_PLACEMENT_3D('',#5546,#5547,#5548);
#5551=CARTESIAN_POINT('',(1.875E1,4.142894012398E0,-6.9E0));
#5552=DIRECTION('',(0.E0,-1.E0,0.E0));
#5553=DIRECTION('',(1.E0,0.E0,1.182214998877E-13));
#5554=AXIS2_PLACEMENT_3D('',#5551,#5552,#5553);
#5556=CARTESIAN_POINT('',(1.875E1,4.132732645657E0,-7.959994963450E0));
#5557=DIRECTION('',(-1.E0,0.E0,0.E0));
#5558=DIRECTION('',(0.E0,1.E0,3.730349362740E-13));
#5559=AXIS2_PLACEMENT_3D('',#5556,#5557,#5558);
#5561=CARTESIAN_POINT('',(1.875E1,4.132732645657E0,-5.840005036550E0));
#5562=DIRECTION('',(1.E0,0.E0,0.E0));
#5563=DIRECTION('',(0.E0,1.E0,-3.493501784154E-13));
#5564=AXIS2_PLACEMENT_3D('',#5561,#5562,#5563);
#5566=CARTESIAN_POINT('',(1.875E1,4.142894012398E0,-6.9E0));
#5567=DIRECTION('',(0.E0,-1.E0,0.E0));
#5568=DIRECTION('',(0.E0,0.E0,1.E0));
#5569=AXIS2_PLACEMENT_3D('',#5566,#5567,#5568);
#5571=CARTESIAN_POINT('',(1.875E1,4.142894012398E0,-6.9E0));
#5572=DIRECTION('',(0.E0,-1.E0,0.E0));
#5573=DIRECTION('',(-1.E0,0.E0,0.E0));
#5574=AXIS2_PLACEMENT_3D('',#5571,#5572,#5573);
#5576=CARTESIAN_POINT('',(1.875E1,4.432732645651E0,-6.9E0));
#5577=DIRECTION('',(0.E0,-1.E0,0.E0));
#5578=DIRECTION('',(-1.E0,0.E0,0.E0));
#5579=AXIS2_PLACEMENT_3D('',#5576,#5577,#5578);
#5581=CARTESIAN_POINT('',(1.875E1,4.432732645644E0,-6.9E0));
#5582=DIRECTION('',(0.E0,-1.E0,0.E0));
#5583=DIRECTION('',(1.203909611268E-11,0.E0,-1.E0));
#5584=AXIS2_PLACEMENT_3D('',#5581,#5582,#5583);
#5586=CARTESIAN_POINT('',(1.875E1,4.432732645651E0,-6.9E0));
#5587=DIRECTION('',(0.E0,-1.E0,0.E0));
#5588=DIRECTION('',(1.201897629177E-11,0.E0,1.E0));
#5589=AXIS2_PLACEMENT_3D('',#5586,#5587,#5588);
#5591=DIRECTION('',(-1.E0,0.E0,0.E0));
#5592=VECTOR('',#5591,7.E-1);
#5593=CARTESIAN_POINT('',(1.91E1,4.432732645657E0,-6.4E0));
#5594=LINE('',#5593,#5592);
#5595=DIRECTION('',(-1.E0,-1.015061051080E-14,-4.567774729859E-14));
#5596=VECTOR('',#5595,7.000000000042E-1);
#5597=CARTESIAN_POINT('',(1.91E1,9.899999999999E0,-6.4E0));
#5598=LINE('',#5597,#5596);
#5599=DIRECTION('',(-1.E0,0.E0,0.E0));
#5600=VECTOR('',#5599,6.000000000024E-1);
#5601=CARTESIAN_POINT('',(1.905E1,1.09E1,-6.6E0));
#5602=LINE('',#5601,#5600);
#5603=DIRECTION('',(-1.E0,0.E0,0.E0));
#5604=VECTOR('',#5603,6.000000000024E-1);
#5605=CARTESIAN_POINT('',(1.905E1,1.09E1,-7.2E0));
#5606=LINE('',#5605,#5604);
#5607=DIRECTION('',(1.E0,0.E0,0.E0));
#5608=VECTOR('',#5607,7.E-1);
#5609=CARTESIAN_POINT('',(1.84E1,4.432732645657E0,-7.4E0));
#5610=LINE('',#5609,#5608);
#5611=DIRECTION('',(-1.E0,1.015061051080E-14,-4.567774729859E-14));
#5612=VECTOR('',#5611,7.000000000042E-1);
#5613=CARTESIAN_POINT('',(1.91E1,9.899999999999E0,-7.4E0));
#5614=LINE('',#5613,#5612);
#5615=CARTESIAN_POINT('',(1.920606601718E1,1.011966991411E1,-7.356066017178E0));
#5616=CARTESIAN_POINT('',(1.919675080078E1,1.007309383210E1,-7.365381233580E0));
#5617=CARTESIAN_POINT('',(1.918000066247E1,1.000653906660E1,-7.378692186681E0));
#5618=CARTESIAN_POINT('',(1.915087068334E1,9.940316772047E0,-7.391936645591E0));
#5619=CARTESIAN_POINT('',(1.912729615273E1,9.910731629316E0,-7.397853674137E0));
#5620=CARTESIAN_POINT('',(1.911210082107E1,9.9E0,-7.4E0));
#5621=CARTESIAN_POINT('',(1.91E1,9.9E0,-7.4E0));
#5623=DIRECTION('',(-3.801419186950E-13,-1.E0,1.348366634688E-14));
#5624=VECTOR('',#5623,5.467267354342E0);
#5625=CARTESIAN_POINT('',(1.91E1,9.899999999999E0,-7.4E0));
#5626=LINE('',#5625,#5624);
#5627=DIRECTION('',(0.E0,0.E0,1.E0));
#5628=VECTOR('',#5627,1.5E-1);
#5629=CARTESIAN_POINT('',(1.925E1,4.432732645657E0,-7.4E0));
#5630=LINE('',#5629,#5628);
#5631=DIRECTION('',(0.E0,-1.E0,0.E0));
#5632=VECTOR('',#5631,1.032732645657E0);
#5633=CARTESIAN_POINT('',(1.925E1,4.432732645657E0,-7.25E0));
#5634=LINE('',#5633,#5632);
#5635=DIRECTION('',(0.E0,0.E0,1.E0));
#5636=VECTOR('',#5635,1.5E-1);
#5637=CARTESIAN_POINT('',(1.925E1,3.4E0,-7.4E0));
#5638=LINE('',#5637,#5636);
#5639=CARTESIAN_POINT('',(1.91E1,3.4E0,-7.25E0));
#5640=DIRECTION('',(0.E0,1.E0,0.E0));
#5641=DIRECTION('',(1.E0,0.E0,0.E0));
#5642=AXIS2_PLACEMENT_3D('',#5639,#5640,#5641);
#5644=DIRECTION('',(-1.E0,0.E0,0.E0));
#5645=VECTOR('',#5644,1.5E-1);
#5646=CARTESIAN_POINT('',(1.925E1,3.4E0,-7.4E0));
#5647=LINE('',#5646,#5645);
#5648=DIRECTION('',(0.E0,1.E0,0.E0));
#5649=VECTOR('',#5648,1.032732645657E0);
#5650=CARTESIAN_POINT('',(1.91E1,3.4E0,-7.4E0));
#5651=LINE('',#5650,#5649);
#5652=DIRECTION('',(1.E0,0.E0,0.E0));
#5653=VECTOR('',#5652,1.5E-1);
#5654=CARTESIAN_POINT('',(1.91E1,4.432732645657E0,-7.4E0));
#5655=LINE('',#5654,#5653);
#5656=DIRECTION('',(0.E0,-1.E0,0.E0));
#5657=VECTOR('',#5656,1.032732645657E0);
#5658=CARTESIAN_POINT('',(1.925E1,4.432732645657E0,-7.4E0));
#5659=LINE('',#5658,#5657);
#5660=DIRECTION('',(0.E0,0.E0,1.E0));
#5661=VECTOR('',#5660,7.000000000003E-1);
#5662=CARTESIAN_POINT('',(1.925E1,4.432732645657E0,-7.25E0));
#5663=LINE('',#5662,#5661);
#5664=DIRECTION('',(1.994932804092E-13,-1.E0,3.049258040131E-13));
#5665=VECTOR('',#5664,5.467267354342E0);
#5666=CARTESIAN_POINT('',(1.925E1,9.899999999999E0,-7.250000000002E0));
#5667=LINE('',#5666,#5665);
#5668=DIRECTION('',(3.846906254145E-13,1.E0,1.900709593475E-14));
#5669=VECTOR('',#5668,5.467267354342E0);
#5670=CARTESIAN_POINT('',(1.91E1,4.432732645657E0,-6.4E0));
#5671=LINE('',#5670,#5669);
#5672=CARTESIAN_POINT('',(1.910000000001E1,9.9E0,-6.4E0));
#5673=CARTESIAN_POINT('',(1.911210082107E1,9.900000000003E0,-6.400000000001E0));
#5674=CARTESIAN_POINT('',(1.912729615274E1,9.910731629320E0,-6.402146325864E0));
#5675=CARTESIAN_POINT('',(1.915087068334E1,9.940316772055E0,-6.408063354411E0));
#5676=CARTESIAN_POINT('',(1.918000066247E1,1.000653906660E1,-6.421307813321E0));
#5677=CARTESIAN_POINT('',(1.919675080078E1,1.007309383211E1,-6.434618766422E0));
#5678=CARTESIAN_POINT('',(1.920606601718E1,1.011966991412E1,-6.443933982823E0));
#5680=DIRECTION('',(1.994932804092E-13,-1.E0,-5.177402969578E-13));
#5681=VECTOR('',#5680,5.467267354342E0);
#5682=CARTESIAN_POINT('',(1.925E1,9.899999999999E0,-6.549999999997E0));
#5683=LINE('',#5682,#5681);
#5684=DIRECTION('',(-1.E0,0.E0,0.E0));
#5685=VECTOR('',#5684,1.5E-1);
#5686=CARTESIAN_POINT('',(1.925E1,4.432732645657E0,-6.4E0));
#5687=LINE('',#5686,#5685);
#5688=DIRECTION('',(0.E0,-1.E0,0.E0));
#5689=VECTOR('',#5688,1.032732645657E0);
#5690=CARTESIAN_POINT('',(1.91E1,4.432732645657E0,-6.4E0));
#5691=LINE('',#5690,#5689);
#5692=DIRECTION('',(-1.E0,0.E0,0.E0));
#5693=VECTOR('',#5692,1.5E-1);
#5694=CARTESIAN_POINT('',(1.925E1,3.4E0,-6.4E0));
#5695=LINE('',#5694,#5693);
#5696=CARTESIAN_POINT('',(1.91E1,3.4E0,-6.55E0));
#5697=DIRECTION('',(0.E0,1.E0,0.E0));
#5698=DIRECTION('',(-2.368475785867E-14,0.E0,1.E0));
#5699=AXIS2_PLACEMENT_3D('',#5696,#5697,#5698);
#5701=DIRECTION('',(0.E0,0.E0,-1.E0));
#5702=VECTOR('',#5701,1.5E-1);
#5703=CARTESIAN_POINT('',(1.925E1,3.4E0,-6.4E0));
#5704=LINE('',#5703,#5702);
#5705=DIRECTION('',(0.E0,1.E0,2.442477946791E-13));
#5706=VECTOR('',#5705,1.032732645657E0);
#5707=CARTESIAN_POINT('',(1.925E1,3.4E0,-6.55E0));
#5708=LINE('',#5707,#5706);
#5709=DIRECTION('',(0.E0,0.E0,1.E0));
#5710=VECTOR('',#5709,1.499999999997E-1);
#5711=CARTESIAN_POINT('',(1.925E1,4.432732645657E0,-6.55E0));
#5712=LINE('',#5711,#5710);
#5713=DIRECTION('',(0.E0,-1.E0,0.E0));
#5714=VECTOR('',#5713,1.032732645657E0);
#5715=CARTESIAN_POINT('',(1.925E1,4.432732645657E0,-6.4E0));
#5716=LINE('',#5715,#5714);
#5717=DIRECTION('',(0.E0,-2.385393470036E-13,1.E0));
#5718=VECTOR('',#5717,7.000000000047E-1);
#5719=CARTESIAN_POINT('',(1.925E1,9.899999999999E0,-7.250000000002E0));
#5720=LINE('',#5719,#5718);
#5721=CARTESIAN_POINT('',(1.925E1,9.899999999982E0,-6.549999999998E0));
#5722=CARTESIAN_POINT('',(1.925E1,9.899999999983E0,-6.537899178930E0));
#5723=CARTESIAN_POINT('',(1.924785367414E1,9.910731629300E0,-6.522703847264E0));
#5724=CARTESIAN_POINT('',(1.924193664559E1,9.940316772034E0,-6.499129316661E0));
#5725=CARTESIAN_POINT('',(1.922869218668E1,1.000653906659E1,-6.469999337526E0));
#5726=CARTESIAN_POINT('',(1.921538123358E1,1.007309383210E1,-6.453249199222E0));
#5727=CARTESIAN_POINT('',(1.920606601718E1,1.011966991410E1,-6.443933982821E0));
#5729=DIRECTION('',(-1.924500897283E-1,9.622504486498E-1,-1.924500897294E-1));
#5730=VECTOR('',#5729,8.109428132623E-1);
#5731=CARTESIAN_POINT('',(1.920606601718E1,1.011966991411E1,-6.443933982822E0));
#5732=LINE('',#5731,#5730);
#5733=DIRECTION('',(0.E0,0.E0,-1.E0));
#5734=VECTOR('',#5733,6.000000000006E-1);
#5735=CARTESIAN_POINT('',(1.905E1,1.09E1,-6.6E0));
#5736=LINE('',#5735,#5734);
#5737=DIRECTION('',(1.924500897274E-1,-9.622504486499E-1,-1.924500897295E-1));
#5738=VECTOR('',#5737,8.109428132623E-1);
#5739=CARTESIAN_POINT('',(1.905E1,1.09E1,-7.2E0));
#5740=LINE('',#5739,#5738);
#5741=CARTESIAN_POINT('',(1.920606601718E1,1.011966991410E1,-7.356066017179E0));
#5742=CARTESIAN_POINT('',(1.921538123358E1,1.007309383210E1,-7.346750800778E0));
#5743=CARTESIAN_POINT('',(1.922869218668E1,1.000653906659E1,-7.330000662474E0));
#5744=CARTESIAN_POINT('',(1.924193664559E1,9.940316772034E0,-7.300870683339E0));
#5745=CARTESIAN_POINT('',(1.924785367414E1,9.910731629300E0,-7.277296152736E0));
#5746=CARTESIAN_POINT('',(1.925E1,9.899999999983E0,-7.262100821070E0));
#5747=CARTESIAN_POINT('',(1.925E1,9.899999999982E0,-7.250000000002E0));
#5749=DIRECTION('',(-3.814415491863E-13,1.E0,-1.900709593475E-14));
#5750=VECTOR('',#5749,5.467267354342E0);
#5751=CARTESIAN_POINT('',(1.84E1,4.432732645657E0,-7.4E0));
#5752=LINE('',#5751,#5750);
#5753=CARTESIAN_POINT('',(1.839999999999E1,9.9E0,-7.4E0));
#5754=CARTESIAN_POINT('',(1.838789917893E1,9.900000000003E0,-7.399999999999E0));
#5755=CARTESIAN_POINT('',(1.837270384726E1,9.910731629320E0,-7.397853674136E0));
#5756=CARTESIAN_POINT('',(1.834912931666E1,9.940316772055E0,-7.391936645589E0));
#5757=CARTESIAN_POINT('',(1.831999933753E1,1.000653906660E1,-7.378692186679E0));
#5758=CARTESIAN_POINT('',(1.830324919922E1,1.007309383211E1,-7.365381233578E0));
#5759=CARTESIAN_POINT('',(1.829393398282E1,1.011966991412E1,-7.356066017177E0));
#5761=DIRECTION('',(-1.644032571451E-13,-1.E0,3.093932838270E-12));
#5762=VECTOR('',#5761,5.467267354338E0);
#5763=CARTESIAN_POINT('',(1.825E1,9.899999999995E0,-7.250000000017E0));
#5764=LINE('',#5763,#5762);
#5765=DIRECTION('',(0.E0,1.E0,0.E0));
#5766=VECTOR('',#5765,1.032732645657E0);
#5767=CARTESIAN_POINT('',(1.825E1,3.4E0,-7.25E0));
#5768=LINE('',#5767,#5766);
#5769=DIRECTION('',(0.E0,0.E0,-1.E0));
#5770=VECTOR('',#5769,1.5E-1);
#5771=CARTESIAN_POINT('',(1.825E1,4.432732645657E0,-7.25E0));
#5772=LINE('',#5771,#5770);
#5773=DIRECTION('',(0.E0,0.E0,-1.E0));
#5774=VECTOR('',#5773,1.5E-1);
#5775=CARTESIAN_POINT('',(1.825E1,3.4E0,-7.25E0));
#5776=LINE('',#5775,#5774);
#5777=CARTESIAN_POINT('',(1.84E1,3.4E0,-7.25E0));
#5778=DIRECTION('',(0.E0,1.E0,0.E0));
#5779=DIRECTION('',(0.E0,0.E0,-1.E0));
#5780=AXIS2_PLACEMENT_3D('',#5777,#5778,#5779);
#5782=DIRECTION('',(-1.E0,0.E0,0.E0));
#5783=VECTOR('',#5782,1.5E-1);
#5784=CARTESIAN_POINT('',(1.84E1,3.4E0,-7.4E0));
#5785=LINE('',#5784,#5783);
#5786=DIRECTION('',(0.E0,1.E0,0.E0));
#5787=VECTOR('',#5786,1.032732645657E0);
#5788=CARTESIAN_POINT('',(1.825E1,3.4E0,-7.4E0));
#5789=LINE('',#5788,#5787);
#5790=DIRECTION('',(1.E0,0.E0,0.E0));
#5791=VECTOR('',#5790,1.5E-1);
#5792=CARTESIAN_POINT('',(1.825E1,4.432732645657E0,-7.4E0));
#5793=LINE('',#5792,#5791);
#5794=DIRECTION('',(0.E0,-1.E0,0.E0));
#5795=VECTOR('',#5794,1.032732645657E0);
#5796=CARTESIAN_POINT('',(1.84E1,4.432732645657E0,-7.4E0));
#5797=LINE('',#5796,#5795);
#5798=DIRECTION('',(1.924500897282E-1,9.622504486498E-1,1.924500897294E-1));
#5799=VECTOR('',#5798,8.109428132625E-1);
#5800=CARTESIAN_POINT('',(1.829393398282E1,1.011966991411E1,-7.356066017178E0));
#5801=LINE('',#5800,#5799);
#5802=DIRECTION('',(0.E0,0.E0,1.E0));
#5803=VECTOR('',#5802,6.000000000006E-1);
#5804=CARTESIAN_POINT('',(1.845E1,1.09E1,-7.2E0));
#5805=LINE('',#5804,#5803);
#5806=DIRECTION('',(-1.924500897270E-1,-9.622504486499E-1,1.924500897299E-1));
#5807=VECTOR('',#5806,8.109428132624E-1);
#5808=CARTESIAN_POINT('',(1.845E1,1.09E1,-6.6E0));
#5809=LINE('',#5808,#5807);
#5810=CARTESIAN_POINT('',(1.829393398282E1,1.011966991410E1,-6.443933982821E0));
#5811=CARTESIAN_POINT('',(1.828461876642E1,1.007309383211E1,-6.453249199220E0));
#5812=CARTESIAN_POINT('',(1.827130781333E1,1.000653906662E1,-6.469999337518E0));
#5813=CARTESIAN_POINT('',(1.825806335442E1,9.940316772068E0,-6.499129316644E0));
#5814=CARTESIAN_POINT('',(1.825214632587E1,9.910731629323E0,-6.522703847239E0));
#5815=CARTESIAN_POINT('',(1.825E1,9.899999999996E0,-6.537899178901E0));
#5816=CARTESIAN_POINT('',(1.825E1,9.899999999982E0,-6.549999999966E0));
#5818=DIRECTION('',(1.624097681659E-13,-3.298948415869E-14,-1.E0));
#5819=VECTOR('',#5818,7.000000000339E-1);
#5820=CARTESIAN_POINT('',(1.825E1,9.899999999995E0,-6.549999999983E0));
#5821=LINE('',#5820,#5819);
#5822=CARTESIAN_POINT('',(1.825E1,9.899999999982E0,-7.250000000011E0));
#5823=CARTESIAN_POINT('',(1.825E1,9.899999999986E0,-7.262100821078E0));
#5824=CARTESIAN_POINT('',(1.825214632586E1,9.910731629306E0,-7.277296152743E0));
#5825=CARTESIAN_POINT('',(1.825806335441E1,9.940316772044E0,-7.300870683344E0));
#5826=CARTESIAN_POINT('',(1.827130781332E1,1.000653906660E1,-7.330000662476E0));
#5827=CARTESIAN_POINT('',(1.828461876642E1,1.007309383210E1,-7.346750800778E0));
#5828=CARTESIAN_POINT('',(1.829393398282E1,1.011966991410E1,-7.356066017179E0));
#5830=CARTESIAN_POINT('',(1.829393398282E1,1.011966991411E1,-6.443933982821E0));
#5831=CARTESIAN_POINT('',(1.830324919922E1,1.007309383210E1,-6.434618766420E0));
#5832=CARTESIAN_POINT('',(1.831999933753E1,1.000653906659E1,-6.421307813319E0));
#5833=CARTESIAN_POINT('',(1.834912931666E1,9.940316772047E0,-6.408063354409E0));
#5834=CARTESIAN_POINT('',(1.837270384727E1,9.910731629315E0,-6.402146325863E0));
#5835=CARTESIAN_POINT('',(1.838789917893E1,9.9E0,-6.4E0));
#5836=CARTESIAN_POINT('',(1.84E1,9.9E0,-6.4E0));
#5838=DIRECTION('',(3.833909949232E-13,-1.E0,-1.315875872406E-14));
#5839=VECTOR('',#5838,5.467267354342E0);
#5840=CARTESIAN_POINT('',(1.84E1,9.899999999999E0,-6.4E0));
#5841=LINE('',#5840,#5839);
#5842=DIRECTION('',(0.E0,0.E0,-1.E0));
#5843=VECTOR('',#5842,1.5E-1);
#5844=CARTESIAN_POINT('',(1.825E1,4.432732645657E0,-6.4E0));
#5845=LINE('',#5844,#5843);
#5846=DIRECTION('',(0.E0,-1.E0,0.E0));
#5847=VECTOR('',#5846,1.032732645657E0);
#5848=CARTESIAN_POINT('',(1.825E1,4.432732645657E0,-6.55E0));
#5849=LINE('',#5848,#5847);
#5850=DIRECTION('',(0.E0,0.E0,-1.E0));
#5851=VECTOR('',#5850,1.5E-1);
#5852=CARTESIAN_POINT('',(1.825E1,3.4E0,-6.4E0));
#5853=LINE('',#5852,#5851);
#5854=CARTESIAN_POINT('',(1.84E1,3.4E0,-6.55E0));
#5855=DIRECTION('',(0.E0,1.E0,0.E0));
#5856=DIRECTION('',(-1.E0,0.E0,0.E0));
#5857=AXIS2_PLACEMENT_3D('',#5854,#5855,#5856);
#5859=DIRECTION('',(1.E0,0.E0,0.E0));
#5860=VECTOR('',#5859,1.5E-1);
#5861=CARTESIAN_POINT('',(1.825E1,3.4E0,-6.4E0));
#5862=LINE('',#5861,#5860);
#5863=DIRECTION('',(0.E0,1.E0,0.E0));
#5864=VECTOR('',#5863,1.032732645657E0);
#5865=CARTESIAN_POINT('',(1.84E1,3.4E0,-6.4E0));
#5866=LINE('',#5865,#5864);
#5867=DIRECTION('',(-1.E0,0.E0,0.E0));
#5868=VECTOR('',#5867,1.5E-1);
#5869=CARTESIAN_POINT('',(1.84E1,4.432732645657E0,-6.4E0));
#5870=LINE('',#5869,#5868);
#5871=DIRECTION('',(0.E0,-1.E0,0.E0));
#5872=VECTOR('',#5871,1.032732645657E0);
#5873=CARTESIAN_POINT('',(1.825E1,4.432732645657E0,-6.4E0));
#5874=LINE('',#5873,#5872);
#5875=DIRECTION('',(0.E0,0.E0,-1.E0));
#5876=VECTOR('',#5875,7.E-1);
#5877=CARTESIAN_POINT('',(1.825E1,4.432732645657E0,-6.55E0));
#5878=LINE('',#5877,#5876);
#5879=DIRECTION('',(-1.436091692849E-13,-1.E0,-3.098968906424E-12));
#5880=VECTOR('',#5879,5.467267354338E0);
#5881=CARTESIAN_POINT('',(1.825E1,9.899999999995E0,-6.549999999983E0));
#5882=LINE('',#5881,#5880);
#5883=DIRECTION('',(-1.950043259954E-12,9.994262055239E-1,-3.387122247630E-2));
#5884=VECTOR('',#5883,7.433205256095E-1);
#5885=CARTESIAN_POINT('',(2.625E1,3.4E0,-5.514999999998E0));
#5886=LINE('',#5885,#5884);
#5887=DIRECTION('',(-1.950043259954E-12,9.994262055239E-1,3.387122247630E-2));
#5888=VECTOR('',#5887,7.433205256095E-1);
#5889=CARTESIAN_POINT('',(2.625E1,3.4E0,-8.285000000002E0));
#5890=LINE('',#5889,#5888);
#5891=CARTESIAN_POINT('',(2.625E1,4.142894012398E0,-6.9E0));
#5892=DIRECTION('',(0.E0,-1.E0,0.E0));
#5893=DIRECTION('',(0.E0,0.E0,-1.E0));
#5894=AXIS2_PLACEMENT_3D('',#5891,#5892,#5893);
#5896=CARTESIAN_POINT('',(2.625E1,4.142894012398E0,-6.9E0));
#5897=DIRECTION('',(0.E0,-1.E0,0.E0));
#5898=DIRECTION('',(1.E0,0.E0,0.E0));
#5899=AXIS2_PLACEMENT_3D('',#5896,#5897,#5898);
#5901=CARTESIAN_POINT('',(2.625E1,4.132732645657E0,-5.840005036550E0));
#5902=DIRECTION('',(-1.E0,0.E0,0.E0));
#5903=DIRECTION('',(0.E0,3.387122247004E-2,9.994262055241E-1));
#5904=AXIS2_PLACEMENT_3D('',#5901,#5902,#5903);
#5906=CARTESIAN_POINT('',(2.625E1,4.142894012398E0,-6.9E0));
#5907=DIRECTION('',(0.E0,-1.E0,0.E0));
#5908=DIRECTION('',(0.E0,0.E0,1.E0));
#5909=AXIS2_PLACEMENT_3D('',#5906,#5907,#5908);
#5911=CARTESIAN_POINT('',(2.625E1,4.142894012398E0,-6.9E0));
#5912=DIRECTION('',(0.E0,-1.E0,0.E0));
#5913=DIRECTION('',(-1.E0,0.E0,0.E0));
#5914=AXIS2_PLACEMENT_3D('',#5911,#5912,#5913);
#5916=CARTESIAN_POINT('',(2.625E1,4.132732645657E0,-7.959994963450E0));
#5917=DIRECTION('',(1.E0,0.E0,0.E0));
#5918=DIRECTION('',(0.E0,3.387122247004E-2,-9.994262055241E-1));
#5919=AXIS2_PLACEMENT_3D('',#5916,#5917,#5918);
#5921=CARTESIAN_POINT('',(2.625E1,4.432732645651E0,-6.9E0));
#5922=DIRECTION('',(0.E0,-1.E0,0.E0));
#5923=DIRECTION('',(-1.E0,0.E0,0.E0));
#5924=AXIS2_PLACEMENT_3D('',#5921,#5922,#5923);
#5926=CARTESIAN_POINT('',(2.625E1,4.432732645651E0,-6.9E0));
#5927=DIRECTION('',(0.E0,-1.E0,0.E0));
#5928=DIRECTION('',(1.250161226106E-11,0.E0,-1.E0));
#5929=AXIS2_PLACEMENT_3D('',#5926,#5927,#5928);
#5931=CARTESIAN_POINT('',(2.625E1,4.432732645651E0,-6.9E0));
#5932=DIRECTION('',(0.E0,-1.E0,0.E0));
#5933=DIRECTION('',(1.E0,0.E0,0.E0));
#5934=AXIS2_PLACEMENT_3D('',#5931,#5932,#5933);
#5936=CARTESIAN_POINT('',(2.625E1,4.432732645651E0,-6.9E0));
#5937=DIRECTION('',(0.E0,-1.E0,0.E0));
#5938=DIRECTION('',(1.248820570639E-11,0.E0,1.E0));
#5939=AXIS2_PLACEMENT_3D('',#5936,#5937,#5938);
#5941=DIRECTION('',(-1.E0,0.E0,0.E0));
#5942=VECTOR('',#5941,7.E-1);
#5943=CARTESIAN_POINT('',(2.66E1,4.432732645657E0,-6.4E0));
#5944=LINE('',#5943,#5942);
#5945=DIRECTION('',(-1.E0,-1.015061051080E-14,-4.821539992629E-14));
#5946=VECTOR('',#5945,7.000000000042E-1);
#5947=CARTESIAN_POINT('',(2.66E1,9.899999999999E0,-6.4E0));
#5948=LINE('',#5947,#5946);
#5949=DIRECTION('',(-1.E0,0.E0,0.E0));
#5950=VECTOR('',#5949,6.000000000024E-1);
#5951=CARTESIAN_POINT('',(2.655E1,1.09E1,-6.6E0));
#5952=LINE('',#5951,#5950);
#5953=DIRECTION('',(-1.E0,0.E0,0.E0));
#5954=VECTOR('',#5953,6.000000000024E-1);
#5955=CARTESIAN_POINT('',(2.655E1,1.09E1,-7.2E0));
#5956=LINE('',#5955,#5954);
#5957=DIRECTION('',(1.E0,0.E0,0.E0));
#5958=VECTOR('',#5957,7.E-1);
#5959=CARTESIAN_POINT('',(2.59E1,4.432732645657E0,-7.4E0));
#5960=LINE('',#5959,#5958);
#5961=DIRECTION('',(-1.E0,0.E0,-4.567774729873E-14));
#5962=VECTOR('',#5961,7.000000000021E-1);
#5963=CARTESIAN_POINT('',(2.66E1,9.899999999999E0,-7.4E0));
#5964=LINE('',#5963,#5962);
#5965=CARTESIAN_POINT('',(2.670606601718E1,1.011966991411E1,-7.356066017178E0));
#5966=CARTESIAN_POINT('',(2.669675080078E1,1.007309383210E1,-7.365381233580E0));
#5967=CARTESIAN_POINT('',(2.668000066247E1,1.000653906660E1,-7.378692186681E0));
#5968=CARTESIAN_POINT('',(2.665087068334E1,9.940316772047E0,-7.391936645591E0));
#5969=CARTESIAN_POINT('',(2.662729615273E1,9.910731629316E0,-7.397853674137E0));
#5970=CARTESIAN_POINT('',(2.661210082107E1,9.9E0,-7.4E0));
#5971=CARTESIAN_POINT('',(2.66E1,9.9E0,-7.4E0));
#5973=DIRECTION('',(0.E0,-1.E0,1.348366634688E-14));
#5974=VECTOR('',#5973,5.467267354342E0);
#5975=CARTESIAN_POINT('',(2.66E1,9.899999999999E0,-7.4E0));
#5976=LINE('',#5975,#5974);
#5977=DIRECTION('',(0.E0,0.E0,1.E0));
#5978=VECTOR('',#5977,1.5E-1);
#5979=CARTESIAN_POINT('',(2.675E1,4.432732645657E0,-7.4E0));
#5980=LINE('',#5979,#5978);
#5981=DIRECTION('',(0.E0,-1.E0,0.E0));
#5982=VECTOR('',#5981,1.032732645657E0);
#5983=CARTESIAN_POINT('',(2.675E1,4.432732645657E0,-7.25E0));
#5984=LINE('',#5983,#5982);
#5985=DIRECTION('',(-4.736951571734E-14,0.E0,1.E0));
#5986=VECTOR('',#5985,1.5E-1);
#5987=CARTESIAN_POINT('',(2.675E1,3.4E0,-7.4E0));
#5988=LINE('',#5987,#5986);
#5989=CARTESIAN_POINT('',(2.66E1,3.4E0,-7.25E0));
#5990=DIRECTION('',(0.E0,1.E0,0.E0));
#5991=DIRECTION('',(1.E0,0.E0,0.E0));
#5992=AXIS2_PLACEMENT_3D('',#5989,#5990,#5991);
#5994=DIRECTION('',(-1.E0,0.E0,0.E0));
#5995=VECTOR('',#5994,1.5E-1);
#5996=CARTESIAN_POINT('',(2.675E1,3.4E0,-7.4E0));
#5997=LINE('',#5996,#5995);
#5998=DIRECTION('',(0.E0,1.E0,0.E0));
#5999=VECTOR('',#5998,1.032732645657E0);
#6000=CARTESIAN_POINT('',(2.66E1,3.4E0,-7.4E0));
#6001=LINE('',#6000,#5999);
#6002=DIRECTION('',(1.E0,0.E0,0.E0));
#6003=VECTOR('',#6002,1.5E-1);
#6004=CARTESIAN_POINT('',(2.66E1,4.432732645657E0,-7.4E0));
#6005=LINE('',#6004,#6003);
#6006=DIRECTION('',(0.E0,-1.E0,0.E0));
#6007=VECTOR('',#6006,1.032732645657E0);
#6008=CARTESIAN_POINT('',(2.675E1,4.432732645657E0,-7.4E0));
#6009=LINE('',#6008,#6007);
#6010=DIRECTION('',(0.E0,0.E0,1.E0));
#6011=VECTOR('',#6010,7.E-1);
#6012=CARTESIAN_POINT('',(2.675E1,4.432732645657E0,-7.25E0));
#6013=LINE('',#6012,#6011);
#6014=DIRECTION('',(1.942947584441E-13,-1.E0,5.627400027178E-13));
#6015=VECTOR('',#6014,5.467267354342E0);
#6016=CARTESIAN_POINT('',(2.675E1,9.899999999999E0,-7.250000000003E0));
#6017=LINE('',#6016,#6015);
#6018=DIRECTION('',(3.840408101688E-13,1.E0,1.900709593475E-14));
#6019=VECTOR('',#6018,5.467267354342E0);
#6020=CARTESIAN_POINT('',(2.66E1,4.432732645657E0,-6.4E0));
#6021=LINE('',#6020,#6019);
#6022=CARTESIAN_POINT('',(2.660000000001E1,9.9E0,-6.4E0));
#6023=CARTESIAN_POINT('',(2.661210082107E1,9.900000000003E0,-6.400000000001E0));
#6024=CARTESIAN_POINT('',(2.662729615274E1,9.910731629320E0,-6.402146325864E0));
#6025=CARTESIAN_POINT('',(2.665087068334E1,9.940316772055E0,-6.408063354411E0));
#6026=CARTESIAN_POINT('',(2.668000066247E1,1.000653906660E1,-6.421307813321E0));
#6027=CARTESIAN_POINT('',(2.669675080078E1,1.007309383211E1,-6.434618766422E0));
#6028=CARTESIAN_POINT('',(2.670606601718E1,1.011966991412E1,-6.443933982823E0));
#6030=DIRECTION('',(1.994932804092E-13,-1.E0,-5.633898179635E-13));
#6031=VECTOR('',#6030,5.467267354342E0);
#6032=CARTESIAN_POINT('',(2.675E1,9.899999999999E0,-6.549999999997E0));
#6033=LINE('',#6032,#6031);
#6034=DIRECTION('',(0.E0,1.E0,0.E0));
#6035=VECTOR('',#6034,1.032732645657E0);
#6036=CARTESIAN_POINT('',(2.675E1,3.4E0,-6.55E0));
#6037=LINE('',#6036,#6035);
#6038=DIRECTION('',(0.E0,0.E0,1.E0));
#6039=VECTOR('',#6038,1.5E-1);
#6040=CARTESIAN_POINT('',(2.675E1,4.432732645657E0,-6.55E0));
#6041=LINE('',#6040,#6039);
#6042=DIRECTION('',(0.E0,0.E0,1.E0));
#6043=VECTOR('',#6042,1.5E-1);
#6044=CARTESIAN_POINT('',(2.675E1,3.4E0,-6.55E0));
#6045=LINE('',#6044,#6043);
#6046=CARTESIAN_POINT('',(2.66E1,3.4E0,-6.55E0));
#6047=DIRECTION('',(0.E0,1.E0,0.E0));
#6048=DIRECTION('',(0.E0,0.E0,1.E0));
#6049=AXIS2_PLACEMENT_3D('',#6046,#6047,#6048);
#6051=DIRECTION('',(1.E0,0.E0,0.E0));
#6052=VECTOR('',#6051,1.5E-1);
#6053=CARTESIAN_POINT('',(2.66E1,3.4E0,-6.4E0));
#6054=LINE('',#6053,#6052);
#6055=DIRECTION('',(0.E0,1.E0,0.E0));
#6056=VECTOR('',#6055,1.032732645657E0);
#6057=CARTESIAN_POINT('',(2.675E1,3.4E0,-6.4E0));
#6058=LINE('',#6057,#6056);
#6059=DIRECTION('',(-1.E0,0.E0,0.E0));
#6060=VECTOR('',#6059,1.5E-1);
#6061=CARTESIAN_POINT('',(2.675E1,4.432732645657E0,-6.4E0));
#6062=LINE('',#6061,#6060);
#6063=DIRECTION('',(0.E0,-1.E0,0.E0));
#6064=VECTOR('',#6063,1.032732645657E0);
#6065=CARTESIAN_POINT('',(2.66E1,4.432732645657E0,-6.4E0));
#6066=LINE('',#6065,#6064);
#6067=DIRECTION('',(1.924500897275E-1,-9.622504486499E-1,-1.924500897295E-1));
#6068=VECTOR('',#6067,8.109428132623E-1);
#6069=CARTESIAN_POINT('',(2.655E1,1.09E1,-7.2E0));
#6070=LINE('',#6069,#6068);
#6071=CARTESIAN_POINT('',(2.670606601718E1,1.011966991410E1,-7.356066017179E0));
#6072=CARTESIAN_POINT('',(2.671538123358E1,1.007309383210E1,-7.346750800778E0));
#6073=CARTESIAN_POINT('',(2.672869218668E1,1.000653906659E1,-7.330000662475E0));
#6074=CARTESIAN_POINT('',(2.674193664559E1,9.940316772039E0,-7.300870683341E0));
#6075=CARTESIAN_POINT('',(2.674785367414E1,9.910731629303E0,-7.277296152740E0));
#6076=CARTESIAN_POINT('',(2.675E1,9.899999999984E0,-7.262100821074E0));
#6077=CARTESIAN_POINT('',(2.675E1,9.899999999982E0,-7.250000000006E0));
#6079=DIRECTION('',(-4.060244204308E-14,-1.015061051077E-14,1.E0));
#6080=VECTOR('',#6079,7.000000000062E-1);
#6081=CARTESIAN_POINT('',(2.675E1,9.899999999999E0,-7.250000000003E0));
#6082=LINE('',#6081,#6080);
#6083=CARTESIAN_POINT('',(2.675E1,9.899999999982E0,-6.549999999998E0));
#6084=CARTESIAN_POINT('',(2.675E1,9.899999999983E0,-6.537899178930E0));
#6085=CARTESIAN_POINT('',(2.674785367414E1,9.910731629300E0,-6.522703847264E0));
#6086=CARTESIAN_POINT('',(2.674193664559E1,9.940316772034E0,-6.499129316661E0));
#6087=CARTESIAN_POINT('',(2.672869218668E1,1.000653906659E1,-6.469999337526E0));
#6088=CARTESIAN_POINT('',(2.671538123358E1,1.007309383210E1,-6.453249199222E0));
#6089=CARTESIAN_POINT('',(2.670606601718E1,1.011966991410E1,-6.443933982821E0));
#6091=DIRECTION('',(-1.924500897283E-1,9.622504486498E-1,-1.924500897294E-1));
#6092=VECTOR('',#6091,8.109428132623E-1);
#6093=CARTESIAN_POINT('',(2.670606601718E1,1.011966991411E1,-6.443933982822E0));
#6094=LINE('',#6093,#6092);
#6095=DIRECTION('',(-1.184237892932E-14,0.E0,-1.E0));
#6096=VECTOR('',#6095,6.000000000006E-1);
#6097=CARTESIAN_POINT('',(2.655E1,1.09E1,-6.6E0));
#6098=LINE('',#6097,#6096);
#6099=DIRECTION('',(-3.814415491863E-13,1.E0,-1.916954974616E-14));
#6100=VECTOR('',#6099,5.467267354342E0);
#6101=CARTESIAN_POINT('',(2.59E1,4.432732645657E0,-7.4E0));
#6102=LINE('',#6101,#6100);
#6103=CARTESIAN_POINT('',(2.589999999999E1,9.9E0,-7.4E0));
#6104=CARTESIAN_POINT('',(2.588789917893E1,9.900000000003E0,-7.399999999999E0));
#6105=CARTESIAN_POINT('',(2.587270384726E1,9.910731629320E0,-7.397853674136E0));
#6106=CARTESIAN_POINT('',(2.584912931666E1,9.940316772055E0,-7.391936645589E0));
#6107=CARTESIAN_POINT('',(2.581999933753E1,1.000653906660E1,-7.378692186679E0));
#6108=CARTESIAN_POINT('',(2.580324919922E1,1.007309383211E1,-7.365381233578E0));
#6109=CARTESIAN_POINT('',(2.579393398282E1,1.011966991412E1,-7.356066017177E0));
#6111=DIRECTION('',(-1.644032571451E-13,-1.E0,3.094420199704E-12));
#6112=VECTOR('',#6111,5.467267354338E0);
#6113=CARTESIAN_POINT('',(2.575E1,9.899999999995E0,-7.250000000017E0));
#6114=LINE('',#6113,#6112);
#6115=DIRECTION('',(0.E0,1.E0,0.E0));
#6116=VECTOR('',#6115,1.032732645657E0);
#6117=CARTESIAN_POINT('',(2.575E1,3.4E0,-7.25E0));
#6118=LINE('',#6117,#6116);
#6119=DIRECTION('',(0.E0,0.E0,-1.E0));
#6120=VECTOR('',#6119,1.5E-1);
#6121=CARTESIAN_POINT('',(2.575E1,4.432732645657E0,-7.25E0));
#6122=LINE('',#6121,#6120);
#6123=DIRECTION('',(0.E0,0.E0,-1.E0));
#6124=VECTOR('',#6123,1.5E-1);
#6125=CARTESIAN_POINT('',(2.575E1,3.4E0,-7.25E0));
#6126=LINE('',#6125,#6124);
#6127=CARTESIAN_POINT('',(2.59E1,3.4E0,-7.25E0));
#6128=DIRECTION('',(0.E0,1.E0,0.E0));
#6129=DIRECTION('',(0.E0,0.E0,-1.E0));
#6130=AXIS2_PLACEMENT_3D('',#6127,#6128,#6129);
#6132=DIRECTION('',(-1.E0,0.E0,0.E0));
#6133=VECTOR('',#6132,1.5E-1);
#6134=CARTESIAN_POINT('',(2.59E1,3.4E0,-7.4E0));
#6135=LINE('',#6134,#6133);
#6136=DIRECTION('',(0.E0,1.E0,0.E0));
#6137=VECTOR('',#6136,1.032732645657E0);
#6138=CARTESIAN_POINT('',(2.575E1,3.4E0,-7.4E0));
#6139=LINE('',#6138,#6137);
#6140=DIRECTION('',(1.E0,0.E0,0.E0));
#6141=VECTOR('',#6140,1.5E-1);
#6142=CARTESIAN_POINT('',(2.575E1,4.432732645657E0,-7.4E0));
#6143=LINE('',#6142,#6141);
#6144=DIRECTION('',(0.E0,-1.E0,0.E0));
#6145=VECTOR('',#6144,1.032732645657E0);
#6146=CARTESIAN_POINT('',(2.59E1,4.432732645657E0,-7.4E0));
#6147=LINE('',#6146,#6145);
#6148=DIRECTION('',(1.924500897282E-1,9.622504486498E-1,1.924500897294E-1));
#6149=VECTOR('',#6148,8.109428132625E-1);
#6150=CARTESIAN_POINT('',(2.579393398282E1,1.011966991411E1,-7.356066017178E0));
#6151=LINE('',#6150,#6149);
#6152=DIRECTION('',(0.E0,0.E0,1.E0));
#6153=VECTOR('',#6152,6.000000000006E-1);
#6154=CARTESIAN_POINT('',(2.595E1,1.09E1,-7.2E0));
#6155=LINE('',#6154,#6153);
#6156=DIRECTION('',(-1.924500897270E-1,-9.622504486499E-1,1.924500897299E-1));
#6157=VECTOR('',#6156,8.109428132624E-1);
#6158=CARTESIAN_POINT('',(2.595E1,1.09E1,-6.6E0));
#6159=LINE('',#6158,#6157);
#6160=CARTESIAN_POINT('',(2.579393398282E1,1.011966991410E1,-6.443933982821E0));
#6161=CARTESIAN_POINT('',(2.578461876642E1,1.007309383211E1,-6.453249199220E0));
#6162=CARTESIAN_POINT('',(2.577130781333E1,1.000653906662E1,-6.469999337518E0));
#6163=CARTESIAN_POINT('',(2.575806335442E1,9.940316772068E0,-6.499129316644E0));
#6164=CARTESIAN_POINT('',(2.575214632587E1,9.910731629323E0,-6.522703847239E0));
#6165=CARTESIAN_POINT('',(2.575E1,9.899999999996E0,-6.537899178901E0));
#6166=CARTESIAN_POINT('',(2.575E1,9.899999999982E0,-6.549999999966E0));
#6168=DIRECTION('',(1.624097681659E-13,-3.552713678629E-14,-1.E0));
#6169=VECTOR('',#6168,7.000000000339E-1);
#6170=CARTESIAN_POINT('',(2.575E1,9.899999999995E0,-6.549999999983E0));
#6171=LINE('',#6170,#6169);
#6172=CARTESIAN_POINT('',(2.575E1,9.899999999982E0,-7.250000000011E0));
#6173=CARTESIAN_POINT('',(2.575E1,9.899999999986E0,-7.262100821078E0));
#6174=CARTESIAN_POINT('',(2.575214632586E1,9.910731629306E0,-7.277296152743E0));
#6175=CARTESIAN_POINT('',(2.575806335441E1,9.940316772044E0,-7.300870683344E0));
#6176=CARTESIAN_POINT('',(2.577130781332E1,1.000653906660E1,-7.330000662476E0));
#6177=CARTESIAN_POINT('',(2.578461876642E1,1.007309383210E1,-7.346750800778E0));
#6178=CARTESIAN_POINT('',(2.579393398282E1,1.011966991410E1,-7.356066017179E0));
#6180=CARTESIAN_POINT('',(2.579393398282E1,1.011966991411E1,-6.443933982821E0));
#6181=CARTESIAN_POINT('',(2.580324919922E1,1.007309383210E1,-6.434618766420E0));
#6182=CARTESIAN_POINT('',(2.581999933753E1,1.000653906659E1,-6.421307813319E0));
#6183=CARTESIAN_POINT('',(2.584912931666E1,9.940316772047E0,-6.408063354409E0));
#6184=CARTESIAN_POINT('',(2.587270384727E1,9.910731629315E0,-6.402146325863E0));
#6185=CARTESIAN_POINT('',(2.588789917893E1,9.9E0,-6.4E0));
#6186=CARTESIAN_POINT('',(2.59E1,9.9E0,-6.4E0));
#6188=DIRECTION('',(3.840408101688E-13,-1.E0,-1.315875872406E-14));
#6189=VECTOR('',#6188,5.467267354342E0);
#6190=CARTESIAN_POINT('',(2.59E1,9.899999999999E0,-6.4E0));
#6191=LINE('',#6190,#6189);
#6192=DIRECTION('',(0.E0,0.E0,-1.E0));
#6193=VECTOR('',#6192,1.5E-1);
#6194=CARTESIAN_POINT('',(2.575E1,4.432732645657E0,-6.4E0));
#6195=LINE('',#6194,#6193);
#6196=DIRECTION('',(0.E0,-1.E0,0.E0));
#6197=VECTOR('',#6196,1.032732645657E0);
#6198=CARTESIAN_POINT('',(2.575E1,4.432732645657E0,-6.55E0));
#6199=LINE('',#6198,#6197);
#6200=DIRECTION('',(0.E0,0.E0,-1.E0));
#6201=VECTOR('',#6200,1.5E-1);
#6202=CARTESIAN_POINT('',(2.575E1,3.4E0,-6.4E0));
#6203=LINE('',#6202,#6201);
#6204=CARTESIAN_POINT('',(2.59E1,3.4E0,-6.55E0));
#6205=DIRECTION('',(0.E0,1.E0,0.E0));
#6206=DIRECTION('',(-1.E0,0.E0,0.E0));
#6207=AXIS2_PLACEMENT_3D('',#6204,#6205,#6206);
#6209=DIRECTION('',(1.E0,0.E0,0.E0));
#6210=VECTOR('',#6209,1.5E-1);
#6211=CARTESIAN_POINT('',(2.575E1,3.4E0,-6.4E0));
#6212=LINE('',#6211,#6210);
#6213=DIRECTION('',(0.E0,1.E0,0.E0));
#6214=VECTOR('',#6213,1.032732645657E0);
#6215=CARTESIAN_POINT('',(2.59E1,3.4E0,-6.4E0));
#6216=LINE('',#6215,#6214);
#6217=DIRECTION('',(-1.E0,0.E0,0.E0));
#6218=VECTOR('',#6217,1.5E-1);
#6219=CARTESIAN_POINT('',(2.59E1,4.432732645657E0,-6.4E0));
#6220=LINE('',#6219,#6218);
#6221=DIRECTION('',(0.E0,-1.E0,0.E0));
#6222=VECTOR('',#6221,1.032732645657E0);
#6223=CARTESIAN_POINT('',(2.575E1,4.432732645657E0,-6.4E0));
#6224=LINE('',#6223,#6222);
#6225=DIRECTION('',(0.E0,0.E0,-1.E0));
#6226=VECTOR('',#6225,7.E-1);
#6227=CARTESIAN_POINT('',(2.575E1,4.432732645657E0,-6.55E0));
#6228=LINE('',#6227,#6226);
#6229=DIRECTION('',(-1.436091692849E-13,-1.E0,-3.098968906424E-12));
#6230=VECTOR('',#6229,5.467267354338E0);
#6231=CARTESIAN_POINT('',(2.575E1,9.899999999995E0,-6.549999999983E0));
#6232=LINE('',#6231,#6230);
#6233=DIRECTION('',(0.E0,-1.E0,0.E0));
#6234=VECTOR('',#6233,3.4E0);
#6235=CARTESIAN_POINT('',(2.775E1,3.4E0,-3.1E0));
#6236=LINE('',#6235,#6234);
#6237=DIRECTION('',(0.E0,0.E0,-1.E0));
#6238=VECTOR('',#6237,6.7E0);
#6239=CARTESIAN_POINT('',(2.775E1,3.833970178372E-14,-3.1E0));
#6240=LINE('',#6239,#6238);
#6241=DIRECTION('',(0.E0,1.E0,0.E0));
#6242=VECTOR('',#6241,4.E-1);
#6243=CARTESIAN_POINT('',(2.775E1,3.735900477864E-14,-9.8E0));
#6244=LINE('',#6243,#6242);
#6245=DIRECTION('',(0.E0,0.E0,1.E0));
#6246=VECTOR('',#6245,6.3E0);
#6247=CARTESIAN_POINT('',(2.775E1,4.E-1,-9.8E0));
#6248=LINE('',#6247,#6246);
#6249=DIRECTION('',(0.E0,1.E0,-2.979098449411E-14));
#6250=VECTOR('',#6249,2.4E0);
#6251=CARTESIAN_POINT('',(2.775E1,4.E-1,-3.5E0));
#6252=LINE('',#6251,#6250);
#6253=DIRECTION('',(0.E0,8.320502943376E-1,5.547001962255E-1));
#6254=VECTOR('',#6253,7.211102550925E-1);
#6255=CARTESIAN_POINT('',(2.775E1,2.8E0,-3.5E0));
#6256=LINE('',#6255,#6254);
#6257=DIRECTION('',(0.E0,1.E0,2.102893023114E-14));
#6258=VECTOR('',#6257,3.4E0);
#6259=CARTESIAN_POINT('',(2.475E1,3.315866100214E-14,-3.1E0));
#6260=LINE('',#6259,#6258);
#6261=DIRECTION('',(0.E0,-8.320502943376E-1,-5.547001962255E-1));
#6262=VECTOR('',#6261,7.211102550925E-1);
#6263=CARTESIAN_POINT('',(2.475E1,3.4E0,-3.1E0));
#6264=LINE('',#6263,#6262);
#6265=DIRECTION('',(0.E0,-1.E0,0.E0));
#6266=VECTOR('',#6265,2.4E0);
#6267=CARTESIAN_POINT('',(2.475E1,2.8E0,-3.5E0));
#6268=LINE('',#6267,#6266);
#6269=DIRECTION('',(0.E0,0.E0,-1.E0));
#6270=VECTOR('',#6269,6.3E0);
#6271=CARTESIAN_POINT('',(2.475E1,4.E-1,-3.5E0));
#6272=LINE('',#6271,#6270);
#6273=DIRECTION('',(0.E0,-1.E0,0.E0));
#6274=VECTOR('',#6273,4.E-1);
#6275=CARTESIAN_POINT('',(2.475E1,4.E-1,-9.8E0));
#6276=LINE('',#6275,#6274);
#6277=DIRECTION('',(0.E0,0.E0,1.E0));
#6278=VECTOR('',#6277,6.7E0);
#6279=CARTESIAN_POINT('',(2.475E1,3.168761549451E-14,-9.8E0));
#6280=LINE('',#6279,#6278);
#6281=DIRECTION('',(0.E0,1.E0,-2.960594732333E-14));
#6282=VECTOR('',#6281,2.4E0);
#6283=CARTESIAN_POINT('',(2.025E1,4.E-1,-3.5E0));
#6284=LINE('',#6283,#6282);
#6285=DIRECTION('',(0.E0,8.320502943376E-1,5.547001962255E-1));
#6286=VECTOR('',#6285,7.211102550925E-1);
#6287=CARTESIAN_POINT('',(2.025E1,2.8E0,-3.5E0));
#6288=LINE('',#6287,#6286);
#6289=DIRECTION('',(0.E0,-1.E0,0.E0));
#6290=VECTOR('',#6289,3.4E0);
#6291=CARTESIAN_POINT('',(2.025E1,3.4E0,-3.1E0));
#6292=LINE('',#6291,#6290);
#6293=DIRECTION('',(0.E0,0.E0,-1.E0));
#6294=VECTOR('',#6293,6.7E0);
#6295=CARTESIAN_POINT('',(2.025E1,3.560115165631E-14,-3.1E0));
#6296=LINE('',#6295,#6294);
#6297=DIRECTION('',(0.E0,1.E0,0.E0));
#6298=VECTOR('',#6297,4.E-1);
#6299=CARTESIAN_POINT('',(2.025E1,3.693341928587E-14,-9.8E0));
#6300=LINE('',#6299,#6298);
#6301=DIRECTION('',(0.E0,0.E0,1.E0));
#6302=VECTOR('',#6301,6.3E0);
#6303=CARTESIAN_POINT('',(2.025E1,4.E-1,-9.8E0));
#6304=LINE('',#6303,#6302);
#6305=CARTESIAN_POINT('',(1.91E1,1.75E0,-3.5E0));
#6306=DIRECTION('',(0.E0,0.E0,1.E0));
#6307=DIRECTION('',(0.E0,-1.E0,0.E0));
#6308=AXIS2_PLACEMENT_3D('',#6305,#6306,#6307);
#6310=CARTESIAN_POINT('',(1.91E1,2.45E0,-3.5E0));
#6311=DIRECTION('',(0.E0,0.E0,1.E0));
#6312=DIRECTION('',(1.E0,0.E0,0.E0));
#6313=AXIS2_PLACEMENT_3D('',#6310,#6311,#6312);
#6315=CARTESIAN_POINT('',(1.84E1,2.45E0,-3.5E0));
#6316=DIRECTION('',(0.E0,0.E0,1.E0));
#6317=DIRECTION('',(0.E0,1.E0,0.E0));
#6318=AXIS2_PLACEMENT_3D('',#6315,#6316,#6317);
#6320=CARTESIAN_POINT('',(1.84E1,1.75E0,-3.5E0));
#6321=DIRECTION('',(0.E0,0.E0,1.E0));
#6322=DIRECTION('',(-1.E0,0.E0,0.E0));
#6323=AXIS2_PLACEMENT_3D('',#6320,#6321,#6322);
#6325=DIRECTION('',(-1.E0,0.E0,0.E0));
#6326=VECTOR('',#6325,3.E0);
#6327=CARTESIAN_POINT('',(2.025E1,4.E-1,-3.5E0));
#6328=LINE('',#6327,#6326);
#6329=DIRECTION('',(-1.E0,0.E0,0.E0));
#6330=VECTOR('',#6329,7.E-1);
#6331=CARTESIAN_POINT('',(1.91E1,1.6E0,-3.5E0));
#6332=LINE('',#6331,#6330);
#6333=DIRECTION('',(-1.E0,4.187126835704E-14,3.933361572934E-14));
#6334=VECTOR('',#6333,7.000000000041E-1);
#6335=CARTESIAN_POINT('',(1.91E1,1.6E0,-1.000000000001E0));
#6336=LINE('',#6335,#6334);
#6337=DIRECTION('',(-1.E0,3.330669073863E-14,3.306614241663E-13));
#6338=VECTOR('',#6337,6.000000000023E-1);
#6339=CARTESIAN_POINT('',(1.905E1,1.8E0,2.595701431574E-13));
#6340=LINE('',#6339,#6338);
#6341=DIRECTION('',(-1.E0,-1.554312234469E-14,2.355523183904E-13));
#6342=VECTOR('',#6341,6.000000000023E-1);
#6343=CARTESIAN_POINT('',(1.905E1,2.4E0,2.720786559015E-13));
#6344=LINE('',#6343,#6342);
#6345=DIRECTION('',(1.E0,0.E0,0.E0));
#6346=VECTOR('',#6345,7.E-1);
#6347=CARTESIAN_POINT('',(1.84E1,2.6E0,-3.5E0));
#6348=LINE('',#6347,#6346);
#6349=DIRECTION('',(-1.E0,3.298948416009E-14,0.E0));
#6350=VECTOR('',#6349,7.000000000042E-1);
#6351=CARTESIAN_POINT('',(1.91E1,2.6E0,-1.000000000001E0));
#6352=LINE('',#6351,#6350);
#6353=CARTESIAN_POINT('',(1.920606601718E1,2.556066017178E0,
-7.803300858899E-1));
#6354=CARTESIAN_POINT('',(1.919675080078E1,2.565381233580E0,
-8.269061678973E-1));
#6355=CARTESIAN_POINT('',(1.918000066247E1,2.578692186681E0,
-8.934609334039E-1));
#6356=CARTESIAN_POINT('',(1.915087068334E1,2.591936645591E0,
-9.596832279527E-1));
#6357=CARTESIAN_POINT('',(1.912729615273E1,2.597853674137E0,
-9.892683706845E-1));
#6358=CARTESIAN_POINT('',(1.911210082107E1,2.6E0,-9.999999999999E-1));
#6359=CARTESIAN_POINT('',(1.91E1,2.6E0,-9.999999999999E-1));
#6361=DIRECTION('',(-8.313350008398E-13,-4.103384299017E-14,-1.E0));
#6362=VECTOR('',#6361,2.499999999999E0);
#6363=CARTESIAN_POINT('',(1.91E1,2.6E0,-1.000000000001E0));
#6364=LINE('',#6363,#6362);
#6365=DIRECTION('',(4.135358722126E-13,-9.654499422146E-13,-1.E0));
#6366=VECTOR('',#6365,2.499999999998E0);
#6367=CARTESIAN_POINT('',(1.925E1,2.450000000003E0,-1.000000000002E0));
#6368=LINE('',#6367,#6366);
#6369=DIRECTION('',(0.E0,-1.E0,0.E0));
#6370=VECTOR('',#6369,7.000000000010E-1);
#6371=CARTESIAN_POINT('',(1.925E1,2.450000000001E0,-3.5E0));
#6372=LINE('',#6371,#6370);
#6373=DIRECTION('',(8.284928298968E-13,-5.240252676234E-14,1.E0));
#6374=VECTOR('',#6373,2.499999999999E0);
#6375=CARTESIAN_POINT('',(1.91E1,1.6E0,-3.5E0));
#6376=LINE('',#6375,#6374);
#6377=CARTESIAN_POINT('',(1.910000000001E1,1.6E0,-9.999999999999E-1));
#6378=CARTESIAN_POINT('',(1.911210082107E1,1.600000000001E0,
-9.999999999974E-1));
#6379=CARTESIAN_POINT('',(1.912729615274E1,1.602146325864E0,
-9.892683706796E-1));
#6380=CARTESIAN_POINT('',(1.915087068334E1,1.608063354411E0,
-9.596832279452E-1));
#6381=CARTESIAN_POINT('',(1.918000066247E1,1.621307813321E0,
-8.934609333954E-1));
#6382=CARTESIAN_POINT('',(1.919675080078E1,1.634618766422E0,
-8.269061678905E-1));
#6383=CARTESIAN_POINT('',(1.920606601718E1,1.643933982823E0,
-7.803300858848E-1));
#6385=DIRECTION('',(4.376943252285E-13,2.671640686460E-13,-1.E0));
#6386=VECTOR('',#6385,2.499999999998E0);
#6387=CARTESIAN_POINT('',(1.925E1,1.749999999999E0,-1.000000000002E0));
#6388=LINE('',#6387,#6386);
#6389=DIRECTION('',(-1.924500897283E-1,1.924500897295E-1,9.622504486498E-1));
#6390=VECTOR('',#6389,8.109428132626E-1);
#6391=CARTESIAN_POINT('',(1.920606601718E1,1.643933982822E0,
-7.803300858910E-1));
#6392=LINE('',#6391,#6390);
#6393=DIRECTION('',(0.E0,1.E0,2.084752124017E-14));
#6394=VECTOR('',#6393,6.000000000005E-1);
#6395=CARTESIAN_POINT('',(1.905E1,1.8E0,2.595701431574E-13));
#6396=LINE('',#6395,#6394);
#6397=DIRECTION('',(1.924500897275E-1,1.924500897295E-1,-9.622504486499E-1));
#6398=VECTOR('',#6397,8.109428132625E-1);
#6399=CARTESIAN_POINT('',(1.905E1,2.4E0,2.720786559015E-13));
#6400=LINE('',#6399,#6398);
#6401=CARTESIAN_POINT('',(1.920606601718E1,2.556066017179E0,
-7.803300858957E-1));
#6402=CARTESIAN_POINT('',(1.921538123358E1,2.546750800778E0,
-8.269061679026E-1));
#6403=CARTESIAN_POINT('',(1.922869218668E1,2.530000662475E0,
-8.934609334094E-1));
#6404=CARTESIAN_POINT('',(1.924193664559E1,2.500870683341E0,
-9.596832279615E-1));
#6405=CARTESIAN_POINT('',(1.924785367414E1,2.477296152740E0,
-9.892683706972E-1));
#6406=CARTESIAN_POINT('',(1.925E1,2.462100821074E0,-1.000000000016E0));
#6407=CARTESIAN_POINT('',(1.925E1,2.450000000006E0,-1.000000000018E0));
#6409=DIRECTION('',(-8.628018934180E-14,-1.E0,-1.681194865851E-14));
#6410=VECTOR('',#6409,7.000000000041E-1);
#6411=CARTESIAN_POINT('',(1.925E1,2.450000000003E0,-1.000000000002E0));
#6412=LINE('',#6411,#6410);
#6413=CARTESIAN_POINT('',(1.925E1,1.749999999998E0,-1.000000000018E0));
#6414=CARTESIAN_POINT('',(1.925E1,1.737899178930E0,-1.000000000017E0));
#6415=CARTESIAN_POINT('',(1.924785367414E1,1.722703847264E0,
-9.892683707002E-1));
#6416=CARTESIAN_POINT('',(1.924193664559E1,1.699129316661E0,
-9.596832279659E-1));
#6417=CARTESIAN_POINT('',(1.922869218668E1,1.669999337526E0,
-8.934609334134E-1));
#6418=CARTESIAN_POINT('',(1.921538123358E1,1.653249199222E0,
-8.269061679045E-1));
#6419=CARTESIAN_POINT('',(1.920606601718E1,1.643933982821E0,
-7.803300858958E-1));
#6421=DIRECTION('',(-8.299139153683E-13,5.009326287112E-14,1.E0));
#6422=VECTOR('',#6421,2.499999999999E0);
#6423=CARTESIAN_POINT('',(1.84E1,2.6E0,-3.5E0));
#6424=LINE('',#6423,#6422);
#6425=CARTESIAN_POINT('',(1.839999999999E1,2.6E0,-9.999999999999E-1));
#6426=CARTESIAN_POINT('',(1.838789917893E1,2.599999999999E0,
-9.999999999974E-1));
#6427=CARTESIAN_POINT('',(1.837270384726E1,2.597853674136E0,
-9.892683706797E-1));
#6428=CARTESIAN_POINT('',(1.834912931666E1,2.591936645589E0,
-9.596832279455E-1));
#6429=CARTESIAN_POINT('',(1.831999933753E1,2.578692186679E0,
-8.934609333961E-1));
#6430=CARTESIAN_POINT('',(1.830324919922E1,2.565381233578E0,
-8.269061678915E-1));
#6431=CARTESIAN_POINT('',(1.829393398282E1,2.556066017177E0,
-7.803300858861E-1));
#6433=DIRECTION('',(-3.595346242956E-13,-5.301536987204E-12,-1.E0));
#6434=VECTOR('',#6433,2.499999999993E0);
#6435=CARTESIAN_POINT('',(1.825E1,2.450000000017E0,-1.000000000007E0));
#6436=LINE('',#6435,#6434);
#6437=DIRECTION('',(0.E0,1.E0,-3.494347668242E-12));
#6438=VECTOR('',#6437,7.000000000243E-1);
#6439=CARTESIAN_POINT('',(1.825E1,1.749999999993E0,-1.000000000004E0));
#6440=LINE('',#6439,#6438);
#6441=CARTESIAN_POINT('',(1.825E1,2.450000000011E0,-1.000000000018E0));
#6442=CARTESIAN_POINT('',(1.825E1,2.462100821078E0,-1.000000000014E0));
#6443=CARTESIAN_POINT('',(1.825214632586E1,2.477296152743E0,
-9.892683706937E-1));
#6444=CARTESIAN_POINT('',(1.825806335441E1,2.500870683344E0,
-9.596832279566E-1));
#6445=CARTESIAN_POINT('',(1.827130781332E1,2.530000662476E0,
-8.934609334049E-1));
#6446=CARTESIAN_POINT('',(1.828461876642E1,2.546750800778E0,
-8.269061679005E-1));
#6447=CARTESIAN_POINT('',(1.829393398282E1,2.556066017179E0,
-7.803300858956E-1));
#6449=DIRECTION('',(1.924500897280E-1,-1.924500897295E-1,9.622504486498E-1));
#6450=VECTOR('',#6449,8.109428132646E-1);
#6451=CARTESIAN_POINT('',(1.829393398282E1,2.556066017178E0,
-7.803300858928E-1));
#6452=LINE('',#6451,#6450);
#6453=DIRECTION('',(0.E0,-1.E0,7.426158453598E-14));
#6454=VECTOR('',#6453,6.000000000004E-1);
#6455=CARTESIAN_POINT('',(1.845E1,2.4E0,4.134100469363E-13));
#6456=LINE('',#6455,#6454);
#6457=DIRECTION('',(-1.924500897279E-1,-1.924500897293E-1,-9.622504486499E-1));
#6458=VECTOR('',#6457,8.109428132625E-1);
#6459=CARTESIAN_POINT('',(1.845E1,1.8E0,4.579669976579E-13));
#6460=LINE('',#6459,#6458);
#6461=CARTESIAN_POINT('',(1.829393398282E1,1.643933982821E0,
-7.803300858966E-1));
#6462=CARTESIAN_POINT('',(1.828461876642E1,1.653249199222E0,
-8.269061679013E-1));
#6463=CARTESIAN_POINT('',(1.827130781332E1,1.669999337524E0,
-8.934609334054E-1));
#6464=CARTESIAN_POINT('',(1.825806335441E1,1.699129316657E0,
-9.596832279568E-1));
#6465=CARTESIAN_POINT('',(1.825214632586E1,1.722703847257E0,
-9.892683706937E-1));
#6466=CARTESIAN_POINT('',(1.825E1,1.737899178922E0,-1.000000000014E0));
#6467=CARTESIAN_POINT('',(1.825E1,1.749999999989E0,-1.000000000018E0));
#6469=DIRECTION('',(-3.595346242952E-13,2.200106763443E-12,-1.E0));
#6470=VECTOR('',#6469,2.499999999996E0);
#6471=CARTESIAN_POINT('',(1.825E1,1.749999999993E0,-1.000000000004E0));
#6472=LINE('',#6471,#6470);
#6473=DIRECTION('',(0.E0,1.E0,0.E0));
#6474=VECTOR('',#6473,7.000000000055E-1);
#6475=CARTESIAN_POINT('',(1.825E1,1.749999999998E0,-3.5E0));
#6476=LINE('',#6475,#6474);
#6477=CARTESIAN_POINT('',(1.829393398282E1,1.643933982823E0,
-7.803300858845E-1));
#6478=CARTESIAN_POINT('',(1.830324919922E1,1.634618766421E0,
-8.269061678929E-1));
#6479=CARTESIAN_POINT('',(1.831999933753E1,1.621307813320E0,
-8.934609334011E-1));
#6480=CARTESIAN_POINT('',(1.834912931666E1,1.608063354410E0,
-9.596832279515E-1));
#6481=CARTESIAN_POINT('',(1.837270384727E1,1.602146325863E0,
-9.892683706841E-1));
#6482=CARTESIAN_POINT('',(1.838789917893E1,1.6E0,-9.999999999999E-1));
#6483=CARTESIAN_POINT('',(1.84E1,1.6E0,-9.999999999999E-1));
#6485=DIRECTION('',(8.313350008398E-13,4.085620730623E-14,-1.E0));
#6486=VECTOR('',#6485,2.499999999999E0);
#6487=CARTESIAN_POINT('',(1.84E1,1.6E0,-1.000000000001E0));
#6488=LINE('',#6487,#6486);
#6489=DIRECTION('',(1.E0,1.687538997430E-14,-2.575717417130E-14));
#6490=VECTOR('',#6489,3.E0);
#6491=CARTESIAN_POINT('',(1.725E1,3.4E0,-3.1E0));
#6492=LINE('',#6491,#6490);
#6493=DIRECTION('',(-1.E0,-1.717144944754E-14,2.575717417130E-14));
#6494=VECTOR('',#6493,3.E0);
#6495=CARTESIAN_POINT('',(2.025E1,2.8E0,-3.5E0));
#6496=LINE('',#6495,#6494);
#6497=DIRECTION('',(0.E0,1.E0,2.102893023114E-14));
#6498=VECTOR('',#6497,3.4E0);
#6499=CARTESIAN_POINT('',(1.725E1,3.315866100214E-14,-3.1E0));
#6500=LINE('',#6499,#6498);
#6501=DIRECTION('',(0.E0,-8.320502943376E-1,-5.547001962255E-1));
#6502=VECTOR('',#6501,7.211102550925E-1);
#6503=CARTESIAN_POINT('',(1.725E1,3.4E0,-3.1E0));
#6504=LINE('',#6503,#6502);
#6505=DIRECTION('',(0.E0,-1.E0,0.E0));
#6506=VECTOR('',#6505,2.4E0);
#6507=CARTESIAN_POINT('',(1.725E1,2.8E0,-3.5E0));
#6508=LINE('',#6507,#6506);
#6509=DIRECTION('',(0.E0,0.E0,-1.E0));
#6510=VECTOR('',#6509,6.3E0);
#6511=CARTESIAN_POINT('',(1.725E1,4.E-1,-3.5E0));
#6512=LINE('',#6511,#6510);
#6513=DIRECTION('',(0.E0,-1.E0,0.E0));
#6514=VECTOR('',#6513,4.E-1);
#6515=CARTESIAN_POINT('',(1.725E1,4.E-1,-9.8E0));
#6516=LINE('',#6515,#6514);
#6517=DIRECTION('',(0.E0,0.E0,1.E0));
#6518=VECTOR('',#6517,6.7E0);
#6519=CARTESIAN_POINT('',(1.725E1,3.168761549451E-14,-9.8E0));
#6520=LINE('',#6519,#6518);
#6521=DIRECTION('',(-1.E0,0.E0,0.E0));
#6522=VECTOR('',#6521,3.E0);
#6523=CARTESIAN_POINT('',(2.025E1,4.E-1,-9.8E0));
#6524=LINE('',#6523,#6522);
#6525=DIRECTION('',(-1.E0,0.E0,0.E0));
#6526=VECTOR('',#6525,3.E0);
#6527=CARTESIAN_POINT('',(2.025E1,3.693341928587E-14,-9.8E0));
#6528=LINE('',#6527,#6526);
#6529=DIRECTION('',(0.E0,1.E0,-2.979098449411E-14));
#6530=VECTOR('',#6529,2.4E0);
#6531=CARTESIAN_POINT('',(1.275E1,4.E-1,-3.5E0));
#6532=LINE('',#6531,#6530);
#6533=DIRECTION('',(0.E0,8.320502943376E-1,5.547001962255E-1));
#6534=VECTOR('',#6533,7.211102550925E-1);
#6535=CARTESIAN_POINT('',(1.275E1,2.8E0,-3.5E0));
#6536=LINE('',#6535,#6534);
#6537=DIRECTION('',(0.E0,-1.E0,0.E0));
#6538=VECTOR('',#6537,3.4E0);
#6539=CARTESIAN_POINT('',(1.275E1,3.4E0,-3.1E0));
#6540=LINE('',#6539,#6538);
#6541=DIRECTION('',(0.E0,0.E0,-1.E0));
#6542=VECTOR('',#6541,6.7E0);
#6543=CARTESIAN_POINT('',(1.275E1,3.560115165631E-14,-3.1E0));
#6544=LINE('',#6543,#6542);
#6545=DIRECTION('',(0.E0,1.E0,0.E0));
#6546=VECTOR('',#6545,4.E-1);
#6547=CARTESIAN_POINT('',(1.275E1,3.693341928587E-14,-9.8E0));
#6548=LINE('',#6547,#6546);
#6549=DIRECTION('',(0.E0,0.E0,1.E0));
#6550=VECTOR('',#6549,6.3E0);
#6551=CARTESIAN_POINT('',(1.275E1,4.E-1,-9.8E0));
#6552=LINE('',#6551,#6550);
#6553=CARTESIAN_POINT('',(1.16E1,1.75E0,-3.5E0));
#6554=DIRECTION('',(0.E0,0.E0,1.E0));
#6555=DIRECTION('',(-1.184237892933E-14,-1.E0,0.E0));
#6556=AXIS2_PLACEMENT_3D('',#6553,#6554,#6555);
#6558=CARTESIAN_POINT('',(1.16E1,2.45E0,-3.5E0));
#6559=DIRECTION('',(0.E0,0.E0,1.E0));
#6560=DIRECTION('',(1.E0,0.E0,0.E0));
#6561=AXIS2_PLACEMENT_3D('',#6558,#6559,#6560);
#6563=CARTESIAN_POINT('',(1.09E1,2.45E0,-3.5E0));
#6564=DIRECTION('',(0.E0,0.E0,1.E0));
#6565=DIRECTION('',(0.E0,1.E0,0.E0));
#6566=AXIS2_PLACEMENT_3D('',#6563,#6564,#6565);
#6568=CARTESIAN_POINT('',(1.09E1,1.75E0,-3.5E0));
#6569=DIRECTION('',(0.E0,0.E0,1.E0));
#6570=DIRECTION('',(-1.E0,0.E0,0.E0));
#6571=AXIS2_PLACEMENT_3D('',#6568,#6569,#6570);
#6573=DIRECTION('',(-1.E0,0.E0,0.E0));
#6574=VECTOR('',#6573,3.E0);
#6575=CARTESIAN_POINT('',(1.275E1,4.E-1,-3.5E0));
#6576=LINE('',#6575,#6574);
#6577=DIRECTION('',(-1.E0,0.E0,0.E0));
#6578=VECTOR('',#6577,7.E-1);
#6579=CARTESIAN_POINT('',(1.16E1,1.6E0,-3.5E0));
#6580=LINE('',#6579,#6578);
#6581=DIRECTION('',(-1.E0,4.187126835704E-14,3.965082230781E-14));
#6582=VECTOR('',#6581,7.000000000041E-1);
#6583=CARTESIAN_POINT('',(1.16E1,1.6E0,-1.000000000001E0));
#6584=LINE('',#6583,#6582);
#6585=DIRECTION('',(-1.E0,3.404683942171E-14,3.307847822801E-13));
#6586=VECTOR('',#6585,6.000000000023E-1);
#6587=CARTESIAN_POINT('',(1.155E1,1.8E0,2.595331357232E-13));
#6588=LINE('',#6587,#6586);
#6589=DIRECTION('',(-1.E0,-1.554312234469E-14,2.354906393335E-13));
#6590=VECTOR('',#6589,6.000000000023E-1);
#6591=CARTESIAN_POINT('',(1.155E1,2.4E0,2.722266856381E-13));
#6592=LINE('',#6591,#6590);
#6593=DIRECTION('',(1.E0,0.E0,0.E0));
#6594=VECTOR('',#6593,7.E-1);
#6595=CARTESIAN_POINT('',(1.09E1,2.6E0,-3.5E0));
#6596=LINE('',#6595,#6594);
#6597=DIRECTION('',(-1.E0,3.235507100317E-14,0.E0));
#6598=VECTOR('',#6597,7.000000000042E-1);
#6599=CARTESIAN_POINT('',(1.16E1,2.6E0,-1.000000000001E0));
#6600=LINE('',#6599,#6598);
#6601=CARTESIAN_POINT('',(1.170606601718E1,2.556066017178E0,
-7.803300858899E-1));
#6602=CARTESIAN_POINT('',(1.169675080078E1,2.565381233580E0,
-8.269061678973E-1));
#6603=CARTESIAN_POINT('',(1.168000066247E1,2.578692186681E0,
-8.934609334039E-1));
#6604=CARTESIAN_POINT('',(1.165087068334E1,2.591936645591E0,
-9.596832279527E-1));
#6605=CARTESIAN_POINT('',(1.162729615273E1,2.597853674137E0,
-9.892683706845E-1));
#6606=CARTESIAN_POINT('',(1.161210082107E1,2.6E0,-9.999999999999E-1));
#6607=CARTESIAN_POINT('',(1.16E1,2.6E0,-9.999999999999E-1));
#6609=DIRECTION('',(-8.299139153683E-13,-4.103384299017E-14,-1.E0));
#6610=VECTOR('',#6609,2.499999999999E0);
#6611=CARTESIAN_POINT('',(1.16E1,2.6E0,-1.000000000001E0));
#6612=LINE('',#6611,#6610);
#6613=DIRECTION('',(4.135358722126E-13,-9.654499422146E-13,-1.E0));
#6614=VECTOR('',#6613,2.499999999998E0);
#6615=CARTESIAN_POINT('',(1.175E1,2.450000000003E0,-1.000000000002E0));
#6616=LINE('',#6615,#6614);
#6617=DIRECTION('',(0.E0,-1.E0,0.E0));
#6618=VECTOR('',#6617,7.000000000010E-1);
#6619=CARTESIAN_POINT('',(1.175E1,2.450000000001E0,-3.5E0));
#6620=LINE('',#6619,#6618);
#6621=DIRECTION('',(8.292033726325E-13,-5.249134460431E-14,1.E0));
#6622=VECTOR('',#6621,2.499999999999E0);
#6623=CARTESIAN_POINT('',(1.16E1,1.6E0,-3.5E0));
#6624=LINE('',#6623,#6622);
#6625=CARTESIAN_POINT('',(1.160000000001E1,1.6E0,-9.999999999999E-1));
#6626=CARTESIAN_POINT('',(1.161210082107E1,1.600000000001E0,
-9.999999999974E-1));
#6627=CARTESIAN_POINT('',(1.162729615274E1,1.602146325864E0,
-9.892683706797E-1));
#6628=CARTESIAN_POINT('',(1.165087068334E1,1.608063354411E0,
-9.596832279452E-1));
#6629=CARTESIAN_POINT('',(1.168000066247E1,1.621307813321E0,
-8.934609333954E-1));
#6630=CARTESIAN_POINT('',(1.169675080078E1,1.634618766422E0,
-8.269061678905E-1));
#6631=CARTESIAN_POINT('',(1.170606601718E1,1.643933982823E0,
-7.803300858848E-1));
#6633=DIRECTION('',(4.376943252285E-13,2.666311615941E-13,-1.E0));
#6634=VECTOR('',#6633,2.499999999998E0);
#6635=CARTESIAN_POINT('',(1.175E1,1.749999999999E0,-1.000000000002E0));
#6636=LINE('',#6635,#6634);
#6637=DIRECTION('',(-1.924500897283E-1,1.924500897295E-1,9.622504486498E-1));
#6638=VECTOR('',#6637,8.109428132626E-1);
#6639=CARTESIAN_POINT('',(1.170606601718E1,1.643933982822E0,
-7.803300858910E-1));
#6640=LINE('',#6639,#6638);
#6641=DIRECTION('',(0.E0,1.E0,2.115591652479E-14));
#6642=VECTOR('',#6641,6.000000000005E-1);
#6643=CARTESIAN_POINT('',(1.155E1,1.8E0,2.595331357232E-13));
#6644=LINE('',#6643,#6642);
#6645=DIRECTION('',(1.924500897275E-1,1.924500897295E-1,-9.622504486499E-1));
#6646=VECTOR('',#6645,8.109428132625E-1);
#6647=CARTESIAN_POINT('',(1.155E1,2.4E0,2.722266856381E-13));
#6648=LINE('',#6647,#6646);
#6649=CARTESIAN_POINT('',(1.170606601718E1,2.556066017179E0,
-7.803300858957E-1));
#6650=CARTESIAN_POINT('',(1.171538123358E1,2.546750800778E0,
-8.269061679026E-1));
#6651=CARTESIAN_POINT('',(1.172869218668E1,2.530000662475E0,
-8.934609334094E-1));
#6652=CARTESIAN_POINT('',(1.174193664559E1,2.500870683341E0,
-9.596832279615E-1));
#6653=CARTESIAN_POINT('',(1.174785367414E1,2.477296152740E0,
-9.892683706971E-1));
#6654=CARTESIAN_POINT('',(1.175E1,2.462100821074E0,-1.000000000016E0));
#6655=CARTESIAN_POINT('',(1.175E1,2.450000000006E0,-1.000000000018E0));
#6657=DIRECTION('',(-8.628018934180E-14,-1.E0,-1.776356839390E-14));
#6658=VECTOR('',#6657,7.000000000041E-1);
#6659=CARTESIAN_POINT('',(1.175E1,2.450000000003E0,-1.000000000002E0));
#6660=LINE('',#6659,#6658);
#6661=CARTESIAN_POINT('',(1.175E1,1.749999999998E0,-1.000000000018E0));
#6662=CARTESIAN_POINT('',(1.175E1,1.737899178930E0,-1.000000000017E0));
#6663=CARTESIAN_POINT('',(1.174785367414E1,1.722703847264E0,
-9.892683707002E-1));
#6664=CARTESIAN_POINT('',(1.174193664559E1,1.699129316661E0,
-9.596832279659E-1));
#6665=CARTESIAN_POINT('',(1.172869218668E1,1.669999337526E0,
-8.934609334134E-1));
#6666=CARTESIAN_POINT('',(1.171538123358E1,1.653249199222E0,
-8.269061679045E-1));
#6667=CARTESIAN_POINT('',(1.170606601718E1,1.643933982821E0,
-7.803300858957E-1));
#6669=DIRECTION('',(-8.299139153683E-13,4.991562718718E-14,1.E0));
#6670=VECTOR('',#6669,2.499999999999E0);
#6671=CARTESIAN_POINT('',(1.09E1,2.6E0,-3.5E0));
#6672=LINE('',#6671,#6670);
#6673=CARTESIAN_POINT('',(1.089999999999E1,2.6E0,-9.999999999999E-1));
#6674=CARTESIAN_POINT('',(1.088789917893E1,2.599999999999E0,
-9.999999999974E-1));
#6675=CARTESIAN_POINT('',(1.087270384726E1,2.597853674136E0,
-9.892683706797E-1));
#6676=CARTESIAN_POINT('',(1.084912931666E1,2.591936645589E0,
-9.596832279455E-1));
#6677=CARTESIAN_POINT('',(1.081999933753E1,2.578692186679E0,
-8.934609333961E-1));
#6678=CARTESIAN_POINT('',(1.080324919922E1,2.565381233578E0,
-8.269061678915E-1));
#6679=CARTESIAN_POINT('',(1.079393398282E1,2.556066017177E0,
-7.803300858861E-1));
#6681=DIRECTION('',(-3.595346242956E-13,-5.301536987204E-12,-1.E0));
#6682=VECTOR('',#6681,2.499999999993E0);
#6683=CARTESIAN_POINT('',(1.075E1,2.450000000017E0,-1.000000000007E0));
#6684=LINE('',#6683,#6682);
#6685=DIRECTION('',(0.E0,1.E0,-3.494347668242E-12));
#6686=VECTOR('',#6685,7.000000000243E-1);
#6687=CARTESIAN_POINT('',(1.075E1,1.749999999993E0,-1.000000000004E0));
#6688=LINE('',#6687,#6686);
#6689=CARTESIAN_POINT('',(1.075E1,2.450000000011E0,-1.000000000018E0));
#6690=CARTESIAN_POINT('',(1.075E1,2.462100821078E0,-1.000000000014E0));
#6691=CARTESIAN_POINT('',(1.075214632586E1,2.477296152743E0,
-9.892683706937E-1));
#6692=CARTESIAN_POINT('',(1.075806335441E1,2.500870683344E0,
-9.596832279566E-1));
#6693=CARTESIAN_POINT('',(1.077130781332E1,2.530000662476E0,
-8.934609334049E-1));
#6694=CARTESIAN_POINT('',(1.078461876642E1,2.546750800778E0,
-8.269061679004E-1));
#6695=CARTESIAN_POINT('',(1.079393398282E1,2.556066017179E0,
-7.803300858956E-1));
#6697=DIRECTION('',(1.924500897280E-1,-1.924500897295E-1,9.622504486498E-1));
#6698=VECTOR('',#6697,8.109428132646E-1);
#6699=CARTESIAN_POINT('',(1.079393398282E1,2.556066017178E0,
-7.803300858928E-1));
#6700=LINE('',#6699,#6698);
#6701=DIRECTION('',(0.E0,-1.E0,7.413822642214E-14));
#6702=VECTOR('',#6701,6.000000000004E-1);
#6703=CARTESIAN_POINT('',(1.095E1,2.4E0,4.135210692387E-13));
#6704=LINE('',#6703,#6702);
#6705=DIRECTION('',(-1.924500897279E-1,-1.924500897293E-1,-9.622504486499E-1));
#6706=VECTOR('',#6705,8.109428132625E-1);
#6707=CARTESIAN_POINT('',(1.095E1,1.8E0,4.580040050920E-13));
#6708=LINE('',#6707,#6706);
#6709=CARTESIAN_POINT('',(1.079393398282E1,1.643933982821E0,
-7.803300858966E-1));
#6710=CARTESIAN_POINT('',(1.078461876642E1,1.653249199222E0,
-8.269061679012E-1));
#6711=CARTESIAN_POINT('',(1.077130781332E1,1.669999337524E0,
-8.934609334054E-1));
#6712=CARTESIAN_POINT('',(1.075806335441E1,1.699129316657E0,
-9.596832279568E-1));
#6713=CARTESIAN_POINT('',(1.075214632586E1,1.722703847257E0,
-9.892683706937E-1));
#6714=CARTESIAN_POINT('',(1.075E1,1.737899178922E0,-1.000000000014E0));
#6715=CARTESIAN_POINT('',(1.075E1,1.749999999989E0,-1.000000000018E0));
#6717=DIRECTION('',(-3.595346242952E-13,2.200106763443E-12,-1.E0));
#6718=VECTOR('',#6717,2.499999999996E0);
#6719=CARTESIAN_POINT('',(1.075E1,1.749999999993E0,-1.000000000004E0));
#6720=LINE('',#6719,#6718);
#6721=DIRECTION('',(0.E0,1.E0,0.E0));
#6722=VECTOR('',#6721,7.000000000055E-1);
#6723=CARTESIAN_POINT('',(1.075E1,1.749999999998E0,-3.5E0));
#6724=LINE('',#6723,#6722);
#6725=CARTESIAN_POINT('',(1.079393398282E1,1.643933982823E0,
-7.803300858845E-1));
#6726=CARTESIAN_POINT('',(1.080324919922E1,1.634618766421E0,
-8.269061678929E-1));
#6727=CARTESIAN_POINT('',(1.081999933753E1,1.621307813320E0,
-8.934609334011E-1));
#6728=CARTESIAN_POINT('',(1.084912931666E1,1.608063354410E0,
-9.596832279515E-1));
#6729=CARTESIAN_POINT('',(1.087270384727E1,1.602146325863E0,
-9.892683706841E-1));
#6730=CARTESIAN_POINT('',(1.088789917893E1,1.6E0,-9.999999999999E-1));
#6731=CARTESIAN_POINT('',(1.09E1,1.6E0,-9.999999999999E-1));
#6733=DIRECTION('',(8.320455435756E-13,4.076738946426E-14,-1.E0));
#6734=VECTOR('',#6733,2.499999999999E0);
#6735=CARTESIAN_POINT('',(1.09E1,1.6E0,-1.000000000001E0));
#6736=LINE('',#6735,#6734);
#6737=DIRECTION('',(1.E0,1.687538997430E-14,-2.575717417130E-14));
#6738=VECTOR('',#6737,3.E0);
#6739=CARTESIAN_POINT('',(9.75E0,3.4E0,-3.1E0));
#6740=LINE('',#6739,#6738);
#6741=DIRECTION('',(-1.E0,-1.717144944754E-14,2.575717417130E-14));
#6742=VECTOR('',#6741,3.E0);
#6743=CARTESIAN_POINT('',(1.275E1,2.8E0,-3.5E0));
#6744=LINE('',#6743,#6742);
#6745=DIRECTION('',(0.E0,1.E0,2.102893023114E-14));
#6746=VECTOR('',#6745,3.4E0);
#6747=CARTESIAN_POINT('',(9.75E0,3.315866100214E-14,-3.1E0));
#6748=LINE('',#6747,#6746);
#6749=DIRECTION('',(0.E0,-8.320502943376E-1,-5.547001962255E-1));
#6750=VECTOR('',#6749,7.211102550925E-1);
#6751=CARTESIAN_POINT('',(9.75E0,3.4E0,-3.1E0));
#6752=LINE('',#6751,#6750);
#6753=DIRECTION('',(0.E0,-1.E0,0.E0));
#6754=VECTOR('',#6753,2.4E0);
#6755=CARTESIAN_POINT('',(9.75E0,2.8E0,-3.5E0));
#6756=LINE('',#6755,#6754);
#6757=DIRECTION('',(0.E0,0.E0,-1.E0));
#6758=VECTOR('',#6757,6.3E0);
#6759=CARTESIAN_POINT('',(9.75E0,4.E-1,-3.5E0));
#6760=LINE('',#6759,#6758);
#6761=DIRECTION('',(0.E0,-1.E0,0.E0));
#6762=VECTOR('',#6761,4.E-1);
#6763=CARTESIAN_POINT('',(9.75E0,4.E-1,-9.8E0));
#6764=LINE('',#6763,#6762);
#6765=DIRECTION('',(0.E0,0.E0,1.E0));
#6766=VECTOR('',#6765,6.7E0);
#6767=CARTESIAN_POINT('',(9.75E0,3.168761549451E-14,-9.8E0));
#6768=LINE('',#6767,#6766);
#6769=DIRECTION('',(-1.E0,0.E0,0.E0));
#6770=VECTOR('',#6769,3.E0);
#6771=CARTESIAN_POINT('',(1.275E1,4.E-1,-9.8E0));
#6772=LINE('',#6771,#6770);
#6773=DIRECTION('',(-1.E0,0.E0,0.E0));
#6774=VECTOR('',#6773,3.E0);
#6775=CARTESIAN_POINT('',(1.275E1,3.693341928587E-14,-9.8E0));
#6776=LINE('',#6775,#6774);
#6777=DIRECTION('',(0.E0,1.E0,-2.979098449411E-14));
#6778=VECTOR('',#6777,2.4E0);
#6779=CARTESIAN_POINT('',(5.25E0,4.E-1,-3.5E0));
#6780=LINE('',#6779,#6778);
#6781=DIRECTION('',(0.E0,8.320502943376E-1,5.547001962255E-1));
#6782=VECTOR('',#6781,7.211102550925E-1);
#6783=CARTESIAN_POINT('',(5.25E0,2.8E0,-3.5E0));
#6784=LINE('',#6783,#6782);
#6785=DIRECTION('',(0.E0,-1.E0,0.E0));
#6786=VECTOR('',#6785,3.4E0);
#6787=CARTESIAN_POINT('',(5.25E0,3.4E0,-3.1E0));
#6788=LINE('',#6787,#6786);
#6789=DIRECTION('',(0.E0,0.E0,-1.E0));
#6790=VECTOR('',#6789,6.7E0);
#6791=CARTESIAN_POINT('',(5.25E0,3.560115165631E-14,-3.1E0));
#6792=LINE('',#6791,#6790);
#6793=DIRECTION('',(0.E0,1.E0,0.E0));
#6794=VECTOR('',#6793,4.E-1);
#6795=CARTESIAN_POINT('',(5.25E0,3.695192300294E-14,-9.8E0));
#6796=LINE('',#6795,#6794);
#6797=DIRECTION('',(0.E0,0.E0,1.E0));
#6798=VECTOR('',#6797,6.3E0);
#6799=CARTESIAN_POINT('',(5.25E0,4.E-1,-9.8E0));
#6800=LINE('',#6799,#6798);
#6801=CARTESIAN_POINT('',(4.1E0,1.75E0,-3.5E0));
#6802=DIRECTION('',(0.E0,0.E0,1.E0));
#6803=DIRECTION('',(0.E0,-1.E0,0.E0));
#6804=AXIS2_PLACEMENT_3D('',#6801,#6802,#6803);
#6806=CARTESIAN_POINT('',(4.1E0,2.45E0,-3.5E0));
#6807=DIRECTION('',(0.E0,0.E0,1.E0));
#6808=DIRECTION('',(1.E0,0.E0,0.E0));
#6809=AXIS2_PLACEMENT_3D('',#6806,#6807,#6808);
#6811=CARTESIAN_POINT('',(3.4E0,2.45E0,-3.5E0));
#6812=DIRECTION('',(0.E0,0.E0,1.E0));
#6813=DIRECTION('',(0.E0,1.E0,0.E0));
#6814=AXIS2_PLACEMENT_3D('',#6811,#6812,#6813);
#6816=CARTESIAN_POINT('',(3.4E0,1.75E0,-3.5E0));
#6817=DIRECTION('',(0.E0,0.E0,1.E0));
#6818=DIRECTION('',(-1.E0,0.E0,0.E0));
#6819=AXIS2_PLACEMENT_3D('',#6816,#6817,#6818);
#6821=DIRECTION('',(-1.E0,0.E0,0.E0));
#6822=VECTOR('',#6821,3.E0);
#6823=CARTESIAN_POINT('',(5.25E0,4.E-1,-3.5E0));
#6824=LINE('',#6823,#6822);
#6825=DIRECTION('',(-1.E0,0.E0,0.E0));
#6826=VECTOR('',#6825,7.000000000010E-1);
#6827=CARTESIAN_POINT('',(4.100000000001E0,1.6E0,-3.5E0));
#6828=LINE('',#6827,#6826);
#6829=DIRECTION('',(-1.E0,4.187126835692E-14,0.E0));
#6830=VECTOR('',#6829,7.000000000061E-1);
#6831=CARTESIAN_POINT('',(4.100000000003E0,1.6E0,-1.000000000001E0));
#6832=LINE('',#6831,#6830);
#6833=DIRECTION('',(-1.E0,0.E0,2.146431180940E-14));
#6834=VECTOR('',#6833,6.000000000004E-1);
#6835=CARTESIAN_POINT('',(4.05E0,1.8E0,4.781360492719E-14));
#6836=LINE('',#6835,#6834);
#6837=DIRECTION('',(-1.E0,0.E0,-2.177270709402E-14));
#6838=VECTOR('',#6837,6.000000000004E-1);
#6839=CARTESIAN_POINT('',(4.05E0,2.4E0,6.084022174946E-14));
#6840=LINE('',#6839,#6838);
#6841=DIRECTION('',(1.E0,0.E0,0.E0));
#6842=VECTOR('',#6841,7.000000000010E-1);
#6843=CARTESIAN_POINT('',(3.399999999999E0,2.6E0,-3.5E0));
#6844=LINE('',#6843,#6842);
#6845=DIRECTION('',(-1.E0,3.235507100309E-14,0.E0));
#6846=VECTOR('',#6845,7.000000000058E-1);
#6847=CARTESIAN_POINT('',(4.100000000003E0,2.6E0,-1.000000000001E0));
#6848=LINE('',#6847,#6846);
#6849=CARTESIAN_POINT('',(4.206066017178E0,2.556066017178E0,
-7.803300858899E-1));
#6850=CARTESIAN_POINT('',(4.196750800777E0,2.565381233579E0,
-8.269061678964E-1));
#6851=CARTESIAN_POINT('',(4.180000662473E0,2.578692186680E0,
-8.934609334020E-1));
#6852=CARTESIAN_POINT('',(4.150870683338E0,2.591936645590E0,
-9.596832279507E-1));
#6853=CARTESIAN_POINT('',(4.127296152736E0,2.597853674137E0,
-9.892683706831E-1));
#6854=CARTESIAN_POINT('',(4.112100821070E0,2.6E0,-9.999999999991E-1));
#6855=CARTESIAN_POINT('',(4.100000000002E0,2.6E0,-9.999999999999E-1));
#6857=DIRECTION('',(-1.097077984014E-12,-4.067857162229E-14,-1.E0));
#6858=VECTOR('',#6857,2.499999999999E0);
#6859=CARTESIAN_POINT('',(4.100000000003E0,2.6E0,-1.000000000001E0));
#6860=LINE('',#6859,#6858);
#6861=DIRECTION('',(4.760636329595E-14,-9.654499422146E-13,-1.E0));
#6862=VECTOR('',#6861,2.499999999999E0);
#6863=CARTESIAN_POINT('',(4.25E0,2.450000000003E0,-1.000000000001E0));
#6864=LINE('',#6863,#6862);
#6865=DIRECTION('',(0.E0,-1.E0,0.E0));
#6866=VECTOR('',#6865,7.000000000010E-1);
#6867=CARTESIAN_POINT('',(4.25E0,2.450000000001E0,-3.5E0));
#6868=LINE('',#6867,#6866);
#6869=DIRECTION('',(9.606537787482E-13,-5.240252676234E-14,1.E0));
#6870=VECTOR('',#6869,2.499999999999E0);
#6871=CARTESIAN_POINT('',(4.100000000001E0,1.6E0,-3.5E0));
#6872=LINE('',#6871,#6870);
#6873=CARTESIAN_POINT('',(4.100000000006E0,1.6E0,-9.999999999999E-1));
#6874=CARTESIAN_POINT('',(4.112100821074E0,1.600000000001E0,
-9.999999999974E-1));
#6875=CARTESIAN_POINT('',(4.127296152739E0,1.602146325864E0,
-9.892683706800E-1));
#6876=CARTESIAN_POINT('',(4.150870683340E0,1.608063354411E0,
-9.596832279463E-1));
#6877=CARTESIAN_POINT('',(4.180000662474E0,1.621307813320E0,
-8.934609333980E-1));
#6878=CARTESIAN_POINT('',(4.196750800777E0,1.634618766421E0,
-8.269061678945E-1));
#6879=CARTESIAN_POINT('',(4.206066017178E0,1.643933982822E0,
-7.803300858898E-1));
#6881=DIRECTION('',(7.212008767969E-14,2.666311615941E-13,-1.E0));
#6882=VECTOR('',#6881,2.499999999999E0);
#6883=CARTESIAN_POINT('',(4.25E0,1.749999999999E0,-1.000000000001E0));
#6884=LINE('',#6883,#6882);
#6885=DIRECTION('',(-1.924500897293E-1,1.924500897295E-1,9.622504486496E-1));
#6886=VECTOR('',#6885,8.109428132624E-1);
#6887=CARTESIAN_POINT('',(4.206066017178E0,1.643933982822E0,
-7.803300858908E-1));
#6888=LINE('',#6887,#6886);
#6889=DIRECTION('',(0.E0,1.E0,2.171102803710E-14));
#6890=VECTOR('',#6889,6.000000000004E-1);
#6891=CARTESIAN_POINT('',(4.05E0,1.8E0,4.781360492719E-14));
#6892=LINE('',#6891,#6890);
#6893=DIRECTION('',(1.924500897293E-1,1.924500897296E-1,-9.622504486496E-1));
#6894=VECTOR('',#6893,8.109428132624E-1);
#6895=CARTESIAN_POINT('',(4.05E0,2.4E0,6.084022174946E-14));
#6896=LINE('',#6895,#6894);
#6897=CARTESIAN_POINT('',(4.206066017178E0,2.556066017178E0,
-7.803300858914E-1));
#6898=CARTESIAN_POINT('',(4.215381233579E0,2.546750800777E0,
-8.269061678965E-1));
#6899=CARTESIAN_POINT('',(4.228692186680E0,2.530000662474E0,
-8.934609334006E-1));
#6900=CARTESIAN_POINT('',(4.241936645589E0,2.500870683340E0,
-9.596832279496E-1));
#6901=CARTESIAN_POINT('',(4.247853674136E0,2.477296152739E0,
-9.892683706837E-1));
#6902=CARTESIAN_POINT('',(4.249999999999E0,2.462100821074E0,-1.000000000001E0));
#6903=CARTESIAN_POINT('',(4.25E0,2.450000000006E0,-1.000000000004E0));
#6905=DIRECTION('',(-8.754901565564E-14,-1.E0,-1.712915523697E-14));
#6906=VECTOR('',#6905,7.000000000041E-1);
#6907=CARTESIAN_POINT('',(4.25E0,2.450000000003E0,-1.000000000001E0));
#6908=LINE('',#6907,#6906);
#6909=CARTESIAN_POINT('',(4.25E0,1.749999999998E0,-1.000000000004E0));
#6910=CARTESIAN_POINT('',(4.25E0,1.737899178930E0,-1.000000000003E0));
#6911=CARTESIAN_POINT('',(4.247853674137E0,1.722703847264E0,
-9.892683706868E-1));
#6912=CARTESIAN_POINT('',(4.241936645590E0,1.699129316662E0,
-9.596832279540E-1));
#6913=CARTESIAN_POINT('',(4.228692186680E0,1.669999337527E0,
-8.934609334046E-1));
#6914=CARTESIAN_POINT('',(4.215381233579E0,1.653249199223E0,
-8.269061678984E-1));
#6915=CARTESIAN_POINT('',(4.206066017178E0,1.643933982822E0,
-7.803300858914E-1));
#6917=DIRECTION('',(-8.320455435756E-13,5.009326287112E-14,1.E0));
#6918=VECTOR('',#6917,2.499999999999E0);
#6919=CARTESIAN_POINT('',(3.399999999999E0,2.6E0,-3.5E0));
#6920=LINE('',#6919,#6918);
#6921=CARTESIAN_POINT('',(3.399999999995E0,2.6E0,-9.999999999999E-1));
#6922=CARTESIAN_POINT('',(3.387899178927E0,2.6E0,-9.999999999978E-1));
#6923=CARTESIAN_POINT('',(3.372703847262E0,2.597853674136E0,
-9.892683706807E-1));
#6924=CARTESIAN_POINT('',(3.349129316660E0,2.591936645590E0,
-9.596832279473E-1));
#6925=CARTESIAN_POINT('',(3.319999337527E0,2.578692186680E0,
-8.934609333989E-1));
#6926=CARTESIAN_POINT('',(3.303249199223E0,2.565381233579E0,
-8.269061678949E-1));
#6927=CARTESIAN_POINT('',(3.293933982822E0,2.556066017178E0,
-7.803300858898E-1));
#6929=DIRECTION('',(-7.194245199575E-14,-9.594103289606E-13,-1.E0));
#6930=VECTOR('',#6929,2.499999999999E0);
#6931=CARTESIAN_POINT('',(3.25E0,2.450000000003E0,-1.000000000001E0));
#6932=LINE('',#6931,#6930);
#6933=DIRECTION('',(0.E0,1.E0,-4.545570269365E-13));
#6934=VECTOR('',#6933,7.000000000044E-1);
#6935=CARTESIAN_POINT('',(3.25E0,1.749999999999E0,-1.000000000001E0));
#6936=LINE('',#6935,#6934);
#6937=CARTESIAN_POINT('',(3.25E0,2.450000000002E0,-1.000000000004E0));
#6938=CARTESIAN_POINT('',(3.25E0,2.462100821070E0,-1.000000000003E0));
#6939=CARTESIAN_POINT('',(3.252146325863E0,2.477296152736E0,
-9.892683706868E-1));
#6940=CARTESIAN_POINT('',(3.258063354410E0,2.500870683338E0,
-9.596832279540E-1));
#6941=CARTESIAN_POINT('',(3.271307813320E0,2.530000662473E0,
-8.934609334047E-1));
#6942=CARTESIAN_POINT('',(3.284618766421E0,2.546750800777E0,
-8.269061678985E-1));
#6943=CARTESIAN_POINT('',(3.293933982822E0,2.556066017178E0,
-7.803300858915E-1));
#6945=DIRECTION('',(1.924500897293E-1,-1.924500897295E-1,9.622504486496E-1));
#6946=VECTOR('',#6945,8.109428132624E-1);
#6947=CARTESIAN_POINT('',(3.293933982822E0,2.556066017178E0,
-7.803300858908E-1));
#6948=LINE('',#6947,#6946);
#6949=DIRECTION('',(0.E0,-1.E0,2.152599086633E-14));
#6950=VECTOR('',#6949,6.000000000004E-1);
#6951=CARTESIAN_POINT('',(3.45E0,2.4E0,4.777659749304E-14));
#6952=LINE('',#6951,#6950);
#6953=DIRECTION('',(-1.924500897293E-1,-1.924500897296E-1,-9.622504486495E-1));
#6954=VECTOR('',#6953,8.109428132621E-1);
#6955=CARTESIAN_POINT('',(3.45E0,1.8E0,6.069219201284E-14));
#6956=LINE('',#6955,#6954);
#6957=CARTESIAN_POINT('',(3.293933982822E0,1.643933982822E0,
-7.803300858913E-1));
#6958=CARTESIAN_POINT('',(3.284618766421E0,1.653249199223E0,
-8.269061678983E-1));
#6959=CARTESIAN_POINT('',(3.271307813320E0,1.669999337527E0,
-8.934609334046E-1));
#6960=CARTESIAN_POINT('',(3.258063354410E0,1.699129316662E0,
-9.596832279540E-1));
#6961=CARTESIAN_POINT('',(3.252146325863E0,1.722703847264E0,
-9.892683706868E-1));
#6962=CARTESIAN_POINT('',(3.25E0,1.737899178930E0,-1.000000000003E0));
#6963=CARTESIAN_POINT('',(3.25E0,1.749999999998E0,-1.000000000004E0));
#6965=DIRECTION('',(-7.194245199574E-14,4.000355602331E-13,-1.E0));
#6966=VECTOR('',#6965,2.499999999999E0);
#6967=CARTESIAN_POINT('',(3.25E0,1.749999999999E0,-1.000000000001E0));
#6968=LINE('',#6967,#6966);
#6969=DIRECTION('',(0.E0,1.E0,0.E0));
#6970=VECTOR('',#6969,7.000000000010E-1);
#6971=CARTESIAN_POINT('',(3.25E0,1.75E0,-3.5E0));
#6972=LINE('',#6971,#6970);
#6973=CARTESIAN_POINT('',(3.293933982822E0,1.643933982822E0,
-7.803300858895E-1));
#6974=CARTESIAN_POINT('',(3.303249199223E0,1.634618766421E0,
-8.269061678961E-1));
#6975=CARTESIAN_POINT('',(3.319999337527E0,1.621307813320E0,
-8.934609334018E-1));
#6976=CARTESIAN_POINT('',(3.349129316662E0,1.608063354410E0,
-9.596832279506E-1));
#6977=CARTESIAN_POINT('',(3.372703847264E0,1.602146325863E0,
-9.892683706830E-1));
#6978=CARTESIAN_POINT('',(3.387899178930E0,1.6E0,-9.999999999991E-1));
#6979=CARTESIAN_POINT('',(3.399999999998E0,1.6E0,-9.999999999999E-1));
#6981=DIRECTION('',(1.091748913496E-12,4.076738946426E-14,-1.E0));
#6982=VECTOR('',#6981,2.499999999999E0);
#6983=CARTESIAN_POINT('',(3.399999999997E0,1.6E0,-1.000000000001E0));
#6984=LINE('',#6983,#6982);
#6985=DIRECTION('',(1.E0,1.672736023769E-14,-2.546111469807E-14));
#6986=VECTOR('',#6985,3.E0);
#6987=CARTESIAN_POINT('',(2.25E0,3.4E0,-3.1E0));
#6988=LINE('',#6987,#6986);
#6989=DIRECTION('',(-1.E0,-1.717144944754E-14,2.546111469807E-14));
#6990=VECTOR('',#6989,3.E0);
#6991=CARTESIAN_POINT('',(5.25E0,2.8E0,-3.5E0));
#6992=LINE('',#6991,#6990);
#6993=DIRECTION('',(0.E0,1.E0,2.102893023114E-14));
#6994=VECTOR('',#6993,3.4E0);
#6995=CARTESIAN_POINT('',(2.25E0,3.708144902248E-14,-3.1E0));
#6996=LINE('',#6995,#6994);
#6997=DIRECTION('',(0.E0,-8.320502943376E-1,-5.547001962255E-1));
#6998=VECTOR('',#6997,7.211102550925E-1);
#6999=CARTESIAN_POINT('',(2.25E0,3.4E0,-3.1E0));
#7000=LINE('',#6999,#6998);
#7001=DIRECTION('',(0.E0,-1.E0,0.E0));
#7002=VECTOR('',#7001,2.4E0);
#7003=CARTESIAN_POINT('',(2.25E0,2.8E0,-3.5E0));
#7004=LINE('',#7003,#7002);
#7005=DIRECTION('',(0.E0,0.E0,-1.E0));
#7006=VECTOR('',#7005,6.3E0);
#7007=CARTESIAN_POINT('',(2.25E0,4.E-1,-3.5E0));
#7008=LINE('',#7007,#7006);
#7009=DIRECTION('',(0.E0,-1.E0,0.E0));
#7010=VECTOR('',#7009,4.E-1);
#7011=CARTESIAN_POINT('',(2.25E0,4.E-1,-9.8E0));
#7012=LINE('',#7011,#7010);
#7013=DIRECTION('',(0.E0,0.E0,1.E0));
#7014=VECTOR('',#7013,6.7E0);
#7015=CARTESIAN_POINT('',(2.25E0,3.735900477864E-14,-9.8E0));
#7016=LINE('',#7015,#7014);
#7017=DIRECTION('',(-1.E0,0.E0,0.E0));
#7018=VECTOR('',#7017,3.E0);
#7019=CARTESIAN_POINT('',(5.25E0,4.E-1,-9.8E0));
#7020=LINE('',#7019,#7018);
#7021=DIRECTION('',(-1.E0,0.E0,0.E0));
#7022=VECTOR('',#7021,3.E0);
#7023=CARTESIAN_POINT('',(5.25E0,3.695192300294E-14,-9.8E0));
#7024=LINE('',#7023,#7022);
#7025=CARTESIAN_POINT('',(8.E-1,1.07E1,-9.930000000001E0));
#7026=CARTESIAN_POINT('',(8.E-1,6.E0,-9.93E0));
#7027=VERTEX_POINT('',#7025);
#7028=VERTEX_POINT('',#7026);
#7029=CARTESIAN_POINT('',(3.15E0,1.07E1,-9.930000000001E0));
#7030=VERTEX_POINT('',#7029);
#7031=CARTESIAN_POINT('',(3.15E0,1.07E1,-1.17E1));
#7032=VERTEX_POINT('',#7031);
#7033=VERTEX_POINT('',#4457);
#7034=VERTEX_POINT('',#4461);
#7035=CARTESIAN_POINT('',(2.85E0,1.2E1,-1.023E1));
#7036=VERTEX_POINT('',#7035);
#7037=CARTESIAN_POINT('',(0.E0,1.2E1,-1.090805028316E1));
#7038=CARTESIAN_POINT('',(0.E0,1.2E1,-3.1E0));
#7039=VERTEX_POINT('',#7037);
#7040=VERTEX_POINT('',#7038);
#7041=CARTESIAN_POINT('',(5.E-1,1.2E1,-1.023E1));
#7042=VERTEX_POINT('',#7041);
#7043=CARTESIAN_POINT('',(5.E-1,1.2E1,-4.85E0));
#7044=VERTEX_POINT('',#7043);
#7045=CARTESIAN_POINT('',(1.797103985266E0,1.200000001738E1,-4.299999955575E0));
#7046=CARTESIAN_POINT('',(1.25E0,1.2E1,-4.3E0));
#7047=VERTEX_POINT('',#7045);
#7048=VERTEX_POINT('',#7046);
#7049=CARTESIAN_POINT('',(2.25E0,3.708144902248E-14,-3.1E0));
#7050=CARTESIAN_POINT('',(2.25E0,3.4E0,-3.1E0));
#7051=VERTEX_POINT('',#7049);
#7052=VERTEX_POINT('',#7050);
#7053=CARTESIAN_POINT('',(0.E0,3.819167204711E-14,-3.1E0));
#7054=VERTEX_POINT('',#7053);
#7055=CARTESIAN_POINT('',(3.4E0,2.6E0,-3.5E0));
#7056=CARTESIAN_POINT('',(3.25E0,2.45E0,-3.5E0));
#7057=VERTEX_POINT('',#7055);
#7058=VERTEX_POINT('',#7056);
#7059=CARTESIAN_POINT('',(3.25E0,1.75E0,-3.5E0));
#7060=VERTEX_POINT('',#7059);
#7061=CARTESIAN_POINT('',(3.4E0,1.6E0,-3.5E0));
#7062=VERTEX_POINT('',#7061);
#7063=VERTEX_POINT('',#6973);
#7064=VERTEX_POINT('',#6979);
#7065=CARTESIAN_POINT('',(3.25E0,1.749999999999E0,-1.000000000001E0));
#7066=VERTEX_POINT('',#7065);
#7067=CARTESIAN_POINT('',(3.25E0,2.450000000003E0,-1.000000000001E0));
#7068=VERTEX_POINT('',#7067);
#7069=CARTESIAN_POINT('',(3.399999999997E0,2.6E0,-1.000000000001E0));
#7070=VERTEX_POINT('',#7069);
#7071=VERTEX_POINT('',#6927);
#7072=CARTESIAN_POINT('',(3.45E0,2.4E0,4.773959005888E-14));
#7073=VERTEX_POINT('',#7072);
#7074=CARTESIAN_POINT('',(3.45E0,1.8E0,6.069219201284E-14));
#7075=VERTEX_POINT('',#7074);
#7076=CARTESIAN_POINT('',(0.E0,3.819167204711E-14,-1.07E1));
#7077=VERTEX_POINT('',#7076);
#7078=CARTESIAN_POINT('',(2.25E0,3.735900477864E-14,-9.8E0));
#7079=VERTEX_POINT('',#7078);
#7080=CARTESIAN_POINT('',(3.732592688910E0,5.950752841457E0,-1.083223895203E1));
#7081=CARTESIAN_POINT('',(2.832100042269E0,5.050975015113E0,-1.081224388922E1));
#7082=VERTEX_POINT('',#7080);
#7083=VERTEX_POINT('',#7081);
#7084=CARTESIAN_POINT('',(1.932592756336E0,5.950752841457E0,-1.083223895203E1));
#7085=VERTEX_POINT('',#7084);
#7086=CARTESIAN_POINT('',(1.932592756336E0,6.850530667800E0,-1.085223401484E1));
#7087=VERTEX_POINT('',#7086);
#7088=CARTESIAN_POINT('',(3.732592688910E0,6.850530667800E0,-1.085223401484E1));
#7089=VERTEX_POINT('',#7088);
#7090=CARTESIAN_POINT('',(3.695157625425E0,5.950752841456E0,-1.083223895203E1));
#7091=CARTESIAN_POINT('',(1.967259375990E0,5.950752841456E0,-1.083223895203E1));
#7092=VERTEX_POINT('',#7090);
#7093=VERTEX_POINT('',#7091);
#7094=CARTESIAN_POINT('',(2.832563391808E0,6.813134167695E0,-1.085140298150E1));
#7095=VERTEX_POINT('',#7094);
#7096=CARTESIAN_POINT('',(0.E0,9.E0,-1.09E1));
#7097=CARTESIAN_POINT('',(0.E0,9.E0,-1.17E1));
#7098=VERTEX_POINT('',#7096);
#7099=VERTEX_POINT('',#7097);
#7100=CARTESIAN_POINT('',(0.E0,1.07E1,-1.17E1));
#7101=VERTEX_POINT('',#7100);
#7102=CARTESIAN_POINT('',(0.E0,1.182571745324E1,-1.118043809851E1));
#7103=VERTEX_POINT('',#7102);
#7104=CARTESIAN_POINT('',(3.732592688910E0,5.951197176202E0,-1.081224388848E1));
#7105=VERTEX_POINT('',#7104);
#7106=CARTESIAN_POINT('',(3.732592688910E0,6.850975002546E0,-1.083223895128E1));
#7107=VERTEX_POINT('',#7106);
#7108=CARTESIAN_POINT('',(1.932592756336E0,6.850975002546E0,-1.083223895128E1));
#7109=VERTEX_POINT('',#7108);
#7110=CARTESIAN_POINT('',(1.932592756336E0,5.951197176202E0,-1.081224388848E1));
#7111=VERTEX_POINT('',#7110);
#7112=CARTESIAN_POINT('',(2.832100042269E0,5.051419349859E0,-1.079224882567E1));
#7113=VERTEX_POINT('',#7112);
#7114=CARTESIAN_POINT('',(1.967259375990E0,5.951197176202E0,-1.081224388848E1));
#7115=CARTESIAN_POINT('',(3.695157625425E0,5.951197176202E0,-1.081224388848E1));
#7116=VERTEX_POINT('',#7114);
#7117=VERTEX_POINT('',#7115);
#7118=CARTESIAN_POINT('',(2.832563391808E0,6.813578502441E0,-1.083140791795E1));
#7119=VERTEX_POINT('',#7118);
#7120=CARTESIAN_POINT('',(2.25E0,2.8E0,-3.5E0));
#7121=VERTEX_POINT('',#7120);
#7122=CARTESIAN_POINT('',(2.25E0,4.E-1,-3.5E0));
#7123=VERTEX_POINT('',#7122);
#7124=CARTESIAN_POINT('',(2.25E0,4.E-1,-9.8E0));
#7125=VERTEX_POINT('',#7124);
#7126=CARTESIAN_POINT('',(1.25E0,1.2E1,-4.85E0));
#7127=CARTESIAN_POINT('',(1.25E0,3.4E0,-4.85E0));
#7128=VERTEX_POINT('',#7126);
#7129=VERTEX_POINT('',#7127);
#7130=CARTESIAN_POINT('',(7.999999999999E-1,1.07E1,-4.85E0));
#7131=VERTEX_POINT('',#7130);
#7132=CARTESIAN_POINT('',(8.E-1,3.4E0,-4.85E0));
#7133=VERTEX_POINT('',#7132);
#7134=CARTESIAN_POINT('',(8.E-1,5.6E0,-9.825E0));
#7135=VERTEX_POINT('',#7134);
#7136=CARTESIAN_POINT('',(3.349999999993E0,3.4E0,-9.825E0));
#7137=CARTESIAN_POINT('',(3.349999999993E0,4.E0,-9.825E0));
#7138=VERTEX_POINT('',#7136);
#7139=VERTEX_POINT('',#7137);
#7140=CARTESIAN_POINT('',(8.E-1,3.4E0,-9.825E0));
#7141=VERTEX_POINT('',#7140);
#7142=CARTESIAN_POINT('',(1.25E0,3.4E0,-4.599999999164E0));
#7143=CARTESIAN_POINT('',(1.900000020008E0,3.4E0,-4.599999983885E0));
#7144=VERTEX_POINT('',#7142);
#7145=VERTEX_POINT('',#7143);
#7146=CARTESIAN_POINT('',(3.349999999993E0,3.4E0,-9.625E0));
#7147=VERTEX_POINT('',#7146);
#7148=CARTESIAN_POINT('',(1.900000078079E0,1.070000003656E1,-4.599999977461E0));
#7149=VERTEX_POINT('',#7148);
#7150=CARTESIAN_POINT('',(1.25E0,1.070000008796E1,-4.599999991753E0));
#7151=VERTEX_POINT('',#7150);
#7152=CARTESIAN_POINT('',(3.25E0,4.432732645657E0,-7.4E0));
#7153=CARTESIAN_POINT('',(3.4E0,4.432732645657E0,-7.4E0));
#7154=VERTEX_POINT('',#7152);
#7155=VERTEX_POINT('',#7153);
#7156=CARTESIAN_POINT('',(3.25E0,4.432732645657E0,-7.25E0));
#7157=VERTEX_POINT('',#7156);
#7158=CARTESIAN_POINT('',(3.25E0,4.432732645657E0,-6.55E0));
#7159=VERTEX_POINT('',#7158);
#7160=CARTESIAN_POINT('',(3.25E0,4.432732645657E0,-6.4E0));
#7161=VERTEX_POINT('',#7160);
#7162=CARTESIAN_POINT('',(3.4E0,4.432732645657E0,-6.4E0));
#7163=VERTEX_POINT('',#7162);
#7164=CARTESIAN_POINT('',(3.293933982822E0,1.011966991411E1,-7.356066017178E0));
#7165=CARTESIAN_POINT('',(3.45E0,1.09E1,-7.2E0));
#7166=VERTEX_POINT('',#7164);
#7167=VERTEX_POINT('',#7165);
#7168=VERTEX_POINT('',#5140);
#7169=VERTEX_POINT('',#5146);
#7170=CARTESIAN_POINT('',(3.45E0,1.09E1,-6.6E0));
#7171=VERTEX_POINT('',#7170);
#7172=CARTESIAN_POINT('',(3.25E0,3.4E0,-6.55E0));
#7173=VERTEX_POINT('',#7172);
#7174=CARTESIAN_POINT('',(3.25E0,9.899999999999E0,-6.549999999997E0));
#7175=VERTEX_POINT('',#7174);
#7176=CARTESIAN_POINT('',(3.4E0,3.4E0,-6.4E0));
#7177=VERTEX_POINT('',#7176);
#7178=CARTESIAN_POINT('',(3.25E0,3.4E0,-6.4E0));
#7179=VERTEX_POINT('',#7178);
#7180=CARTESIAN_POINT('',(3.25E0,9.899999999999E0,-7.250000000003E0));
#7181=VERTEX_POINT('',#7180);
#7182=CARTESIAN_POINT('',(3.25E0,3.4E0,-7.25E0));
#7183=VERTEX_POINT('',#7182);
#7184=CARTESIAN_POINT('',(3.4E0,3.4E0,-7.4E0));
#7185=VERTEX_POINT('',#7184);
#7186=CARTESIAN_POINT('',(3.399999999997E0,9.899999999999E0,-7.4E0));
#7187=VERTEX_POINT('',#7186);
#7188=CARTESIAN_POINT('',(3.25E0,3.4E0,-7.4E0));
#7189=VERTEX_POINT('',#7188);
#7190=CARTESIAN_POINT('',(1.065E1,1.07E1,-9.93E0));
#7191=CARTESIAN_POINT('',(4.35E0,1.07E1,-9.930000000001E0));
#7192=VERTEX_POINT('',#7190);
#7193=VERTEX_POINT('',#7191);
#7194=CARTESIAN_POINT('',(1.065E1,1.07E1,-1.17E1));
#7195=VERTEX_POINT('',#7194);
#7196=CARTESIAN_POINT('',(4.65E0,1.2E1,-1.023E1));
#7197=CARTESIAN_POINT('',(1.035E1,1.2E1,-1.023E1));
#7198=VERTEX_POINT('',#7196);
#7199=VERTEX_POINT('',#7197);
#7200=CARTESIAN_POINT('',(4.65E0,1.2E1,-1.090805028316E1));
#7201=VERTEX_POINT('',#7200);
#7202=CARTESIAN_POINT('',(1.035E1,1.2E1,-1.090805028316E1));
#7203=VERTEX_POINT('',#7202);
#7204=CARTESIAN_POINT('',(4.35E0,1.07E1,-1.17E1));
#7205=VERTEX_POINT('',#7204);
#7206=CARTESIAN_POINT('',(4.609780950750E0,1.182571745325E1,-1.118043809850E1));
#7207=VERTEX_POINT('',#7206);
#7208=CARTESIAN_POINT('',(1.039021904926E1,1.182571745324E1,-1.118043809851E1));
#7209=VERTEX_POINT('',#7208);
#7210=CARTESIAN_POINT('',(1.084999999999E1,3.4E0,-9.825E0));
#7211=CARTESIAN_POINT('',(1.084999999999E1,4.E0,-9.825E0));
#7212=VERTEX_POINT('',#7210);
#7213=VERTEX_POINT('',#7211);
#7214=CARTESIAN_POINT('',(4.149999999995E0,4.E0,-9.825E0));
#7215=CARTESIAN_POINT('',(4.149999999995E0,3.4E0,-9.825E0));
#7216=VERTEX_POINT('',#7214);
#7217=VERTEX_POINT('',#7215);
#7218=CARTESIAN_POINT('',(8.E0,3.4E0,-4.599999019521E0));
#7219=CARTESIAN_POINT('',(9.400002047979E0,3.4E0,-4.599998880890E0));
#7220=VERTEX_POINT('',#7218);
#7221=VERTEX_POINT('',#7219);
#7222=CARTESIAN_POINT('',(8.E0,3.4E0,-4.95E0));
#7223=VERTEX_POINT('',#7222);
#7224=CARTESIAN_POINT('',(7.5E0,3.4E0,-4.95E0));
#7225=VERTEX_POINT('',#7224);
#7226=CARTESIAN_POINT('',(7.5E0,3.4E0,-4.599999994924E0));
#7227=VERTEX_POINT('',#7226);
#7228=CARTESIAN_POINT('',(5.599999963506E0,3.4E0,-4.599999993810E0));
#7229=VERTEX_POINT('',#7228);
#7230=CARTESIAN_POINT('',(4.149999999995E0,3.4E0,-9.625E0));
#7231=VERTEX_POINT('',#7230);
#7232=CARTESIAN_POINT('',(1.084999999999E1,3.4E0,-9.625E0));
#7233=VERTEX_POINT('',#7232);
#7234=CARTESIAN_POINT('',(9.400001069809E0,1.070000502192E1,-4.599998702326E0));
#7235=VERTEX_POINT('',#7234);
#7236=CARTESIAN_POINT('',(7.5E0,1.199999996234E1,-4.300000174282E0));
#7237=CARTESIAN_POINT('',(5.702897026046E0,1.199999996759E1,-4.300000246620E0));
#7238=VERTEX_POINT('',#7236);
#7239=VERTEX_POINT('',#7237);
#7240=CARTESIAN_POINT('',(9.297104019470E0,1.200000001822E1,-4.299999952262E0));
#7241=CARTESIAN_POINT('',(8.E0,1.200000000961E1,-4.299999997756E0));
#7242=VERTEX_POINT('',#7240);
#7243=VERTEX_POINT('',#7241);
#7244=CARTESIAN_POINT('',(9.75E0,3.315866100214E-14,-3.1E0));
#7245=CARTESIAN_POINT('',(9.75E0,3.4E0,-3.1E0));
#7246=VERTEX_POINT('',#7244);
#7247=VERTEX_POINT('',#7245);
#7248=CARTESIAN_POINT('',(5.25E0,3.560115165631E-14,-3.1E0));
#7249=VERTEX_POINT('',#7248);
#7250=CARTESIAN_POINT('',(5.25E0,3.4E0,-3.1E0));
#7251=VERTEX_POINT('',#7250);
#7252=CARTESIAN_POINT('',(1.09E1,2.6E0,-3.5E0));
#7253=CARTESIAN_POINT('',(1.075E1,2.45E0,-3.5E0));
#7254=VERTEX_POINT('',#7252);
#7255=VERTEX_POINT('',#7253);
#7256=CARTESIAN_POINT('',(1.075E1,1.749999999998E0,-3.5E0));
#7257=VERTEX_POINT('',#7256);
#7258=CARTESIAN_POINT('',(1.09E1,1.6E0,-3.5E0));
#7259=VERTEX_POINT('',#7258);
#7260=VERTEX_POINT('',#6725);
#7261=VERTEX_POINT('',#6731);
#7262=CARTESIAN_POINT('',(1.075E1,1.749999999993E0,-1.000000000004E0));
#7263=VERTEX_POINT('',#7262);
#7264=CARTESIAN_POINT('',(1.075E1,2.450000000017E0,-1.000000000007E0));
#7265=VERTEX_POINT('',#7264);
#7266=CARTESIAN_POINT('',(1.09E1,2.6E0,-1.000000000001E0));
#7267=VERTEX_POINT('',#7266);
#7268=VERTEX_POINT('',#6679);
#7269=CARTESIAN_POINT('',(1.095E1,2.4E0,4.135580766729E-13));
#7270=VERTEX_POINT('',#7269);
#7271=CARTESIAN_POINT('',(1.095E1,1.8E0,4.580040050920E-13));
#7272=VERTEX_POINT('',#7271);
#7273=CARTESIAN_POINT('',(5.25E0,3.695192300294E-14,-9.8E0));
#7274=VERTEX_POINT('',#7273);
#7275=CARTESIAN_POINT('',(9.75E0,3.168761549451E-14,-9.8E0));
#7276=VERTEX_POINT('',#7275);
#7277=CARTESIAN_POINT('',(8.639109057978E0,6.146269706890E0,-1.083658377126E1));
#7278=CARTESIAN_POINT('',(8.717360671854E0,6.104100600939E0,-1.083564668002E1));
#7279=VERTEX_POINT('',#7277);
#7280=VERTEX_POINT('',#7278);
#7281=CARTESIAN_POINT('',(8.803649858310E0,6.090053691408E0,-1.083533452648E1));
#7282=VERTEX_POINT('',#7281);
#7283=CARTESIAN_POINT('',(8.858451060961E0,6.096769722309E0,-1.083548377161E1));
#7284=VERTEX_POINT('',#7283);
#7285=CARTESIAN_POINT('',(8.904717960429E0,6.116941462474E0,-1.083593203250E1));
#7286=VERTEX_POINT('',#7285);
#7287=CARTESIAN_POINT('',(8.942554633251E0,6.150606749054E0,-1.083668014998E1));
#7288=VERTEX_POINT('',#7287);
#7289=CARTESIAN_POINT('',(8.969132080969E0,6.195930497843E0,-1.083768734440E1));
#7290=VERTEX_POINT('',#7289);
#7291=CARTESIAN_POINT('',(8.981961920714E0,6.251446532715E0,-1.083892103406E1));
#7292=VERTEX_POINT('',#7291);
#7293=CARTESIAN_POINT('',(8.980996844277E0,6.317150124177E0,-1.084038111387E1));
#7294=VERTEX_POINT('',#7293);
#7295=CARTESIAN_POINT('',(8.968852965973E0,6.381184166899E0,-1.084180409260E1));
#7296=VERTEX_POINT('',#7295);
#7297=CARTESIAN_POINT('',(8.946566323353E0,6.446339124736E0,-1.084325198055E1));
#7298=VERTEX_POINT('',#7297);
#7299=CARTESIAN_POINT('',(8.914188955288E0,6.512610267793E0,-1.084472467262E1));
#7300=VERTEX_POINT('',#7299);
#7301=CARTESIAN_POINT('',(8.874582975663E0,6.573934250450E0,-1.084608742779E1));
#7302=VERTEX_POINT('',#7301);
#7303=CARTESIAN_POINT('',(8.830984228983E0,6.623850440044E0,-1.084719667645E1));
#7304=VERTEX_POINT('',#7303);
#7305=CARTESIAN_POINT('',(8.783293368561E0,6.662410861799E0,-1.084805357471E1));
#7306=VERTEX_POINT('',#7305);
#7307=CARTESIAN_POINT('',(8.733520971319E0,6.689842536997E0,-1.084866316749E1));
#7308=VERTEX_POINT('',#7307);
#7309=CARTESIAN_POINT('',(8.683705996524E0,6.706339378460E0,-1.084902976397E1));
#7310=VERTEX_POINT('',#7309);
#7311=CARTESIAN_POINT('',(8.633843714725E0,6.711849361768E0,-1.084915220804E1));
#7312=VERTEX_POINT('',#7311);
#7313=CARTESIAN_POINT('',(8.577192782031E0,6.704873202734E0,-1.084899718228E1));
#7314=VERTEX_POINT('',#7313);
#7315=CARTESIAN_POINT('',(8.530008113936E0,6.683977833691E0,-1.084853284075E1));
#7316=VERTEX_POINT('',#7315);
#7317=CARTESIAN_POINT('',(8.492237671564E0,6.649205820877E0,-1.084776012935E1));
#7318=VERTEX_POINT('',#7317);
#7319=CARTESIAN_POINT('',(8.465821069921E0,6.604165848086E0,-1.084675924107E1));
#7320=VERTEX_POINT('',#7319);
#7321=CARTESIAN_POINT('',(8.452726307563E0,6.552419303783E0,-1.084560931786E1));
#7322=VERTEX_POINT('',#7321);
#7323=CARTESIAN_POINT('',(8.452939191703E0,6.493970917861E0,-1.084431046484E1));
#7324=VERTEX_POINT('',#7323);
#7325=CARTESIAN_POINT('',(8.473342989261E0,6.395987812159E0,-1.084213306249E1));
#7326=VERTEX_POINT('',#7325);
#7327=CARTESIAN_POINT('',(8.512031200257E0,6.303547797018E0,-1.084007883993E1));
#7328=VERTEX_POINT('',#7327);
#7329=CARTESIAN_POINT('',(8.568899747752E0,6.216598846007E0,-1.083814664102E1));
#7330=VERTEX_POINT('',#7329);
#7331=CARTESIAN_POINT('',(6.748661527333E0,6.105912037276E0,-1.083568693416E1));
#7332=CARTESIAN_POINT('',(6.805246228769E0,6.090413140900E0,-1.083534251424E1));
#7333=VERTEX_POINT('',#7331);
#7334=VERTEX_POINT('',#7332);
#7335=CARTESIAN_POINT('',(6.864035468222E0,6.085248418605E0,-1.083522774264E1));
#7336=VERTEX_POINT('',#7335);
#7337=CARTESIAN_POINT('',(6.911768904987E0,6.089514517171E0,-1.083532254483E1));
#7338=VERTEX_POINT('',#7337);
#7339=CARTESIAN_POINT('',(6.952770461196E0,6.102345919722E0,-1.083560768710E1));
#7340=VERTEX_POINT('',#7339);
#7341=CARTESIAN_POINT('',(6.987130020207E0,6.123794651480E0,-1.083608432559E1));
#7342=VERTEX_POINT('',#7341);
#7343=CARTESIAN_POINT('',(7.014412352409E0,6.153747203012E0,-1.083674993784E1));
#7344=VERTEX_POINT('',#7343);
#7345=CARTESIAN_POINT('',(7.034570149995E0,6.192028578663E0,-1.083760063508E1));
#7346=VERTEX_POINT('',#7345);
#7347=CARTESIAN_POINT('',(7.047698027782E0,6.238591482299E0,-1.083863536627E1));
#7348=VERTEX_POINT('',#7347);
#7349=CARTESIAN_POINT('',(7.222343745939E0,6.218906890342E0,-1.083819793090E1));
#7350=VERTEX_POINT('',#7349);
#7351=CARTESIAN_POINT('',(7.204234370551E0,6.133854508950E0,-1.083630787798E1));
#7352=VERTEX_POINT('',#7351);
#7353=CARTESIAN_POINT('',(7.170423580215E0,6.063520639938E0,-1.083474490311E1));
#7354=VERTEX_POINT('',#7353);
#7355=CARTESIAN_POINT('',(7.120949221010E0,6.007938390962E0,-1.083350974202E1));
#7356=VERTEX_POINT('',#7355);
#7357=CARTESIAN_POINT('',(7.055726139043E0,5.967637476467E0,-1.083261416614E1));
#7358=VERTEX_POINT('',#7357);
#7359=CARTESIAN_POINT('',(6.975009795608E0,5.943488143227E0,-1.083207751429E1));
#7360=VERTEX_POINT('',#7359);
#7361=CARTESIAN_POINT('',(6.878804922163E0,5.935447825002E0,-1.083189884056E1));
#7362=VERTEX_POINT('',#7361);
#7363=CARTESIAN_POINT('',(6.778370742609E0,5.944315823357E0,-1.083209590719E1));
#7364=VERTEX_POINT('',#7363);
#7365=CARTESIAN_POINT('',(6.684942829154E0,5.970924547917E0,-1.083268721218E1));
#7366=VERTEX_POINT('',#7365);
#7367=CARTESIAN_POINT('',(6.598573219461E0,6.015273999084E0,-1.083367275554E1));
#7368=VERTEX_POINT('',#7367);
#7369=CARTESIAN_POINT('',(6.520804144209E0,6.075689898625E0,-1.083501533108E1));
#7370=VERTEX_POINT('',#7369);
#7371=CARTESIAN_POINT('',(6.453106870956E0,6.150531075561E0,-1.083667846835E1));
#7372=VERTEX_POINT('',#7371);
#7373=CARTESIAN_POINT('',(6.395429362032E0,6.239854285012E0,-1.083866342856E1));
#7374=VERTEX_POINT('',#7373);
#7375=CARTESIAN_POINT('',(6.357389266390E0,6.321283793730E0,-1.084047297320E1));
#7376=VERTEX_POINT('',#7375);
#7377=CARTESIAN_POINT('',(6.330665164581E0,6.405134857020E0,-1.084233633016E1));
#7378=VERTEX_POINT('',#7377);
#7379=CARTESIAN_POINT('',(6.315247595687E0,6.491454771019E0,-1.084425455047E1));
#7380=VERTEX_POINT('',#7379);
#7381=CARTESIAN_POINT('',(6.315373749311E0,6.611695370238E0,-1.084692656378E1));
#7382=VERTEX_POINT('',#7381);
#7383=CARTESIAN_POINT('',(6.344848003361E0,6.711366942650E0,-1.084914148761E1));
#7384=VERTEX_POINT('',#7383);
#7385=CARTESIAN_POINT('',(6.403495319380E0,6.790408003646E0,-1.085089795564E1));
#7386=VERTEX_POINT('',#7385);
#7387=CARTESIAN_POINT('',(6.466958556269E0,6.832302792583E0,-1.085182895095E1));
#7388=VERTEX_POINT('',#7387);
#7389=CARTESIAN_POINT('',(6.549505706302E0,6.857440612326E0,-1.085238756916E1));
#7390=VERTEX_POINT('',#7389);
#7391=CARTESIAN_POINT('',(6.651188807946E0,6.865821461670E0,-1.085257381026E1));
#7392=VERTEX_POINT('',#7391);
#7393=CARTESIAN_POINT('',(6.722765309592E0,6.862269532996E0,-1.085249487851E1));
#7394=VERTEX_POINT('',#7393);
#7395=CARTESIAN_POINT('',(6.794195157547E0,6.851642123527E0,-1.085225871386E1));
#7396=VERTEX_POINT('',#7395);
#7397=CARTESIAN_POINT('',(6.865525659626E0,6.833977070815E0,-1.085186615713E1));
#7398=VERTEX_POINT('',#7397);
#7399=CARTESIAN_POINT('',(6.933464201788E0,6.811076351809E0,-1.085135725226E1));
#7400=VERTEX_POINT('',#7399);
#7401=CARTESIAN_POINT('',(6.994609362797E0,6.785096663456E0,-1.085077992585E1));
#7402=VERTEX_POINT('',#7401);
#7403=CARTESIAN_POINT('',(7.048965873321E0,6.756052195443E0,-1.085013449323E1));
#7404=VERTEX_POINT('',#7403);
#7405=CARTESIAN_POINT('',(7.173063348234E0,6.369956098582E0,-1.084155457997E1));
#7406=VERTEX_POINT('',#7405);
#7407=CARTESIAN_POINT('',(6.770295323939E0,6.369956098582E0,-1.084155457997E1));
#7408=VERTEX_POINT('',#7407);
#7409=CARTESIAN_POINT('',(6.722131387024E0,6.520371540317E0,-1.084489714534E1));
#7410=VERTEX_POINT('',#7409);
#7411=CARTESIAN_POINT('',(6.951795923037E0,6.520371540317E0,-1.084489714534E1));
#7412=VERTEX_POINT('',#7411);
#7413=CARTESIAN_POINT('',(6.909256868015E0,6.654030012054E0,-1.084786733360E1));
#7414=VERTEX_POINT('',#7413);
#7415=CARTESIAN_POINT('',(6.875465000718E0,6.668975545312E0,-1.084819945656E1));
#7416=VERTEX_POINT('',#7415);
#7417=CARTESIAN_POINT('',(6.837968943087E0,6.682383958846E0,-1.084849742131E1));
#7418=VERTEX_POINT('',#7417);
#7419=CARTESIAN_POINT('',(6.796834925569E0,6.694250523161E0,-1.084876112274E1));
#7420=VERTEX_POINT('',#7419);
#7421=CARTESIAN_POINT('',(6.754300601205E0,6.703671884634E0,-1.084897048633E1));
#7422=VERTEX_POINT('',#7421);
#7423=CARTESIAN_POINT('',(6.712972622589E0,6.709328485434E0,-1.084909618857E1));
#7424=VERTEX_POINT('',#7423);
#7425=CARTESIAN_POINT('',(6.672794219786E0,6.710901076958E0,-1.084913113504E1));
#7426=VERTEX_POINT('',#7425);
#7427=CARTESIAN_POINT('',(6.612405981729E0,6.705204274867E0,-1.084900453944E1));
#7428=VERTEX_POINT('',#7427);
#7429=CARTESIAN_POINT('',(6.564067006359E0,6.687132476530E0,-1.084860294392E1));
#7430=VERTEX_POINT('',#7429);
#7431=CARTESIAN_POINT('',(6.527744179047E0,6.656952904520E0,-1.084793228677E1));
#7432=VERTEX_POINT('',#7431);
#7433=CARTESIAN_POINT('',(6.503877460463E0,6.614145302572E0,-1.084698100672E1));
#7434=VERTEX_POINT('',#7433);
#7435=CARTESIAN_POINT('',(6.492930466185E0,6.558156307568E0,-1.084573680683E1));
#7436=VERTEX_POINT('',#7435);
#7437=CARTESIAN_POINT('',(6.494578349755E0,6.488943353671E0,-1.084419874119E1));
#7438=VERTEX_POINT('',#7437);
#7439=VERTEX_POINT('',#746);
#7440=CARTESIAN_POINT('',(6.529934523876E0,6.343054138635E0,-1.084095675864E1));
#7441=VERTEX_POINT('',#7440);
#7442=CARTESIAN_POINT('',(6.560930508139E0,6.276092473954E0,-1.083946872164E1));
#7443=VERTEX_POINT('',#7442);
#7444=CARTESIAN_POINT('',(6.599405834590E0,6.216650871634E0,-1.083814779715E1));
#7445=VERTEX_POINT('',#7444);
#7446=CARTESIAN_POINT('',(6.643799350315E0,6.168569766645E0,-1.083707932815E1));
#7447=VERTEX_POINT('',#7446);
#7448=CARTESIAN_POINT('',(6.694158362717E0,6.131745107734E0,-1.083626100239E1));
#7449=VERTEX_POINT('',#7448);
#7450=CARTESIAN_POINT('',(8.938599712283E0,5.946973857796E0,-1.083215497462E1));
#7451=CARTESIAN_POINT('',(8.835743380316E0,5.935447825002E0,-1.083189884056E1));
#7452=VERTEX_POINT('',#7450);
#7453=VERTEX_POINT('',#7451);
#7454=CARTESIAN_POINT('',(8.754993921852E0,5.941052399773E0,-1.083202338666E1));
#7455=VERTEX_POINT('',#7454);
#7456=CARTESIAN_POINT('',(8.679036729751E0,5.957918150516E0,-1.083239818112E1));
#7457=VERTEX_POINT('',#7456);
#7458=CARTESIAN_POINT('',(8.607772458526E0,5.986153857175E0,-1.083302564127E1));
#7459=VERTEX_POINT('',#7458);
#7460=CARTESIAN_POINT('',(8.542246607458E0,6.023924435948E0,-1.083386498747E1));
#7461=VERTEX_POINT('',#7460);
#7462=CARTESIAN_POINT('',(8.483187714735E0,6.069806277348E0,-1.083488458394E1));
#7463=VERTEX_POINT('',#7462);
#7464=CARTESIAN_POINT('',(8.430666741869E0,6.123794651480E0,-1.083608432559E1));
#7465=VERTEX_POINT('',#7464);
#7466=CARTESIAN_POINT('',(8.384693149778E0,6.185468624642E0,-1.083745485833E1));
#7467=VERTEX_POINT('',#7466);
#7468=CARTESIAN_POINT('',(8.345262208611E0,6.254024164169E0,-1.083897831476E1));
#7469=VERTEX_POINT('',#7468);
#7470=CARTESIAN_POINT('',(8.312416494709E0,6.329513296088E0,-1.084065585102E1));
#7471=VERTEX_POINT('',#7470);
#7472=CARTESIAN_POINT('',(8.292637158805E0,6.387465074414E0,-1.084194366832E1));
#7473=VERTEX_POINT('',#7472);
#7474=CARTESIAN_POINT('',(8.278340781359E0,6.443496635657E0,-1.084318881413E1));
#7475=VERTEX_POINT('',#7474);
#7476=CARTESIAN_POINT('',(8.269612516674E0,6.497527576430E0,-1.084438950170E1));
#7477=VERTEX_POINT('',#7476);
#7478=CARTESIAN_POINT('',(8.267223479281E0,6.554722618625E0,-1.084566050264E1));
#7479=VERTEX_POINT('',#7478);
#7480=CARTESIAN_POINT('',(8.272796322704E0,6.611496727119E0,-1.084692214949E1));
#7481=VERTEX_POINT('',#7480);
#7482=CARTESIAN_POINT('',(8.286283738723E0,6.667845171212E0,-1.084817433714E1));
#7483=VERTEX_POINT('',#7482);
#7484=CARTESIAN_POINT('',(8.309696303854E0,6.721143024122E0,-1.084935873387E1));
#7485=VERTEX_POINT('',#7484);
#7486=CARTESIAN_POINT('',(8.344727631923E0,6.768334964368E0,-1.085040744365E1));
#7487=VERTEX_POINT('',#7486);
#7488=CARTESIAN_POINT('',(8.391420300477E0,6.809473017576E0,-1.085132162261E1));
#7489=VERTEX_POINT('',#7488);
#7490=CARTESIAN_POINT('',(8.449372193737E0,6.841095117447E0,-1.085202433594E1));
#7491=VERTEX_POINT('',#7490);
#7492=CARTESIAN_POINT('',(8.517665543471E0,6.860103376660E0,-1.085244674170E1));
#7493=VERTEX_POINT('',#7492);
#7494=CARTESIAN_POINT('',(8.596314541665E0,6.866455228175E0,-1.085258789396E1));
#7495=VERTEX_POINT('',#7494);
#7496=CARTESIAN_POINT('',(8.690452070267E0,6.858481124054E0,-1.085241069165E1));
#7497=VERTEX_POINT('',#7496);
#7498=CARTESIAN_POINT('',(8.779707447550E0,6.834544622813E0,-1.085187876940E1));
#7499=VERTEX_POINT('',#7498);
#7500=CARTESIAN_POINT('',(8.864146903968E0,6.794598428317E0,-1.085099107618E1));
#7501=VERTEX_POINT('',#7500);
#7502=CARTESIAN_POINT('',(8.941400325976E0,6.739990476561E0,-1.084977756615E1));
#7503=VERTEX_POINT('',#7502);
#7504=CARTESIAN_POINT('',(9.009565945062E0,6.671695064766E0,-1.084825989033E1));
#7505=VERTEX_POINT('',#7504);
#7506=CARTESIAN_POINT('',(9.068629568446E0,6.589716922825E0,-1.084643815384E1));
#7507=VERTEX_POINT('',#7506);
#7508=CARTESIAN_POINT('',(9.115800044563E0,6.499887646392E0,-1.084444194770E1));
#7509=VERTEX_POINT('',#7508);
#7510=CARTESIAN_POINT('',(9.148290950889E0,6.408019912339E0,-1.084240044250E1));
#7511=VERTEX_POINT('',#7510);
#7512=CARTESIAN_POINT('',(9.166168518688E0,6.314019129204E0,-1.084031153620E1));
#7513=VERTEX_POINT('',#7512);
#7514=CARTESIAN_POINT('',(9.166550922117E0,6.207465990025E0,-1.083794368867E1));
#7515=VERTEX_POINT('',#7514);
#7516=VERTEX_POINT('',#557);
#7517=CARTESIAN_POINT('',(9.093887132560E0,6.039163204594E0,-1.083420362677E1));
#7518=VERTEX_POINT('',#7517);
#7519=CARTESIAN_POINT('',(9.024647629428E0,5.981547227893E0,-1.083292327173E1));
#7520=VERTEX_POINT('',#7519);
#7521=CARTESIAN_POINT('',(7.955612600781E0,6.215331313400E0,-1.083811847363E1));
#7522=CARTESIAN_POINT('',(7.951780679798E0,6.175687813678E0,-1.083723750697E1));
#7523=VERTEX_POINT('',#7521);
#7524=VERTEX_POINT('',#7522);
#7525=CARTESIAN_POINT('',(8.133986162981E0,6.207380857547E0,-1.083794179683E1));
#7526=VERTEX_POINT('',#7525);
#7527=CARTESIAN_POINT('',(8.128020666299E0,6.130548519127E0,-1.083623441154E1));
#7528=VERTEX_POINT('',#7527);
#7529=CARTESIAN_POINT('',(8.103515294083E0,6.064660473426E0,-1.083477023274E1));
#7530=VERTEX_POINT('',#7529);
#7531=CARTESIAN_POINT('',(8.060474777799E0,6.009612669193E0,-1.083354694820E1));
#7532=VERTEX_POINT('',#7531);
#7533=CARTESIAN_POINT('',(7.999244462888E0,5.968413130971E0,-1.083263140291E1));
#7534=VERTEX_POINT('',#7533);
#7535=CARTESIAN_POINT('',(7.920269041888E0,5.943691516240E0,-1.083208203369E1));
#7536=VERTEX_POINT('',#7535);
#7537=CARTESIAN_POINT('',(7.823543783737E0,5.935447825002E0,-1.083189884056E1));
#7538=VERTEX_POINT('',#7537);
#7539=CARTESIAN_POINT('',(7.726861102734E0,5.943757730345E0,-1.083208350512E1));
#7540=VERTEX_POINT('',#7539);
#7541=CARTESIAN_POINT('',(7.644668760275E0,5.968692177075E0,-1.083263760394E1));
#7542=VERTEX_POINT('',#7541);
#7543=CARTESIAN_POINT('',(7.576966756362E0,6.010246435296E0,-1.083356103190E1));
#7544=VERTEX_POINT('',#7543);
#7545=CARTESIAN_POINT('',(7.525169590621E0,6.064528044815E0,-1.083476728988E1));
#7546=VERTEX_POINT('',#7545);
#7547=CARTESIAN_POINT('',(7.490720146652E0,6.127332391676E0,-1.083616294204E1));
#7548=VERTEX_POINT('',#7547);
#7549=CARTESIAN_POINT('',(7.473618424855E0,6.198796634788E0,-1.083775103633E1));
#7550=VERTEX_POINT('',#7549);
#7551=CARTESIAN_POINT('',(7.472329290741E0,6.240294137890E0,-1.083867320306E1));
#7552=VERTEX_POINT('',#7551);
#7553=CARTESIAN_POINT('',(7.477076615222E0,6.278112012797E0,-1.083951360028E1));
#7554=VERTEX_POINT('',#7553);
#7555=CARTESIAN_POINT('',(7.488629147707E0,6.312344851374E0,-1.084027433003E1));
#7556=VERTEX_POINT('',#7555);
#7557=CARTESIAN_POINT('',(7.506000523582E0,6.342585908398E0,-1.084094635352E1));
#7558=VERTEX_POINT('',#7557);
#7559=CARTESIAN_POINT('',(7.528386512082E0,6.368825724079E0,-1.084152946054E1));
#7560=VERTEX_POINT('',#7559);
#7561=CARTESIAN_POINT('',(7.555716152093E0,6.391111595356E0,-1.084202470212E1));
#7562=VERTEX_POINT('',#7561);
#7563=CARTESIAN_POINT('',(7.591627402702E0,6.413047476126E0,-1.084251216614E1));
#7564=VERTEX_POINT('',#7563);
#7565=CARTESIAN_POINT('',(7.639729839424E0,6.438298806109E0,-1.084307330680E1));
#7566=VERTEX_POINT('',#7565);
#7567=CARTESIAN_POINT('',(7.757750515020E0,6.494372790722E0,-1.084431939535E1));
#7568=CARTESIAN_POINT('',(7.798002373972E0,6.516261518630E0,-1.084480581153E1));
#7569=VERTEX_POINT('',#7567);
#7570=VERTEX_POINT('',#7568);
#7571=CARTESIAN_POINT('',(7.820766823748E0,6.532512421243E0,-1.084516694269E1));
#7572=VERTEX_POINT('',#7571);
#7573=CARTESIAN_POINT('',(7.837073776907E0,6.552338900797E0,-1.084560753113E1));
#7574=VERTEX_POINT('',#7573);
#7575=CARTESIAN_POINT('',(7.845660118560E0,6.574908548073E0,-1.084610907885E1));
#7576=VERTEX_POINT('',#7575);
#7577=CARTESIAN_POINT('',(7.846397329897E0,6.600178796026E0,-1.084667063991E1));
#7578=VERTEX_POINT('',#7577);
#7579=VERTEX_POINT('',#295);
#7580=CARTESIAN_POINT('',(7.822299592304E0,6.655486728392E0,-1.084789970508E1));
#7581=VERTEX_POINT('',#7580);
#7582=CARTESIAN_POINT('',(7.797169758840E0,6.678742167799E0,-1.084841649262E1));
#7583=VERTEX_POINT('',#7582);
#7584=CARTESIAN_POINT('',(7.762540545755E0,6.696752481122E0,-1.084881672180E1));
#7585=VERTEX_POINT('',#7584);
#7586=CARTESIAN_POINT('',(7.717536761165E0,6.707592722589E0,-1.084905761606E1));
#7587=VERTEX_POINT('',#7586);
#7588=CARTESIAN_POINT('',(7.662158405075E0,6.711215595263E0,-1.084913812434E1));
#7589=VERTEX_POINT('',#7588);
#7590=CARTESIAN_POINT('',(7.597592899781E0,6.705899525984E0,-1.084901998947E1));
#7591=VERTEX_POINT('',#7590);
#7592=CARTESIAN_POINT('',(7.549395847439E0,6.689927669475E0,-1.084866505932E1));
#7593=VERTEX_POINT('',#7592);
#7594=CARTESIAN_POINT('',(7.517666594326E0,6.663248000915E0,-1.084807217780E1));
#7595=VERTEX_POINT('',#7594);
#7596=CARTESIAN_POINT('',(7.506142446609E0,6.637623032561E0,-1.084750273406E1));
#7597=VERTEX_POINT('',#7596);
#7598=CARTESIAN_POINT('',(7.500777757071E0,6.599757861923E0,-1.084666128582E1));
#7599=VERTEX_POINT('',#7598);
#7600=CARTESIAN_POINT('',(7.501471602679E0,6.549699784330E0,-1.084554888410E1));
#7601=VERTEX_POINT('',#7600);
#7602=CARTESIAN_POINT('',(7.324353270389E0,6.558917773191E0,-1.084575372829E1));
#7603=VERTEX_POINT('',#7602);
#7604=CARTESIAN_POINT('',(7.320412541805E0,6.616831714771E0,-1.084704070477E1));
#7605=VERTEX_POINT('',#7604);
#7606=CARTESIAN_POINT('',(7.325337269873E0,6.669997138667E0,-1.084822215864E1));
#7607=VERTEX_POINT('',#7606);
#7608=CARTESIAN_POINT('',(7.339051762817E0,6.718551203788E0,-1.084930113786E1));
#7609=VERTEX_POINT('',#7608);
#7610=CARTESIAN_POINT('',(7.363121904625E0,6.761434479229E0,-1.085025409954E1));
#7611=VERTEX_POINT('',#7610);
#7612=CARTESIAN_POINT('',(7.399132501514E0,6.797526050276E0,-1.085105613445E1));
#7613=VERTEX_POINT('',#7612);
#7614=CARTESIAN_POINT('',(7.447055169119E0,6.826863753677E0,-1.085170808342E1));
#7615=VERTEX_POINT('',#7614);
#7616=CARTESIAN_POINT('',(7.504713754997E0,6.848511128957E0,-1.085218913620E1));
#7617=VERTEX_POINT('',#7616);
#7618=CARTESIAN_POINT('',(7.570267990432E0,6.861493878492E0,-1.085247764174E1));
#7619=VERTEX_POINT('',#7618);
#7620=CARTESIAN_POINT('',(7.643680029730E0,6.865821461670E0,-1.085257381026E1));
#7621=VERTEX_POINT('',#7620);
#7622=CARTESIAN_POINT('',(7.748740898910E0,6.856456855718E0,-1.085236570790E1));
#7623=VERTEX_POINT('',#7622);
#7624=CARTESIAN_POINT('',(7.839368198675E0,6.828334658896E0,-1.085174077020E1));
#7625=VERTEX_POINT('',#7624);
#7626=CARTESIAN_POINT('',(7.915647082925E0,6.781393387396E0,-1.085069763083E1));
#7627=VERTEX_POINT('',#7626);
#7628=CARTESIAN_POINT('',(7.974715436969E0,6.721351126226E0,-1.084936335836E1));
#7629=VERTEX_POINT('',#7628);
#7630=CARTESIAN_POINT('',(8.013701686407E0,6.653533404056E0,-1.084785629787E1));
#7631=VERTEX_POINT('',#7630);
#7632=CARTESIAN_POINT('',(8.032591638053E0,6.577982787524E0,-1.084617739528E1));
#7633=VERTEX_POINT('',#7632);
#7634=CARTESIAN_POINT('',(8.032311734612E0,6.517718234969E0,-1.084483818300E1));
#7635=VERTEX_POINT('',#7634);
#7636=VERTEX_POINT('',#380);
#7637=CARTESIAN_POINT('',(7.986868776997E0,6.420231737265E0,-1.084267181638E1));
#7638=VERTEX_POINT('',#7637);
#7639=CARTESIAN_POINT('',(7.949472065243E0,6.389621771764E0,-1.084199159493E1));
#7640=VERTEX_POINT('',#7639);
#7641=CARTESIAN_POINT('',(7.887593635782E0,6.353482904582E0,-1.084118850899E1));
#7642=VERTEX_POINT('',#7641);
#7643=CARTESIAN_POINT('',(7.743611729416E0,6.283912695186E0,-1.083964250434E1));
#7644=CARTESIAN_POINT('',(7.701863730981E0,6.260390204564E0,-1.083911978232E1));
#7645=VERTEX_POINT('',#7643);
#7646=VERTEX_POINT('',#7644);
#7647=CARTESIAN_POINT('',(7.675939128875E0,6.241102899246E0,-1.083869117554E1));
#7648=VERTEX_POINT('',#7647);
#7649=CARTESIAN_POINT('',(7.661212251679E0,6.222818268910E0,-1.083828485042E1));
#7650=VERTEX_POINT('',#7649);
#7651=CARTESIAN_POINT('',(7.653529486270E0,6.201511424748E0,-1.083781136499E1));
#7652=VERTEX_POINT('',#7651);
#7653=CARTESIAN_POINT('',(7.652989390476E0,6.177215474016E0,-1.083727145498E1));
#7654=VERTEX_POINT('',#7653);
#7655=CARTESIAN_POINT('',(7.659395637068E0,6.151368214678E0,-1.083669707144E1));
#7656=VERTEX_POINT('',#7655);
#7657=CARTESIAN_POINT('',(7.672868861107E0,6.128689786656E0,-1.083619310637E1));
#7658=VERTEX_POINT('',#7657);
#7659=CARTESIAN_POINT('',(7.693353081499E0,6.109123435234E0,-1.083575829856E1));
#7660=VERTEX_POINT('',#7659);
#7661=CARTESIAN_POINT('',(7.721756605147E0,6.094116416961E0,-1.083542480927E1));
#7662=VERTEX_POINT('',#7661);
#7663=CARTESIAN_POINT('',(7.759323624295E0,6.085106530606E0,-1.083522458957E1));
#7664=VERTEX_POINT('',#7663);
#7665=CARTESIAN_POINT('',(7.805959523719E0,6.082103235154E0,-1.083515784967E1));
#7666=VERTEX_POINT('',#7665);
#7667=CARTESIAN_POINT('',(7.853248268758E0,6.085938940229E0,-1.083524308756E1));
#7668=VERTEX_POINT('',#7667);
#7669=CARTESIAN_POINT('',(7.891207941561E0,6.097403488411E0,-1.083549785530E1));
#7670=VERTEX_POINT('',#7669);
#7671=CARTESIAN_POINT('',(7.919890580611E0,6.116459043357E0,-1.083592131207E1));
#7672=VERTEX_POINT('',#7671);
#7673=CARTESIAN_POINT('',(7.939887531722E0,6.142694129947E0,-1.083650431400E1));
#7674=VERTEX_POINT('',#7673);
#7675=CARTESIAN_POINT('',(6.214652570160E0,6.101168249487E0,-1.083558151666E1));
#7676=CARTESIAN_POINT('',(6.262632007097E0,5.950752807752E0,-1.083223895128E1));
#7677=VERTEX_POINT('',#7675);
#7678=VERTEX_POINT('',#7676);
#7679=CARTESIAN_POINT('',(5.595447233818E0,5.950752807752E0,-1.083223895128E1));
#7680=VERTEX_POINT('',#7679);
#7681=CARTESIAN_POINT('',(5.307296227855E0,6.850530667800E0,-1.085223401484E1));
#7682=VERTEX_POINT('',#7681);
#7683=CARTESIAN_POINT('',(6.010321290331E0,6.850530667800E0,-1.085223401484E1));
#7684=VERTEX_POINT('',#7683);
#7685=CARTESIAN_POINT('',(6.058910996334E0,6.700115226065E0,-1.084889144947E1));
#7686=VERTEX_POINT('',#7685);
#7687=CARTESIAN_POINT('',(5.535267149243E0,6.700115226065E0,-1.084889144947E1));
#7688=VERTEX_POINT('',#7687);
#7689=CARTESIAN_POINT('',(5.618821952458E0,6.455836159702E0,-1.084346302577E1));
#7690=VERTEX_POINT('',#7689);
#7691=CARTESIAN_POINT('',(6.084854521383E0,6.455836159702E0,-1.084346302577E1));
#7692=VERTEX_POINT('',#7691);
#7693=CARTESIAN_POINT('',(6.132833958320E0,6.305420717967E0,-1.084012046040E1));
#7694=VERTEX_POINT('',#7693);
#7695=CARTESIAN_POINT('',(5.667023735463E0,6.305420717967E0,-1.084012046040E1));
#7696=VERTEX_POINT('',#7695);
#7697=CARTESIAN_POINT('',(5.732710432605E0,6.101168249487E0,-1.083558151666E1));
#7698=VERTEX_POINT('',#7697);
#7699=CARTESIAN_POINT('',(9.939483314223E0,6.850530667800E0,-1.085223401484E1));
#7700=CARTESIAN_POINT('',(1.022740724366E1,5.950752807752E0,-1.083223895128E1));
#7701=VERTEX_POINT('',#7699);
#7702=VERTEX_POINT('',#7700);
#7703=CARTESIAN_POINT('',(1.005557160092E1,5.950752807752E0,-1.083223895128E1));
#7704=VERTEX_POINT('',#7703);
#7705=CARTESIAN_POINT('',(9.862598892173E0,6.552844967781E0,-1.084561877706E1));
#7706=VERTEX_POINT('',#7705);
#7707=CARTESIAN_POINT('',(9.685937867243E0,5.950752807752E0,-1.083223895128E1));
#7708=VERTEX_POINT('',#7707);
#7709=CARTESIAN_POINT('',(9.512839110026E0,5.950752807752E0,-1.083223895128E1));
#7710=VERTEX_POINT('',#7709);
#7711=CARTESIAN_POINT('',(9.224929372972E0,6.850530667800E0,-1.085223401484E1));
#7712=VERTEX_POINT('',#7711);
#7713=CARTESIAN_POINT('',(9.397380015239E0,6.850530667800E0,-1.085223401484E1));
#7714=VERTEX_POINT('',#7713);
#7715=CARTESIAN_POINT('',(9.591043416088E0,6.245927090422E0,-1.083879837979E1));
#7716=VERTEX_POINT('',#7715);
#7717=CARTESIAN_POINT('',(9.766810326094E0,6.850530667800E0,-1.085223401484E1));
#7718=VERTEX_POINT('',#7717);
#7719=CARTESIAN_POINT('',(4.966198479538E0,5.952433392042E0,-1.083227629760E1));
#7720=CARTESIAN_POINT('',(4.992960427435E0,5.953593720266E0,-1.083230208267E1));
#7721=VERTEX_POINT('',#7719);
#7722=VERTEX_POINT('',#7720);
#7723=CARTESIAN_POINT('',(4.923091732398E0,5.951276216544E0,-1.083225058259E1));
#7724=VERTEX_POINT('',#7723);
#7725=CARTESIAN_POINT('',(4.863611801246E0,5.950811139436E0,-1.083224024754E1));
#7726=VERTEX_POINT('',#7725);
#7727=CARTESIAN_POINT('',(4.621169463959E0,5.950752807752E0,-1.083223895128E1));
#7728=VERTEX_POINT('',#7727);
#7729=CARTESIAN_POINT('',(4.332592688910E0,6.850530667800E0,-1.085223401484E1));
#7730=VERTEX_POINT('',#7729);
#7731=CARTESIAN_POINT('',(4.649852103408E0,6.850530667800E0,-1.085223401484E1));
#7732=VERTEX_POINT('',#7731);
#7733=CARTESIAN_POINT('',(4.722951911887E0,6.849304913451E0,-1.085220677585E1));
#7734=VERTEX_POINT('',#7733);
#7735=CARTESIAN_POINT('',(4.782597419769E0,6.844609209776E0,-1.085210242688E1));
#7736=VERTEX_POINT('',#7735);
#7737=CARTESIAN_POINT('',(4.828835934473E0,6.837126983759E0,-1.085193615519E1));
#7738=VERTEX_POINT('',#7737);
#7739=CARTESIAN_POINT('',(4.894768631583E0,6.817636305830E0,-1.085150302902E1));
#7740=VERTEX_POINT('',#7739);
#7741=CARTESIAN_POINT('',(4.953075332412E0,6.792233628863E0,-1.085093852509E1));
#7742=VERTEX_POINT('',#7741);
#7743=CARTESIAN_POINT('',(5.003708729555E0,6.760876386217E0,-1.085024169747E1));
#7744=VERTEX_POINT('',#7743);
#7745=CARTESIAN_POINT('',(5.062147891691E0,6.711551396889E0,-1.084914558660E1));
#7746=VERTEX_POINT('',#7745);
#7747=CARTESIAN_POINT('',(5.115364287721E0,6.651939529210E0,-1.084782087843E1));
#7748=VERTEX_POINT('',#7747);
#7749=CARTESIAN_POINT('',(5.163400493994E0,6.581950921211E0,-1.084626557603E1));
#7750=VERTEX_POINT('',#7749);
#7751=CARTESIAN_POINT('',(5.202949704484E0,6.503269309707E0,-1.084451709577E1));
#7752=VERTEX_POINT('',#7751);
#7753=CARTESIAN_POINT('',(5.231069382077E0,6.417218982827E0,-1.084260486629E1));
#7754=VERTEX_POINT('',#7753);
#7755=CARTESIAN_POINT('',(5.247660181292E0,6.323851965795E0,-1.084053004368E1));
#7756=VERTEX_POINT('',#7755);
#7757=CARTESIAN_POINT('',(5.250943333605E0,6.280055877746E0,-1.083955679728E1));
#7758=VERTEX_POINT('',#7757);
#7759=CARTESIAN_POINT('',(5.250809295210E0,6.238681344673E0,-1.083863736321E1));
#7760=VERTEX_POINT('',#7759);
#7761=CARTESIAN_POINT('',(5.247248604589E0,6.199633773905E0,-1.083776963942E1));
#7762=VERTEX_POINT('',#7761);
#7763=CARTESIAN_POINT('',(5.240540377335E0,6.163230049500E0,-1.083696066777E1));
#7764=VERTEX_POINT('',#7763);
#7765=CARTESIAN_POINT('',(5.230847036212E0,6.129810701771E0,-1.083621801559E1));
#7766=VERTEX_POINT('',#7765);
#7767=CARTESIAN_POINT('',(5.218178042540E0,6.099290598643E0,-1.083553979108E1));
#7768=VERTEX_POINT('',#7767);
#7769=CARTESIAN_POINT('',(5.202807781456E0,6.071617713685E0,-1.083492483808E1));
#7770=VERTEX_POINT('',#7769);
#7771=CARTESIAN_POINT('',(5.184930213657E0,6.046782588715E0,-1.083437294641E1));
#7772=VERTEX_POINT('',#7771);
#7773=CARTESIAN_POINT('',(5.164460185649E0,6.024695360557E0,-1.083388211912E1));
#7774=VERTEX_POINT('',#7773);
#7775=CARTESIAN_POINT('',(5.141814004795E0,6.005545213747E0,-1.083345656031E1));
#7776=VERTEX_POINT('',#7775);
#7777=CARTESIAN_POINT('',(5.117038979306E0,5.989516602118E0,-1.083310036894E1));
#7778=VERTEX_POINT('',#7777);
#7779=CARTESIAN_POINT('',(5.090201338830E0,5.976524393598E0,-1.083281165319E1));
#7780=VERTEX_POINT('',#7779);
#7781=CARTESIAN_POINT('',(5.060686085055E0,5.966327377621E0,-1.083258505284E1));
#7782=VERTEX_POINT('',#7781);
#7783=CARTESIAN_POINT('',(5.028256678517E0,5.958778937499E0,-1.083241730972E1));
#7784=VERTEX_POINT('',#7783);
#7785=CARTESIAN_POINT('',(4.865508838696E0,6.099290598643E0,-1.083553979108E1));
#7786=CARTESIAN_POINT('',(4.758229239924E0,6.099290598643E0,-1.083553979108E1));
#7787=VERTEX_POINT('',#7785);
#7788=VERTEX_POINT('',#7786);
#7789=CARTESIAN_POINT('',(4.914325621625E0,6.100534482982E0,-1.083556743296E1));
#7790=VERTEX_POINT('',#7789);
#7791=CARTESIAN_POINT('',(4.951788563831E0,6.104251947924E0,-1.083565004329E1));
#7792=VERTEX_POINT('',#7791);
#7793=CARTESIAN_POINT('',(4.977855088966E0,6.110386237946E0,-1.083578636084E1));
#7794=VERTEX_POINT('',#7793);
#7795=CARTESIAN_POINT('',(5.005000228798E0,6.124631790596E0,-1.083610292868E1));
#7796=VERTEX_POINT('',#7795);
#7797=CARTESIAN_POINT('',(5.028076909402E0,6.146000119771E0,-1.083657778044E1));
#7798=VERTEX_POINT('',#7797);
#7799=CARTESIAN_POINT('',(5.047198668634E0,6.174495954563E0,-1.083721102121E1));
#7800=VERTEX_POINT('',#7799);
#7801=CARTESIAN_POINT('',(5.060307623777E0,6.211850328725E0,-1.083804111842E1));
#7802=VERTEX_POINT('',#7801);
#7803=CARTESIAN_POINT('',(5.065289120975E0,6.259822652566E0,-1.083910717006E1));
#7804=VERTEX_POINT('',#7803);
#7805=CARTESIAN_POINT('',(5.062190468843E0,6.318417656382E0,-1.084040928125E1));
#7806=VERTEX_POINT('',#7805);
#7807=CARTESIAN_POINT('',(5.050037128814E0,6.389976491762E0,-1.084199947759E1));
#7808=VERTEX_POINT('',#7807);
#7809=CARTESIAN_POINT('',(5.030271985291E0,6.455079423973E0,-1.084344620942E1));
#7810=VERTEX_POINT('',#7809);
#7811=CARTESIAN_POINT('',(5.002947075937E0,6.513669698297E0,-1.084474821552E1));
#7812=VERTEX_POINT('',#7811);
#7813=CARTESIAN_POINT('',(4.970380477436E0,6.565127736706E0,-1.084589172748E1));
#7814=VERTEX_POINT('',#7813);
#7815=CARTESIAN_POINT('',(4.934819303340E0,6.609273815262E0,-1.084687275145E1));
#7816=VERTEX_POINT('',#7815);
#7817=CARTESIAN_POINT('',(4.896206784516E0,6.646060637426E0,-1.084769023639E1));
#7818=VERTEX_POINT('',#7817);
#7819=CARTESIAN_POINT('',(4.867680260880E0,6.666620204844E0,-1.084814711566E1));
#7820=VERTEX_POINT('',#7819);
#7821=CARTESIAN_POINT('',(4.837966314541E0,6.682284637488E0,-1.084849521417E1));
#7822=VERTEX_POINT('',#7821);
#7823=CARTESIAN_POINT('',(4.807159561116E0,6.693210011433E0,-1.084873800025E1));
#7824=VERTEX_POINT('',#7823);
#7825=CARTESIAN_POINT('',(4.769597272630E0,6.700190899557E0,-1.084889313110E1));
#7826=VERTEX_POINT('',#7825);
#7827=CARTESIAN_POINT('',(4.719928951927E0,6.704381324631E0,-1.084898625166E1));
#7828=VERTEX_POINT('',#7827);
#7829=CARTESIAN_POINT('',(4.658007945317E0,6.705776556358E0,-1.084901725681E1));
#7830=VERTEX_POINT('',#7829);
#7831=CARTESIAN_POINT('',(4.564121147345E0,6.705776556358E0,-1.084901725681E1));
#7832=VERTEX_POINT('',#7831);
#7833=CARTESIAN_POINT('',(8.639109057978E0,6.146714041635E0,-1.081658870771E1));
#7834=VERTEX_POINT('',#7833);
#7835=CARTESIAN_POINT('',(8.568899747752E0,6.217043180752E0,-1.081815157747E1));
#7836=VERTEX_POINT('',#7835);
#7837=CARTESIAN_POINT('',(8.512031200257E0,6.303992131763E0,-1.082008377638E1));
#7838=VERTEX_POINT('',#7837);
#7839=CARTESIAN_POINT('',(8.473342989261E0,6.396432146904E0,-1.082213799894E1));
#7840=VERTEX_POINT('',#7839);
#7841=CARTESIAN_POINT('',(8.452939191703E0,6.494415252607E0,-1.082431540128E1));
#7842=VERTEX_POINT('',#7841);
#7843=CARTESIAN_POINT('',(8.452761788253E0,6.552863638529E0,-1.082561425431E1));
#7844=VERTEX_POINT('',#7843);
#7845=CARTESIAN_POINT('',(8.465821069921E0,6.604610182832E0,-1.082676417751E1));
#7846=VERTEX_POINT('',#7845);
#7847=CARTESIAN_POINT('',(8.492237671564E0,6.649650155623E0,-1.082776506580E1));
#7848=VERTEX_POINT('',#7847);
#7849=CARTESIAN_POINT('',(8.530008113936E0,6.684422168436E0,-1.082853777719E1));
#7850=VERTEX_POINT('',#7849);
#7851=CARTESIAN_POINT('',(8.577192782031E0,6.705317537480E0,-1.082900211873E1));
#7852=VERTEX_POINT('',#7851);
#7853=CARTESIAN_POINT('',(8.633843714725E0,6.712293696514E0,-1.082915714448E1));
#7854=VERTEX_POINT('',#7853);
#7855=CARTESIAN_POINT('',(8.683705996524E0,6.706783713206E0,-1.082903470041E1));
#7856=VERTEX_POINT('',#7855);
#7857=CARTESIAN_POINT('',(8.733520971319E0,6.690286871743E0,-1.082866810393E1));
#7858=VERTEX_POINT('',#7857);
#7859=CARTESIAN_POINT('',(8.783293368561E0,6.662855196545E0,-1.082805851115E1));
#7860=VERTEX_POINT('',#7859);
#7861=CARTESIAN_POINT('',(8.830984228983E0,6.624294774790E0,-1.082720161289E1));
#7862=VERTEX_POINT('',#7861);
#7863=CARTESIAN_POINT('',(8.874582975663E0,6.574378585196E0,-1.082609236423E1));
#7864=VERTEX_POINT('',#7863);
#7865=CARTESIAN_POINT('',(8.914188955288E0,6.513054602539E0,-1.082472960906E1));
#7866=VERTEX_POINT('',#7865);
#7867=CARTESIAN_POINT('',(8.946566323353E0,6.446783459482E0,-1.082325691699E1));
#7868=VERTEX_POINT('',#7867);
#7869=CARTESIAN_POINT('',(8.968852965973E0,6.381628501645E0,-1.082180902904E1));
#7870=VERTEX_POINT('',#7869);
#7871=CARTESIAN_POINT('',(8.980996844277E0,6.317594458923E0,-1.082038605031E1));
#7872=VERTEX_POINT('',#7871);
#7873=CARTESIAN_POINT('',(8.981961920714E0,6.251890867461E0,-1.081892597050E1));
#7874=VERTEX_POINT('',#7873);
#7875=CARTESIAN_POINT('',(8.969132080969E0,6.196374832589E0,-1.081769228084E1));
#7876=VERTEX_POINT('',#7875);
#7877=CARTESIAN_POINT('',(8.942554633251E0,6.151051083799E0,-1.081668508642E1));
#7878=VERTEX_POINT('',#7877);
#7879=CARTESIAN_POINT('',(8.904717960429E0,6.117385797220E0,-1.081593696894E1));
#7880=VERTEX_POINT('',#7879);
#7881=CARTESIAN_POINT('',(8.858451060961E0,6.097214057054E0,-1.081548870805E1));
#7882=VERTEX_POINT('',#7881);
#7883=CARTESIAN_POINT('',(8.803649858310E0,6.090498026154E0,-1.081533946292E1));
#7884=VERTEX_POINT('',#7883);
#7885=CARTESIAN_POINT('',(8.717360671854E0,6.104544935685E0,-1.081565161646E1));
#7886=VERTEX_POINT('',#7885);
#7887=CARTESIAN_POINT('',(6.805246228769E0,6.090857475645E0,-1.081534745069E1));
#7888=CARTESIAN_POINT('',(6.748661527333E0,6.106356372022E0,-1.081569187061E1));
#7889=VERTEX_POINT('',#7887);
#7890=VERTEX_POINT('',#7888);
#7891=CARTESIAN_POINT('',(6.694158362717E0,6.132189442480E0,-1.081626593884E1));
#7892=VERTEX_POINT('',#7891);
#7893=CARTESIAN_POINT('',(6.643799350315E0,6.169014101390E0,-1.081708426459E1));
#7894=VERTEX_POINT('',#7893);
#7895=CARTESIAN_POINT('',(6.599405834590E0,6.217095206379E0,-1.081815273359E1));
#7896=VERTEX_POINT('',#7895);
#7897=CARTESIAN_POINT('',(6.560930508139E0,6.276536808700E0,-1.081947365809E1));
#7898=VERTEX_POINT('',#7897);
#7899=CARTESIAN_POINT('',(6.529934523876E0,6.343498473380E0,-1.082096169508E1));
#7900=VERTEX_POINT('',#7899);
#7901=CARTESIAN_POINT('',(6.507941189034E0,6.414466108495E0,-1.082253875364E1));
#7902=VERTEX_POINT('',#7901);
#7903=CARTESIAN_POINT('',(6.494907926469E0,6.489387688416E0,-1.082420367764E1));
#7904=VERTEX_POINT('',#7903);
#7905=CARTESIAN_POINT('',(6.492930466185E0,6.558600642314E0,-1.082574174328E1));
#7906=VERTEX_POINT('',#7905);
#7907=CARTESIAN_POINT('',(6.503877460463E0,6.614589637318E0,-1.082698594317E1));
#7908=VERTEX_POINT('',#7907);
#7909=CARTESIAN_POINT('',(6.527744179047E0,6.657397239266E0,-1.082793722321E1));
#7910=VERTEX_POINT('',#7909);
#7911=CARTESIAN_POINT('',(6.564067006359E0,6.687576811276E0,-1.082860788037E1));
#7912=VERTEX_POINT('',#7911);
#7913=CARTESIAN_POINT('',(6.612405981729E0,6.705648609613E0,-1.082900947588E1));
#7914=VERTEX_POINT('',#7913);
#7915=CARTESIAN_POINT('',(6.672794219786E0,6.711659930009E0,-1.082914306078E1));
#7916=VERTEX_POINT('',#7915);
#7917=CARTESIAN_POINT('',(6.712972622589E0,6.709772820179E0,-1.082910112501E1));
#7918=VERTEX_POINT('',#7917);
#7919=CARTESIAN_POINT('',(6.754300601205E0,6.704116219380E0,-1.082897542277E1));
#7920=VERTEX_POINT('',#7919);
#7921=CARTESIAN_POINT('',(6.796834925569E0,6.694694857906E0,-1.082876605918E1));
#7922=VERTEX_POINT('',#7921);
#7923=CARTESIAN_POINT('',(6.837968943087E0,6.682828293592E0,-1.082850235775E1));
#7924=VERTEX_POINT('',#7923);
#7925=CARTESIAN_POINT('',(6.875465000718E0,6.669419880058E0,-1.082820439301E1));
#7926=VERTEX_POINT('',#7925);
#7927=CARTESIAN_POINT('',(6.909256868015E0,6.654474346799E0,-1.082787227004E1));
#7928=VERTEX_POINT('',#7927);
#7929=CARTESIAN_POINT('',(6.951795923037E0,6.520815875062E0,-1.082490208178E1));
#7930=VERTEX_POINT('',#7929);
#7931=CARTESIAN_POINT('',(6.722131387024E0,6.520815875062E0,-1.082490208178E1));
#7932=VERTEX_POINT('',#7931);
#7933=CARTESIAN_POINT('',(6.770295323939E0,6.370400433327E0,-1.082155951641E1));
#7934=VERTEX_POINT('',#7933);
#7935=CARTESIAN_POINT('',(7.173063348234E0,6.370400433327E0,-1.082155951641E1));
#7936=VERTEX_POINT('',#7935);
#7937=CARTESIAN_POINT('',(7.048965873321E0,6.756496530188E0,-1.083013942968E1));
#7938=VERTEX_POINT('',#7937);
#7939=CARTESIAN_POINT('',(6.994609362797E0,6.785540998202E0,-1.083078486230E1));
#7940=VERTEX_POINT('',#7939);
#7941=CARTESIAN_POINT('',(6.933464201788E0,6.811520686555E0,-1.083136218871E1));
#7942=VERTEX_POINT('',#7941);
#7943=CARTESIAN_POINT('',(6.865525659626E0,6.834421405561E0,-1.083187109357E1));
#7944=VERTEX_POINT('',#7943);
#7945=CARTESIAN_POINT('',(6.794195157547E0,6.852086458273E0,-1.083226365030E1));
#7946=VERTEX_POINT('',#7945);
#7947=CARTESIAN_POINT('',(6.722765309592E0,6.862713867741E0,-1.083249981495E1));
#7948=VERTEX_POINT('',#7947);
#7949=CARTESIAN_POINT('',(6.651188807946E0,6.866265796416E0,-1.083257874670E1));
#7950=VERTEX_POINT('',#7949);
#7951=CARTESIAN_POINT('',(6.549505706302E0,6.857884947072E0,-1.083239250561E1));
#7952=VERTEX_POINT('',#7951);
#7953=CARTESIAN_POINT('',(6.466958556269E0,6.832747127329E0,-1.083183388739E1));
#7954=VERTEX_POINT('',#7953);
#7955=CARTESIAN_POINT('',(6.403495319380E0,6.790852338391E0,-1.083090289208E1));
#7956=VERTEX_POINT('',#7955);
#7957=CARTESIAN_POINT('',(6.344848003361E0,6.711811277396E0,-1.082914642406E1));
#7958=VERTEX_POINT('',#7957);
#7959=CARTESIAN_POINT('',(6.315398980035E0,6.612139704983E0,-1.082693150023E1));
#7960=VERTEX_POINT('',#7959);
#7961=CARTESIAN_POINT('',(6.315272826412E0,6.491899105765E0,-1.082425948691E1));
#7962=VERTEX_POINT('',#7961);
#7963=CARTESIAN_POINT('',(6.330665164581E0,6.405579191766E0,-1.082234126660E1));
#7964=VERTEX_POINT('',#7963);
#7965=CARTESIAN_POINT('',(6.357389266390E0,6.321728128475E0,-1.082047790964E1));
#7966=VERTEX_POINT('',#7965);
#7967=CARTESIAN_POINT('',(6.395429362032E0,6.240298619757E0,-1.081866836500E1));
#7968=VERTEX_POINT('',#7967);
#7969=CARTESIAN_POINT('',(6.453106870956E0,6.150975410307E0,-1.081668340479E1));
#7970=VERTEX_POINT('',#7969);
#7971=CARTESIAN_POINT('',(6.520804144209E0,6.076134233371E0,-1.081502026752E1));
#7972=VERTEX_POINT('',#7971);
#7973=CARTESIAN_POINT('',(6.598573219461E0,6.015718333830E0,-1.081367769198E1));
#7974=VERTEX_POINT('',#7973);
#7975=CARTESIAN_POINT('',(6.684942829154E0,5.971368882663E0,-1.081269214862E1));
#7976=VERTEX_POINT('',#7975);
#7977=CARTESIAN_POINT('',(6.778370742609E0,5.944760158103E0,-1.081210084363E1));
#7978=VERTEX_POINT('',#7977);
#7979=CARTESIAN_POINT('',(6.878804922163E0,5.935892159747E0,-1.081190377700E1));
#7980=VERTEX_POINT('',#7979);
#7981=CARTESIAN_POINT('',(6.975009795608E0,5.943932477972E0,-1.081208245074E1));
#7982=VERTEX_POINT('',#7981);
#7983=CARTESIAN_POINT('',(7.055726139043E0,5.968081811213E0,-1.081261910259E1));
#7984=VERTEX_POINT('',#7983);
#7985=CARTESIAN_POINT('',(7.120949221010E0,6.008382725707E0,-1.081351467846E1));
#7986=VERTEX_POINT('',#7985);
#7987=CARTESIAN_POINT('',(7.170423580215E0,6.063964974684E0,-1.081474983955E1));
#7988=VERTEX_POINT('',#7987);
#7989=CARTESIAN_POINT('',(7.204234370551E0,6.134298843696E0,-1.081631281442E1));
#7990=VERTEX_POINT('',#7989);
#7991=CARTESIAN_POINT('',(7.222343745939E0,6.219351225087E0,-1.081820286734E1));
#7992=VERTEX_POINT('',#7991);
#7993=CARTESIAN_POINT('',(7.047698027782E0,6.239035817045E0,-1.081864030272E1));
#7994=VERTEX_POINT('',#7993);
#7995=CARTESIAN_POINT('',(7.034570149995E0,6.192472913409E0,-1.081760557152E1));
#7996=VERTEX_POINT('',#7995);
#7997=CARTESIAN_POINT('',(7.014412352409E0,6.154191537758E0,-1.081675487429E1));
#7998=VERTEX_POINT('',#7997);
#7999=CARTESIAN_POINT('',(6.987130020207E0,6.124238986226E0,-1.081608926203E1));
#8000=VERTEX_POINT('',#7999);
#8001=CARTESIAN_POINT('',(6.952770461196E0,6.102790254467E0,-1.081561262355E1));
#8002=VERTEX_POINT('',#8001);
#8003=CARTESIAN_POINT('',(6.911768904987E0,6.089958851917E0,-1.081532748127E1));
#8004=VERTEX_POINT('',#8003);
#8005=CARTESIAN_POINT('',(6.864035468222E0,6.085692753351E0,-1.081523267908E1));
#8006=VERTEX_POINT('',#8005);
#8007=CARTESIAN_POINT('',(8.835743380316E0,5.935892159747E0,-1.081190377700E1));
#8008=CARTESIAN_POINT('',(8.938599712283E0,5.947418192542E0,-1.081215991106E1));
#8009=VERTEX_POINT('',#8007);
#8010=VERTEX_POINT('',#8008);
#8011=CARTESIAN_POINT('',(9.024647629428E0,5.981991562639E0,-1.081292820817E1));
#8012=VERTEX_POINT('',#8011);
#8013=CARTESIAN_POINT('',(9.093887132560E0,6.039607539339E0,-1.081420856321E1));
#8014=VERTEX_POINT('',#8013);
#8015=CARTESIAN_POINT('',(9.142571453780E0,6.116260152612E0,-1.081591195462E1));
#8016=VERTEX_POINT('',#8015);
#8017=CARTESIAN_POINT('',(9.166627402803E0,6.207910324771E0,-1.081794862511E1));
#8018=VERTEX_POINT('',#8017);
#8019=CARTESIAN_POINT('',(9.166168518688E0,6.314463463950E0,-1.082031647265E1));
#8020=VERTEX_POINT('',#8019);
#8021=CARTESIAN_POINT('',(9.148290950889E0,6.408464247085E0,-1.082240537894E1));
#8022=VERTEX_POINT('',#8021);
#8023=CARTESIAN_POINT('',(9.115800044563E0,6.500331981137E0,-1.082444688414E1));
#8024=VERTEX_POINT('',#8023);
#8025=CARTESIAN_POINT('',(9.068629568446E0,6.590161257571E0,-1.082644309028E1));
#8026=VERTEX_POINT('',#8025);
#8027=CARTESIAN_POINT('',(9.009565945062E0,6.672139399511E0,-1.082826482677E1));
#8028=VERTEX_POINT('',#8027);
#8029=CARTESIAN_POINT('',(8.941400325976E0,6.740434811307E0,-1.082978250259E1));
#8030=VERTEX_POINT('',#8029);
#8031=CARTESIAN_POINT('',(8.864146903968E0,6.795042763063E0,-1.083099601263E1));
#8032=VERTEX_POINT('',#8031);
#8033=CARTESIAN_POINT('',(8.779707447550E0,6.834988957559E0,-1.083188370584E1));
#8034=VERTEX_POINT('',#8033);
#8035=CARTESIAN_POINT('',(8.690452070267E0,6.858925458800E0,-1.083241562809E1));
#8036=VERTEX_POINT('',#8035);
#8037=CARTESIAN_POINT('',(8.596314541665E0,6.866899562920E0,-1.083259283040E1));
#8038=VERTEX_POINT('',#8037);
#8039=CARTESIAN_POINT('',(8.517665543471E0,6.860547711406E0,-1.083245167815E1));
#8040=VERTEX_POINT('',#8039);
#8041=CARTESIAN_POINT('',(8.449372193737E0,6.841539452192E0,-1.083202927239E1));
#8042=VERTEX_POINT('',#8041);
#8043=CARTESIAN_POINT('',(8.391420300477E0,6.809917352322E0,-1.083132655906E1));
#8044=VERTEX_POINT('',#8043);
#8045=CARTESIAN_POINT('',(8.344727631923E0,6.768779299114E0,-1.083041238010E1));
#8046=VERTEX_POINT('',#8045);
#8047=CARTESIAN_POINT('',(8.309696303854E0,6.721587358868E0,-1.082936367031E1));
#8048=VERTEX_POINT('',#8047);
#8049=CARTESIAN_POINT('',(8.286283738723E0,6.668289505958E0,-1.082817927358E1));
#8050=VERTEX_POINT('',#8049);
#8051=CARTESIAN_POINT('',(8.272796322704E0,6.611941061864E0,-1.082692708593E1));
#8052=VERTEX_POINT('',#8051);
#8053=CARTESIAN_POINT('',(8.267223479281E0,6.555166953371E0,-1.082566543908E1));
#8054=VERTEX_POINT('',#8053);
#8055=CARTESIAN_POINT('',(8.269612516674E0,6.497971911176E0,-1.082439443814E1));
#8056=VERTEX_POINT('',#8055);
#8057=CARTESIAN_POINT('',(8.278340781359E0,6.443940970403E0,-1.082319375057E1));
#8058=VERTEX_POINT('',#8057);
#8059=CARTESIAN_POINT('',(8.292637158805E0,6.387909409159E0,-1.082194860476E1));
#8060=VERTEX_POINT('',#8059);
#8061=CARTESIAN_POINT('',(8.312416494709E0,6.329957630833E0,-1.082066078747E1));
#8062=VERTEX_POINT('',#8061);
#8063=CARTESIAN_POINT('',(8.345262208611E0,6.254468498914E0,-1.081898325120E1));
#8064=VERTEX_POINT('',#8063);
#8065=CARTESIAN_POINT('',(8.384693149778E0,6.185912959388E0,-1.081745979477E1));
#8066=VERTEX_POINT('',#8065);
#8067=CARTESIAN_POINT('',(8.430666741869E0,6.124238986226E0,-1.081608926203E1));
#8068=VERTEX_POINT('',#8067);
#8069=CARTESIAN_POINT('',(8.483187714735E0,6.070250612093E0,-1.081488952038E1));
#8070=VERTEX_POINT('',#8069);
#8071=CARTESIAN_POINT('',(8.542246607458E0,6.024368770694E0,-1.081386992391E1));
#8072=VERTEX_POINT('',#8071);
#8073=CARTESIAN_POINT('',(8.607772458526E0,5.986598191921E0,-1.081303057771E1));
#8074=VERTEX_POINT('',#8073);
#8075=CARTESIAN_POINT('',(8.679036729751E0,5.958362485262E0,-1.081240311757E1));
#8076=VERTEX_POINT('',#8075);
#8077=CARTESIAN_POINT('',(8.754993921852E0,5.941496734518E0,-1.081202832310E1));
#8078=VERTEX_POINT('',#8077);
#8079=CARTESIAN_POINT('',(7.951780679798E0,6.176132148424E0,-1.081724244341E1));
#8080=CARTESIAN_POINT('',(7.955612600781E0,6.215775648145E0,-1.081812341007E1));
#8081=VERTEX_POINT('',#8079);
#8082=VERTEX_POINT('',#8080);
#8083=CARTESIAN_POINT('',(7.939887531722E0,6.143138464693E0,-1.081650925044E1));
#8084=VERTEX_POINT('',#8083);
#8085=CARTESIAN_POINT('',(7.919890580611E0,6.116903378102E0,-1.081592624852E1));
#8086=VERTEX_POINT('',#8085);
#8087=CARTESIAN_POINT('',(7.891207941561E0,6.097847823157E0,-1.081550279174E1));
#8088=VERTEX_POINT('',#8087);
#8089=CARTESIAN_POINT('',(7.853248268758E0,6.086383274975E0,-1.081524802400E1));
#8090=VERTEX_POINT('',#8089);
#8091=CARTESIAN_POINT('',(7.805959523719E0,6.082547569900E0,-1.081516278611E1));
#8092=VERTEX_POINT('',#8091);
#8093=CARTESIAN_POINT('',(7.759323624295E0,6.085550865351E0,-1.081522952601E1));
#8094=VERTEX_POINT('',#8093);
#8095=CARTESIAN_POINT('',(7.721756605147E0,6.094560751707E0,-1.081542974571E1));
#8096=VERTEX_POINT('',#8095);
#8097=CARTESIAN_POINT('',(7.693353081499E0,6.109567769980E0,-1.081576323500E1));
#8098=VERTEX_POINT('',#8097);
#8099=CARTESIAN_POINT('',(7.672868861107E0,6.129134121401E0,-1.081619804281E1));
#8100=VERTEX_POINT('',#8099);
#8101=CARTESIAN_POINT('',(7.659395637068E0,6.151812549423E0,-1.081670200788E1));
#8102=VERTEX_POINT('',#8101);
#8103=CARTESIAN_POINT('',(7.652881371317E0,6.177659808761E0,-1.081727639142E1));
#8104=VERTEX_POINT('',#8103);
#8105=CARTESIAN_POINT('',(7.653529486270E0,6.201955759494E0,-1.081781630144E1));
#8106=VERTEX_POINT('',#8105);
#8107=CARTESIAN_POINT('',(7.661212251679E0,6.223262603655E0,-1.081828978686E1));
#8108=VERTEX_POINT('',#8107);
#8109=CARTESIAN_POINT('',(7.675939128875E0,6.241547233992E0,-1.081869611198E1));
#8110=VERTEX_POINT('',#8109);
#8111=CARTESIAN_POINT('',(7.701863730981E0,6.260834539309E0,-1.081912471877E1));
#8112=VERTEX_POINT('',#8111);
#8113=CARTESIAN_POINT('',(7.743611729416E0,6.284357029932E0,-1.081964744078E1));
#8114=VERTEX_POINT('',#8113);
#8115=CARTESIAN_POINT('',(7.887593635782E0,6.353927239328E0,-1.082119344543E1));
#8116=CARTESIAN_POINT('',(7.949472065243E0,6.390066106509E0,-1.082199653137E1));
#8117=VERTEX_POINT('',#8115);
#8118=VERTEX_POINT('',#8116);
#8119=CARTESIAN_POINT('',(7.986868776997E0,6.420676072010E0,-1.082267675283E1));
#8120=VERTEX_POINT('',#8119);
#8121=CARTESIAN_POINT('',(8.017003761363E0,6.465578886294E0,-1.082367459314E1));
#8122=VERTEX_POINT('',#8121);
#8123=CARTESIAN_POINT('',(8.032255753924E0,6.518162569714E0,-1.082484311944E1));
#8124=VERTEX_POINT('',#8123);
#8125=CARTESIAN_POINT('',(8.032591638053E0,6.578427122270E0,-1.082618233172E1));
#8126=VERTEX_POINT('',#8125);
#8127=CARTESIAN_POINT('',(8.013701686407E0,6.653977738801E0,-1.082786123431E1));
#8128=VERTEX_POINT('',#8127);
#8129=CARTESIAN_POINT('',(7.974715436969E0,6.721795460972E0,-1.082936829480E1));
#8130=VERTEX_POINT('',#8129);
#8131=CARTESIAN_POINT('',(7.915647082925E0,6.781837722141E0,-1.083070256727E1));
#8132=VERTEX_POINT('',#8131);
#8133=CARTESIAN_POINT('',(7.839368198675E0,6.828778993642E0,-1.083174570664E1));
#8134=VERTEX_POINT('',#8133);
#8135=CARTESIAN_POINT('',(7.748740898910E0,6.856901190464E0,-1.083237064435E1));
#8136=VERTEX_POINT('',#8135);
#8137=CARTESIAN_POINT('',(7.643680029730E0,6.866265796416E0,-1.083257874670E1));
#8138=VERTEX_POINT('',#8137);
#8139=CARTESIAN_POINT('',(7.570267990432E0,6.861938213237E0,-1.083248257819E1));
#8140=VERTEX_POINT('',#8139);
#8141=CARTESIAN_POINT('',(7.504713754997E0,6.848955463702E0,-1.083219407264E1));
#8142=VERTEX_POINT('',#8141);
#8143=CARTESIAN_POINT('',(7.447055169119E0,6.827308088423E0,-1.083171301986E1));
#8144=VERTEX_POINT('',#8143);
#8145=CARTESIAN_POINT('',(7.399132501514E0,6.797970385022E0,-1.083106107089E1));
#8146=VERTEX_POINT('',#8145);
#8147=CARTESIAN_POINT('',(7.363121904625E0,6.761878813975E0,-1.083025903598E1));
#8148=VERTEX_POINT('',#8147);
#8149=CARTESIAN_POINT('',(7.339051762817E0,6.718995538534E0,-1.082930607431E1));
#8150=VERTEX_POINT('',#8149);
#8151=CARTESIAN_POINT('',(7.325337269873E0,6.670441473413E0,-1.082822709508E1));
#8152=VERTEX_POINT('',#8151);
#8153=CARTESIAN_POINT('',(7.320412541805E0,6.617276049517E0,-1.082704564122E1));
#8154=VERTEX_POINT('',#8153);
#8155=CARTESIAN_POINT('',(7.324353270389E0,6.559362107937E0,-1.082575866474E1));
#8156=VERTEX_POINT('',#8155);
#8157=CARTESIAN_POINT('',(7.501610371801E0,6.550144119075E0,-1.082555382054E1));
#8158=VERTEX_POINT('',#8157);
#8159=CARTESIAN_POINT('',(7.500777757071E0,6.600202196669E0,-1.082666622226E1));
#8160=VERTEX_POINT('',#8159);
#8161=CARTESIAN_POINT('',(7.506142446609E0,6.638067367307E0,-1.082750767050E1));
#8162=VERTEX_POINT('',#8161);
#8163=CARTESIAN_POINT('',(7.517666594326E0,6.663692335661E0,-1.082807711424E1));
#8164=VERTEX_POINT('',#8163);
#8165=CARTESIAN_POINT('',(7.549395847439E0,6.690372004221E0,-1.082866999577E1));
#8166=VERTEX_POINT('',#8165);
#8167=CARTESIAN_POINT('',(7.597592899781E0,6.706343860729E0,-1.082902492591E1));
#8168=VERTEX_POINT('',#8167);
#8169=CARTESIAN_POINT('',(7.662158405075E0,6.711659930009E0,-1.082914306078E1));
#8170=VERTEX_POINT('',#8169);
#8171=CARTESIAN_POINT('',(7.717536761165E0,6.708037057335E0,-1.082906255250E1));
#8172=VERTEX_POINT('',#8171);
#8173=CARTESIAN_POINT('',(7.762540545755E0,6.697196815867E0,-1.082882165825E1));
#8174=VERTEX_POINT('',#8173);
#8175=CARTESIAN_POINT('',(7.797169758840E0,6.679186502545E0,-1.082842142906E1));
#8176=VERTEX_POINT('',#8175);
#8177=CARTESIAN_POINT('',(7.822299592304E0,6.655931063138E0,-1.082790464152E1));
#8178=VERTEX_POINT('',#8177);
#8179=CARTESIAN_POINT('',(7.838772122191E0,6.629748002576E0,-1.082732279573E1));
#8180=VERTEX_POINT('',#8179);
#8181=CARTESIAN_POINT('',(7.846544772164E0,6.600623130772E0,-1.082667557636E1));
#8182=VERTEX_POINT('',#8181);
#8183=CARTESIAN_POINT('',(7.845660118560E0,6.575352882819E0,-1.082611401529E1));
#8184=VERTEX_POINT('',#8183);
#8185=CARTESIAN_POINT('',(7.837073776907E0,6.552783235543E0,-1.082561246757E1));
#8186=VERTEX_POINT('',#8185);
#8187=CARTESIAN_POINT('',(7.820766823748E0,6.532956755988E0,-1.082517187914E1));
#8188=VERTEX_POINT('',#8187);
#8189=CARTESIAN_POINT('',(7.798002373972E0,6.516705853376E0,-1.082481074797E1));
#8190=VERTEX_POINT('',#8189);
#8191=CARTESIAN_POINT('',(7.757750515020E0,6.494817125468E0,-1.082432433179E1));
#8192=VERTEX_POINT('',#8191);
#8193=CARTESIAN_POINT('',(7.639729839424E0,6.438743140855E0,-1.082307824325E1));
#8194=CARTESIAN_POINT('',(7.591627402702E0,6.413491810872E0,-1.082251710258E1));
#8195=VERTEX_POINT('',#8193);
#8196=VERTEX_POINT('',#8194);
#8197=CARTESIAN_POINT('',(7.555716152093E0,6.391555930102E0,-1.082202963856E1));
#8198=VERTEX_POINT('',#8197);
#8199=CARTESIAN_POINT('',(7.528386512082E0,6.369270058825E0,-1.082153439698E1));
#8200=VERTEX_POINT('',#8199);
#8201=CARTESIAN_POINT('',(7.506000523582E0,6.343030243143E0,-1.082095128996E1));
#8202=VERTEX_POINT('',#8201);
#8203=CARTESIAN_POINT('',(7.488629147707E0,6.312789186119E0,-1.082027926647E1));
#8204=VERTEX_POINT('',#8203);
#8205=CARTESIAN_POINT('',(7.477076615222E0,6.278556347543E0,-1.081951853673E1));
#8206=VERTEX_POINT('',#8205);
#8207=CARTESIAN_POINT('',(7.472071463918E0,6.240738472636E0,-1.081867813951E1));
#8208=VERTEX_POINT('',#8207);
#8209=CARTESIAN_POINT('',(7.473618424855E0,6.199240969534E0,-1.081775597277E1));
#8210=VERTEX_POINT('',#8209);
#8211=CARTESIAN_POINT('',(7.490720146652E0,6.127776726422E0,-1.081616787848E1));
#8212=VERTEX_POINT('',#8211);
#8213=CARTESIAN_POINT('',(7.525169590621E0,6.064972379560E0,-1.081477222633E1));
#8214=VERTEX_POINT('',#8213);
#8215=CARTESIAN_POINT('',(7.576966756362E0,6.010690770042E0,-1.081356596834E1));
#8216=VERTEX_POINT('',#8215);
#8217=CARTESIAN_POINT('',(7.644668760275E0,5.969136511821E0,-1.081264254038E1));
#8218=VERTEX_POINT('',#8217);
#8219=CARTESIAN_POINT('',(7.726861102734E0,5.944202065091E0,-1.081208844156E1));
#8220=VERTEX_POINT('',#8219);
#8221=CARTESIAN_POINT('',(7.823543783737E0,5.935892159747E0,-1.081190377700E1));
#8222=VERTEX_POINT('',#8221);
#8223=CARTESIAN_POINT('',(7.920269041888E0,5.944135850986E0,-1.081208697014E1));
#8224=VERTEX_POINT('',#8223);
#8225=CARTESIAN_POINT('',(7.999244462888E0,5.968857465717E0,-1.081263633935E1));
#8226=VERTEX_POINT('',#8225);
#8227=CARTESIAN_POINT('',(8.060474777799E0,6.010057003939E0,-1.081355188465E1));
#8228=VERTEX_POINT('',#8227);
#8229=CARTESIAN_POINT('',(8.103515294083E0,6.065104808172E0,-1.081477516919E1));
#8230=VERTEX_POINT('',#8229);
#8231=CARTESIAN_POINT('',(8.128020666299E0,6.130992853872E0,-1.081623934798E1));
#8232=VERTEX_POINT('',#8231);
#8233=CARTESIAN_POINT('',(8.133986162981E0,6.207825192293E0,-1.081794673328E1));
#8234=VERTEX_POINT('',#8233);
#8235=CARTESIAN_POINT('',(6.262632007097E0,5.951197142497E0,-1.081224388773E1));
#8236=CARTESIAN_POINT('',(6.214652570160E0,6.101612584232E0,-1.081558645310E1));
#8237=VERTEX_POINT('',#8235);
#8238=VERTEX_POINT('',#8236);
#8239=CARTESIAN_POINT('',(5.732710432605E0,6.101612584232E0,-1.081558645310E1));
#8240=VERTEX_POINT('',#8239);
#8241=CARTESIAN_POINT('',(5.667023735463E0,6.305865052712E0,-1.082012539684E1));
#8242=VERTEX_POINT('',#8241);
#8243=CARTESIAN_POINT('',(6.132833958320E0,6.305865052712E0,-1.082012539684E1));
#8244=VERTEX_POINT('',#8243);
#8245=CARTESIAN_POINT('',(6.084854521383E0,6.456280494447E0,-1.082346796221E1));
#8246=VERTEX_POINT('',#8245);
#8247=CARTESIAN_POINT('',(5.618821952458E0,6.456280494447E0,-1.082346796221E1));
#8248=VERTEX_POINT('',#8247);
#8249=CARTESIAN_POINT('',(5.535267149243E0,6.700559560810E0,-1.082889638591E1));
#8250=VERTEX_POINT('',#8249);
#8251=CARTESIAN_POINT('',(6.058910996334E0,6.700559560810E0,-1.082889638591E1));
#8252=VERTEX_POINT('',#8251);
#8253=CARTESIAN_POINT('',(6.010321290331E0,6.850975002546E0,-1.083223895128E1));
#8254=VERTEX_POINT('',#8253);
#8255=CARTESIAN_POINT('',(5.307296227855E0,6.850975002546E0,-1.083223895128E1));
#8256=VERTEX_POINT('',#8255);
#8257=CARTESIAN_POINT('',(5.595447233818E0,5.951197142497E0,-1.081224388773E1));
#8258=VERTEX_POINT('',#8257);
#8259=CARTESIAN_POINT('',(1.022740724366E1,5.951197142497E0,-1.081224388773E1));
#8260=CARTESIAN_POINT('',(9.939483314223E0,6.850975002546E0,-1.083223895128E1));
#8261=VERTEX_POINT('',#8259);
#8262=VERTEX_POINT('',#8260);
#8263=CARTESIAN_POINT('',(9.766810326094E0,6.850975002546E0,-1.083223895128E1));
#8264=VERTEX_POINT('',#8263);
#8265=CARTESIAN_POINT('',(9.591043416088E0,6.246371425168E0,-1.081880331623E1));
#8266=VERTEX_POINT('',#8265);
#8267=CARTESIAN_POINT('',(9.397380015239E0,6.850975002546E0,-1.083223895128E1));
#8268=VERTEX_POINT('',#8267);
#8269=CARTESIAN_POINT('',(9.224929372972E0,6.850975002546E0,-1.083223895128E1));
#8270=VERTEX_POINT('',#8269);
#8271=CARTESIAN_POINT('',(9.512839110026E0,5.951197142497E0,-1.081224388773E1));
#8272=VERTEX_POINT('',#8271);
#8273=CARTESIAN_POINT('',(9.685937867243E0,5.951197142497E0,-1.081224388773E1));
#8274=VERTEX_POINT('',#8273);
#8275=CARTESIAN_POINT('',(9.862598892173E0,6.553289302527E0,-1.082562371351E1));
#8276=VERTEX_POINT('',#8275);
#8277=CARTESIAN_POINT('',(1.005557160092E1,5.951197142497E0,-1.081224388773E1));
#8278=VERTEX_POINT('',#8277);
#8279=CARTESIAN_POINT('',(4.992960427435E0,5.954328137068E0,-1.081231346538E1));
#8280=CARTESIAN_POINT('',(4.966198479538E0,5.952587644731E0,-1.081227478778E1));
#8281=VERTEX_POINT('',#8279);
#8282=VERTEX_POINT('',#8280);
#8283=CARTESIAN_POINT('',(5.028256678517E0,5.959223272245E0,-1.081242224617E1));
#8284=VERTEX_POINT('',#8283);
#8285=CARTESIAN_POINT('',(5.060686085055E0,5.966771712366E0,-1.081258998928E1));
#8286=VERTEX_POINT('',#8285);
#8287=CARTESIAN_POINT('',(5.090201338830E0,5.976968728344E0,-1.081281658963E1));
#8288=VERTEX_POINT('',#8287);
#8289=CARTESIAN_POINT('',(5.117038979306E0,5.989960936864E0,-1.081310530538E1));
#8290=VERTEX_POINT('',#8289);
#8291=CARTESIAN_POINT('',(5.141814004795E0,6.005989548492E0,-1.081346149675E1));
#8292=VERTEX_POINT('',#8291);
#8293=CARTESIAN_POINT('',(5.164460185649E0,6.025139695303E0,-1.081388705557E1));
#8294=VERTEX_POINT('',#8293);
#8295=CARTESIAN_POINT('',(5.184930213657E0,6.047226923461E0,-1.081437788286E1));
#8296=VERTEX_POINT('',#8295);
#8297=CARTESIAN_POINT('',(5.202807781456E0,6.072062048431E0,-1.081492977453E1));
#8298=VERTEX_POINT('',#8297);
#8299=CARTESIAN_POINT('',(5.218178042540E0,6.099734933389E0,-1.081554472752E1));
#8300=VERTEX_POINT('',#8299);
#8301=CARTESIAN_POINT('',(5.230847036212E0,6.130255036516E0,-1.081622295204E1));
#8302=VERTEX_POINT('',#8301);
#8303=CARTESIAN_POINT('',(5.240540377335E0,6.163674384245E0,-1.081696560421E1));
#8304=VERTEX_POINT('',#8303);
#8305=CARTESIAN_POINT('',(5.247248604589E0,6.200078108650E0,-1.081777457586E1));
#8306=VERTEX_POINT('',#8305);
#8307=CARTESIAN_POINT('',(5.250782487531E0,6.239125679419E0,-1.081864229966E1));
#8308=VERTEX_POINT('',#8307);
#8309=CARTESIAN_POINT('',(5.250916525926E0,6.280500212491E0,-1.081956173373E1));
#8310=VERTEX_POINT('',#8309);
#8311=CARTESIAN_POINT('',(5.247660181292E0,6.324296300541E0,-1.082053498013E1));
#8312=VERTEX_POINT('',#8311);
#8313=CARTESIAN_POINT('',(5.231069382077E0,6.417663317573E0,-1.082260980273E1));
#8314=VERTEX_POINT('',#8313);
#8315=CARTESIAN_POINT('',(5.202949704484E0,6.503713644453E0,-1.082452203221E1));
#8316=VERTEX_POINT('',#8315);
#8317=CARTESIAN_POINT('',(5.163400493994E0,6.582395255957E0,-1.082627051247E1));
#8318=VERTEX_POINT('',#8317);
#8319=CARTESIAN_POINT('',(5.115364287721E0,6.652383863956E0,-1.082782581487E1));
#8320=VERTEX_POINT('',#8319);
#8321=CARTESIAN_POINT('',(5.062147891691E0,6.711995731635E0,-1.082915052304E1));
#8322=VERTEX_POINT('',#8321);
#8323=CARTESIAN_POINT('',(5.003708729555E0,6.761320720962E0,-1.083024663391E1));
#8324=VERTEX_POINT('',#8323);
#8325=CARTESIAN_POINT('',(4.953075332412E0,6.792677963608E0,-1.083094346153E1));
#8326=VERTEX_POINT('',#8325);
#8327=CARTESIAN_POINT('',(4.894768631583E0,6.818080640576E0,-1.083150796546E1));
#8328=VERTEX_POINT('',#8327);
#8329=CARTESIAN_POINT('',(4.828835934473E0,6.837571318505E0,-1.083194109164E1));
#8330=VERTEX_POINT('',#8329);
#8331=CARTESIAN_POINT('',(4.782597419769E0,6.845053544522E0,-1.083210736333E1));
#8332=VERTEX_POINT('',#8331);
#8333=CARTESIAN_POINT('',(4.722951911887E0,6.849504097327E0,-1.083220626450E1));
#8334=VERTEX_POINT('',#8333);
#8335=CARTESIAN_POINT('',(4.649852103408E0,6.850975002546E0,-1.083223895128E1));
#8336=VERTEX_POINT('',#8335);
#8337=CARTESIAN_POINT('',(4.332592688910E0,6.850975002546E0,-1.083223895128E1));
#8338=VERTEX_POINT('',#8337);
#8339=CARTESIAN_POINT('',(4.621169463959E0,5.951197142497E0,-1.081224388773E1));
#8340=VERTEX_POINT('',#8339);
#8341=CARTESIAN_POINT('',(4.863611801246E0,5.951197142497E0,-1.081224388773E1));
#8342=VERTEX_POINT('',#8341);
#8343=CARTESIAN_POINT('',(4.923091732398E0,5.951547132601E0,-1.081225166528E1));
#8344=VERTEX_POINT('',#8343);
#8345=CARTESIAN_POINT('',(4.758229239924E0,6.099734933389E0,-1.081554472752E1));
#8346=CARTESIAN_POINT('',(4.865508838696E0,6.099734933389E0,-1.081554472752E1));
#8347=VERTEX_POINT('',#8345);
#8348=VERTEX_POINT('',#8346);
#8349=CARTESIAN_POINT('',(4.564121147345E0,6.706220891103E0,-1.082902219325E1));
#8350=VERTEX_POINT('',#8349);
#8351=CARTESIAN_POINT('',(4.658007945317E0,6.706220891103E0,-1.082902219325E1));
#8352=VERTEX_POINT('',#8351);
#8353=CARTESIAN_POINT('',(4.719928951927E0,6.704825659377E0,-1.082899118810E1));
#8354=VERTEX_POINT('',#8353);
#8355=CARTESIAN_POINT('',(4.769597272630E0,6.700635234303E0,-1.082889806754E1));
#8356=VERTEX_POINT('',#8355);
#8357=CARTESIAN_POINT('',(4.807159561116E0,6.693654346179E0,-1.082874293670E1));
#8358=VERTEX_POINT('',#8357);
#8359=CARTESIAN_POINT('',(4.837966314541E0,6.682728972233E0,-1.082850015061E1));
#8360=VERTEX_POINT('',#8359);
#8361=CARTESIAN_POINT('',(4.867680260880E0,6.667064539589E0,-1.082815205211E1));
#8362=VERTEX_POINT('',#8361);
#8363=CARTESIAN_POINT('',(4.896206784516E0,6.646504972172E0,-1.082769517283E1));
#8364=VERTEX_POINT('',#8363);
#8365=CARTESIAN_POINT('',(4.934819303340E0,6.609718150007E0,-1.082687768789E1));
#8366=VERTEX_POINT('',#8365);
#8367=CARTESIAN_POINT('',(4.970380477436E0,6.565572071452E0,-1.082589666393E1));
#8368=VERTEX_POINT('',#8367);
#8369=CARTESIAN_POINT('',(5.002947075937E0,6.514114033042E0,-1.082475315196E1));
#8370=VERTEX_POINT('',#8369);
#8371=CARTESIAN_POINT('',(5.030271985291E0,6.455523758719E0,-1.082345114586E1));
#8372=VERTEX_POINT('',#8371);
#8373=CARTESIAN_POINT('',(5.050037128814E0,6.390420826508E0,-1.082200441404E1));
#8374=VERTEX_POINT('',#8373);
#8375=CARTESIAN_POINT('',(5.062190468843E0,6.318861991128E0,-1.082041421770E1));
#8376=VERTEX_POINT('',#8375);
#8377=CARTESIAN_POINT('',(5.065289120975E0,6.260266987312E0,-1.081911210650E1));
#8378=VERTEX_POINT('',#8377);
#8379=CARTESIAN_POINT('',(5.060307623777E0,6.212294663471E0,-1.081804605486E1));
#8380=VERTEX_POINT('',#8379);
#8381=CARTESIAN_POINT('',(5.047198668634E0,6.174940289309E0,-1.081721595766E1));
#8382=VERTEX_POINT('',#8381);
#8383=CARTESIAN_POINT('',(5.028076909402E0,6.146444454517E0,-1.081658271688E1));
#8384=VERTEX_POINT('',#8383);
#8385=CARTESIAN_POINT('',(5.005000228798E0,6.125076125342E0,-1.081610786512E1));
#8386=VERTEX_POINT('',#8385);
#8387=CARTESIAN_POINT('',(4.977855088966E0,6.110830572692E0,-1.081579129729E1));
#8388=VERTEX_POINT('',#8387);
#8389=CARTESIAN_POINT('',(4.951788563831E0,6.104696282670E0,-1.081565497973E1));
#8390=VERTEX_POINT('',#8389);
#8391=CARTESIAN_POINT('',(4.914325621625E0,6.100978817728E0,-1.081557236940E1));
#8392=VERTEX_POINT('',#8391);
#8393=CARTESIAN_POINT('',(5.25E0,4.E-1,-3.5E0));
#8394=CARTESIAN_POINT('',(5.25E0,2.8E0,-3.5E0));
#8395=VERTEX_POINT('',#8393);
#8396=VERTEX_POINT('',#8394);
#8397=CARTESIAN_POINT('',(4.1E0,1.6E0,-3.5E0));
#8398=CARTESIAN_POINT('',(4.25E0,1.75E0,-3.5E0));
#8399=VERTEX_POINT('',#8397);
#8400=VERTEX_POINT('',#8398);
#8401=CARTESIAN_POINT('',(4.25E0,2.450000000001E0,-3.5E0));
#8402=VERTEX_POINT('',#8401);
#8403=CARTESIAN_POINT('',(4.1E0,2.6E0,-3.5E0));
#8404=VERTEX_POINT('',#8403);
#8405=CARTESIAN_POINT('',(5.25E0,4.E-1,-9.8E0));
#8406=VERTEX_POINT('',#8405);
#8407=VERTEX_POINT('',#6849);
#8408=VERTEX_POINT('',#6855);
#8409=CARTESIAN_POINT('',(4.05E0,2.4E0,6.084022174946E-14));
#8410=VERTEX_POINT('',#8409);
#8411=CARTESIAN_POINT('',(4.25E0,2.450000000003E0,-1.000000000001E0));
#8412=VERTEX_POINT('',#8411);
#8413=CARTESIAN_POINT('',(4.25E0,1.749999999999E0,-1.000000000001E0));
#8414=VERTEX_POINT('',#8413);
#8415=CARTESIAN_POINT('',(4.100000000003E0,1.6E0,-1.000000000001E0));
#8416=VERTEX_POINT('',#8415);
#8417=VERTEX_POINT('',#6879);
#8418=CARTESIAN_POINT('',(4.05E0,1.8E0,4.785061236134E-14));
#8419=VERTEX_POINT('',#8418);
#8420=CARTESIAN_POINT('',(9.75E0,2.8E0,-3.5E0));
#8421=VERTEX_POINT('',#8420);
#8422=CARTESIAN_POINT('',(9.75E0,4.E-1,-3.5E0));
#8423=VERTEX_POINT('',#8422);
#8424=CARTESIAN_POINT('',(9.75E0,4.E-1,-9.8E0));
#8425=VERTEX_POINT('',#8424);
#8426=VERTEX_POINT('',#4403);
#8427=CARTESIAN_POINT('',(7.5E0,1.070000010818E1,-4.599999988885E0));
#8428=VERTEX_POINT('',#8427);
#8429=CARTESIAN_POINT('',(7.5E0,1.199999999847E1,-4.95E0));
#8430=VERTEX_POINT('',#8429);
#8431=CARTESIAN_POINT('',(8.E0,1.2E1,-4.95E0));
#8432=VERTEX_POINT('',#8431);
#8433=CARTESIAN_POINT('',(8.E0,1.070001060886E1,-4.599998747284E0));
#8434=VERTEX_POINT('',#8433);
#8435=CARTESIAN_POINT('',(4.25E0,4.432732645657E0,-6.4E0));
#8436=CARTESIAN_POINT('',(4.1E0,4.432732645657E0,-6.4E0));
#8437=VERTEX_POINT('',#8435);
#8438=VERTEX_POINT('',#8436);
#8439=CARTESIAN_POINT('',(4.25E0,4.432732645657E0,-6.55E0));
#8440=VERTEX_POINT('',#8439);
#8441=CARTESIAN_POINT('',(4.25E0,4.432732645657E0,-7.4E0));
#8442=CARTESIAN_POINT('',(4.25E0,4.432732645657E0,-7.25E0));
#8443=VERTEX_POINT('',#8441);
#8444=VERTEX_POINT('',#8442);
#8445=CARTESIAN_POINT('',(4.1E0,4.432732645657E0,-7.4E0));
#8446=VERTEX_POINT('',#8445);
#8447=VERTEX_POINT('',#4925);
#8448=VERTEX_POINT('',#4931);
#8449=CARTESIAN_POINT('',(4.05E0,1.09E1,-7.2E0));
#8450=VERTEX_POINT('',#8449);
#8451=CARTESIAN_POINT('',(4.25E0,3.4E0,-7.25E0));
#8452=VERTEX_POINT('',#8451);
#8453=CARTESIAN_POINT('',(4.25E0,9.899999999999E0,-7.250000000002E0));
#8454=VERTEX_POINT('',#8453);
#8455=CARTESIAN_POINT('',(4.1E0,3.4E0,-7.4E0));
#8456=VERTEX_POINT('',#8455);
#8457=CARTESIAN_POINT('',(4.25E0,3.4E0,-7.4E0));
#8458=VERTEX_POINT('',#8457);
#8459=CARTESIAN_POINT('',(4.25E0,9.899999999999E0,-6.549999999997E0));
#8460=VERTEX_POINT('',#8459);
#8461=CARTESIAN_POINT('',(4.1E0,3.4E0,-6.4E0));
#8462=VERTEX_POINT('',#8461);
#8463=CARTESIAN_POINT('',(4.100000000003E0,9.899999999999E0,-6.4E0));
#8464=VERTEX_POINT('',#8463);
#8465=VERTEX_POINT('',#4988);
#8466=CARTESIAN_POINT('',(4.25E0,3.4E0,-6.55E0));
#8467=VERTEX_POINT('',#8466);
#8468=CARTESIAN_POINT('',(4.25E0,3.4E0,-6.4E0));
#8469=VERTEX_POINT('',#8468);
#8470=CARTESIAN_POINT('',(4.05E0,1.09E1,-6.6E0));
#8471=VERTEX_POINT('',#8470);
#8472=CARTESIAN_POINT('',(1.075E1,4.432732645657E0,-7.4E0));
#8473=CARTESIAN_POINT('',(1.09E1,4.432732645657E0,-7.4E0));
#8474=VERTEX_POINT('',#8472);
#8475=VERTEX_POINT('',#8473);
#8476=CARTESIAN_POINT('',(1.075E1,4.432732645657E0,-7.25E0));
#8477=VERTEX_POINT('',#8476);
#8478=CARTESIAN_POINT('',(1.075E1,4.432732645657E0,-6.55E0));
#8479=VERTEX_POINT('',#8478);
#8480=CARTESIAN_POINT('',(1.075E1,4.432732645657E0,-6.4E0));
#8481=VERTEX_POINT('',#8480);
#8482=CARTESIAN_POINT('',(1.09E1,4.432732645657E0,-6.4E0));
#8483=VERTEX_POINT('',#8482);
#8484=CARTESIAN_POINT('',(1.095E1,1.09E1,-7.2E0));
#8485=CARTESIAN_POINT('',(1.095E1,1.09E1,-6.6E0));
#8486=VERTEX_POINT('',#8484);
#8487=VERTEX_POINT('',#8485);
#8488=VERTEX_POINT('',#5485);
#8489=VERTEX_POINT('',#5491);
#8490=CARTESIAN_POINT('',(1.075E1,3.4E0,-6.55E0));
#8491=VERTEX_POINT('',#8490);
#8492=CARTESIAN_POINT('',(1.075E1,9.899999999995E0,-6.549999999983E0));
#8493=VERTEX_POINT('',#8492);
#8494=CARTESIAN_POINT('',(1.09E1,3.4E0,-6.4E0));
#8495=VERTEX_POINT('',#8494);
#8496=CARTESIAN_POINT('',(1.075E1,3.4E0,-6.4E0));
#8497=VERTEX_POINT('',#8496);
#8498=CARTESIAN_POINT('',(1.075E1,9.899999999995E0,-7.250000000017E0));
#8499=VERTEX_POINT('',#8498);
#8500=CARTESIAN_POINT('',(1.075E1,3.4E0,-7.25E0));
#8501=VERTEX_POINT('',#8500);
#8502=CARTESIAN_POINT('',(1.09E1,3.4E0,-7.4E0));
#8503=VERTEX_POINT('',#8502);
#8504=CARTESIAN_POINT('',(1.09E1,9.899999999999E0,-7.4E0));
#8505=VERTEX_POINT('',#8504);
#8506=VERTEX_POINT('',#5414);
#8507=CARTESIAN_POINT('',(1.075E1,3.4E0,-7.4E0));
#8508=VERTEX_POINT('',#8507);
#8509=CARTESIAN_POINT('',(1.815E1,1.07E1,-9.93E0));
#8510=CARTESIAN_POINT('',(1.185E1,1.07E1,-9.930000000001E0));
#8511=VERTEX_POINT('',#8509);
#8512=VERTEX_POINT('',#8510);
#8513=CARTESIAN_POINT('',(1.815E1,1.07E1,-1.17E1));
#8514=VERTEX_POINT('',#8513);
#8515=CARTESIAN_POINT('',(1.215E1,1.2E1,-1.023E1));
#8516=CARTESIAN_POINT('',(1.785E1,1.2E1,-1.023E1));
#8517=VERTEX_POINT('',#8515);
#8518=VERTEX_POINT('',#8516);
#8519=CARTESIAN_POINT('',(1.215E1,1.2E1,-1.090805028316E1));
#8520=VERTEX_POINT('',#8519);
#8521=CARTESIAN_POINT('',(1.785E1,1.2E1,-1.090805028316E1));
#8522=VERTEX_POINT('',#8521);
#8523=CARTESIAN_POINT('',(1.185E1,1.07E1,-1.17E1));
#8524=VERTEX_POINT('',#8523);
#8525=CARTESIAN_POINT('',(1.210978095075E1,1.182571745325E1,-1.118043809850E1));
#8526=VERTEX_POINT('',#8525);
#8527=CARTESIAN_POINT('',(1.789021904926E1,1.182571745324E1,-1.118043809851E1));
#8528=VERTEX_POINT('',#8527);
#8529=CARTESIAN_POINT('',(1.834999999999E1,3.4E0,-9.825E0));
#8530=CARTESIAN_POINT('',(1.834999999999E1,4.E0,-9.825E0));
#8531=VERTEX_POINT('',#8529);
#8532=VERTEX_POINT('',#8530);
#8533=CARTESIAN_POINT('',(1.164999999999E1,4.E0,-9.825E0));
#8534=CARTESIAN_POINT('',(1.164999999999E1,3.4E0,-9.825E0));
#8535=VERTEX_POINT('',#8533);
#8536=VERTEX_POINT('',#8534);
#8537=CARTESIAN_POINT('',(1.55E1,3.4E0,-4.599999019521E0));
#8538=CARTESIAN_POINT('',(1.690000204798E1,3.4E0,-4.599998880890E0));
#8539=VERTEX_POINT('',#8537);
#8540=VERTEX_POINT('',#8538);
#8541=CARTESIAN_POINT('',(1.55E1,3.4E0,-4.95E0));
#8542=VERTEX_POINT('',#8541);
#8543=CARTESIAN_POINT('',(1.5E1,3.4E0,-4.95E0));
#8544=VERTEX_POINT('',#8543);
#8545=CARTESIAN_POINT('',(1.5E1,3.4E0,-4.599999994923E0));
#8546=VERTEX_POINT('',#8545);
#8547=CARTESIAN_POINT('',(1.309999996351E1,3.4E0,-4.599999993810E0));
#8548=VERTEX_POINT('',#8547);
#8549=CARTESIAN_POINT('',(1.164999999999E1,3.4E0,-9.625E0));
#8550=VERTEX_POINT('',#8549);
#8551=CARTESIAN_POINT('',(1.834999999999E1,3.4E0,-9.625E0));
#8552=VERTEX_POINT('',#8551);
#8553=CARTESIAN_POINT('',(1.690000106981E1,1.070000502192E1,-4.599998702326E0));
#8554=VERTEX_POINT('',#8553);
#8555=CARTESIAN_POINT('',(1.5E1,1.199999996234E1,-4.300000174282E0));
#8556=CARTESIAN_POINT('',(1.320289702605E1,1.199999996759E1,-4.300000246620E0));
#8557=VERTEX_POINT('',#8555);
#8558=VERTEX_POINT('',#8556);
#8559=CARTESIAN_POINT('',(1.679710401947E1,1.200000001822E1,-4.299999952262E0));
#8560=CARTESIAN_POINT('',(1.55E1,1.200000000961E1,-4.299999997756E0));
#8561=VERTEX_POINT('',#8559);
#8562=VERTEX_POINT('',#8560);
#8563=CARTESIAN_POINT('',(1.725E1,3.315866100214E-14,-3.1E0));
#8564=CARTESIAN_POINT('',(1.725E1,3.4E0,-3.1E0));
#8565=VERTEX_POINT('',#8563);
#8566=VERTEX_POINT('',#8564);
#8567=CARTESIAN_POINT('',(1.275E1,3.560115165631E-14,-3.1E0));
#8568=VERTEX_POINT('',#8567);
#8569=CARTESIAN_POINT('',(1.275E1,3.4E0,-3.1E0));
#8570=VERTEX_POINT('',#8569);
#8571=CARTESIAN_POINT('',(1.84E1,2.6E0,-3.5E0));
#8572=CARTESIAN_POINT('',(1.825E1,2.45E0,-3.5E0));
#8573=VERTEX_POINT('',#8571);
#8574=VERTEX_POINT('',#8572);
#8575=CARTESIAN_POINT('',(1.825E1,1.749999999998E0,-3.5E0));
#8576=VERTEX_POINT('',#8575);
#8577=CARTESIAN_POINT('',(1.84E1,1.6E0,-3.5E0));
#8578=VERTEX_POINT('',#8577);
#8579=VERTEX_POINT('',#6477);
#8580=VERTEX_POINT('',#6483);
#8581=CARTESIAN_POINT('',(1.825E1,1.749999999993E0,-1.000000000004E0));
#8582=VERTEX_POINT('',#8581);
#8583=CARTESIAN_POINT('',(1.825E1,2.450000000017E0,-1.000000000007E0));
#8584=VERTEX_POINT('',#8583);
#8585=CARTESIAN_POINT('',(1.84E1,2.6E0,-1.000000000001E0));
#8586=VERTEX_POINT('',#8585);
#8587=VERTEX_POINT('',#6431);
#8588=CARTESIAN_POINT('',(1.845E1,2.4E0,4.134470543704E-13));
#8589=VERTEX_POINT('',#8588);
#8590=CARTESIAN_POINT('',(1.845E1,1.8E0,4.579669976579E-13));
#8591=VERTEX_POINT('',#8590);
#8592=CARTESIAN_POINT('',(1.275E1,3.693341928587E-14,-9.8E0));
#8593=VERTEX_POINT('',#8592);
#8594=CARTESIAN_POINT('',(1.725E1,3.168761549451E-14,-9.8E0));
#8595=VERTEX_POINT('',#8594);
#8596=CARTESIAN_POINT('',(1.275E1,4.E-1,-3.5E0));
#8597=CARTESIAN_POINT('',(1.275E1,2.8E0,-3.5E0));
#8598=VERTEX_POINT('',#8596);
#8599=VERTEX_POINT('',#8597);
#8600=CARTESIAN_POINT('',(1.16E1,1.6E0,-3.5E0));
#8601=CARTESIAN_POINT('',(1.175E1,1.75E0,-3.5E0));
#8602=VERTEX_POINT('',#8600);
#8603=VERTEX_POINT('',#8601);
#8604=CARTESIAN_POINT('',(1.175E1,2.450000000001E0,-3.5E0));
#8605=VERTEX_POINT('',#8604);
#8606=CARTESIAN_POINT('',(1.16E1,2.6E0,-3.5E0));
#8607=VERTEX_POINT('',#8606);
#8608=CARTESIAN_POINT('',(1.275E1,4.E-1,-9.8E0));
#8609=VERTEX_POINT('',#8608);
#8610=VERTEX_POINT('',#6601);
#8611=VERTEX_POINT('',#6607);
#8612=CARTESIAN_POINT('',(1.155E1,2.4E0,2.722266856381E-13));
#8613=VERTEX_POINT('',#8612);
#8614=CARTESIAN_POINT('',(1.175E1,2.450000000003E0,-1.000000000002E0));
#8615=VERTEX_POINT('',#8614);
#8616=CARTESIAN_POINT('',(1.175E1,1.749999999999E0,-1.000000000002E0));
#8617=VERTEX_POINT('',#8616);
#8618=CARTESIAN_POINT('',(1.16E1,1.6E0,-1.000000000001E0));
#8619=VERTEX_POINT('',#8618);
#8620=VERTEX_POINT('',#6631);
#8621=CARTESIAN_POINT('',(1.155E1,1.8E0,2.595701431574E-13));
#8622=VERTEX_POINT('',#8621);
#8623=CARTESIAN_POINT('',(1.725E1,2.8E0,-3.5E0));
#8624=VERTEX_POINT('',#8623);
#8625=CARTESIAN_POINT('',(1.725E1,4.E-1,-3.5E0));
#8626=VERTEX_POINT('',#8625);
#8627=CARTESIAN_POINT('',(1.725E1,4.E-1,-9.8E0));
#8628=VERTEX_POINT('',#8627);
#8629=VERTEX_POINT('',#4368);
#8630=CARTESIAN_POINT('',(1.5E1,1.070000010818E1,-4.599999988885E0));
#8631=VERTEX_POINT('',#8630);
#8632=CARTESIAN_POINT('',(1.5E1,1.199999999847E1,-4.95E0));
#8633=VERTEX_POINT('',#8632);
#8634=CARTESIAN_POINT('',(1.55E1,1.2E1,-4.95E0));
#8635=VERTEX_POINT('',#8634);
#8636=CARTESIAN_POINT('',(1.55E1,1.070001060886E1,-4.599998747284E0));
#8637=VERTEX_POINT('',#8636);
#8638=CARTESIAN_POINT('',(1.175E1,4.432732645657E0,-6.4E0));
#8639=CARTESIAN_POINT('',(1.16E1,4.432732645657E0,-6.4E0));
#8640=VERTEX_POINT('',#8638);
#8641=VERTEX_POINT('',#8639);
#8642=CARTESIAN_POINT('',(1.175E1,4.432732645657E0,-6.55E0));
#8643=VERTEX_POINT('',#8642);
#8644=CARTESIAN_POINT('',(1.175E1,4.432732645657E0,-7.4E0));
#8645=CARTESIAN_POINT('',(1.175E1,4.432732645657E0,-7.25E0));
#8646=VERTEX_POINT('',#8644);
#8647=VERTEX_POINT('',#8645);
#8648=CARTESIAN_POINT('',(1.16E1,4.432732645657E0,-7.4E0));
#8649=VERTEX_POINT('',#8648);
#8650=VERTEX_POINT('',#5270);
#8651=VERTEX_POINT('',#5276);
#8652=CARTESIAN_POINT('',(1.155E1,1.09E1,-7.2E0));
#8653=VERTEX_POINT('',#8652);
#8654=CARTESIAN_POINT('',(1.175E1,3.4E0,-7.25E0));
#8655=VERTEX_POINT('',#8654);
#8656=CARTESIAN_POINT('',(1.175E1,9.899999999999E0,-7.250000000002E0));
#8657=VERTEX_POINT('',#8656);
#8658=CARTESIAN_POINT('',(1.16E1,3.4E0,-7.4E0));
#8659=VERTEX_POINT('',#8658);
#8660=CARTESIAN_POINT('',(1.175E1,3.4E0,-7.4E0));
#8661=VERTEX_POINT('',#8660);
#8662=CARTESIAN_POINT('',(1.175E1,9.899999999999E0,-6.549999999997E0));
#8663=VERTEX_POINT('',#8662);
#8664=CARTESIAN_POINT('',(1.16E1,3.4E0,-6.4E0));
#8665=VERTEX_POINT('',#8664);
#8666=CARTESIAN_POINT('',(1.16E1,9.899999999999E0,-6.4E0));
#8667=VERTEX_POINT('',#8666);
#8668=VERTEX_POINT('',#5333);
#8669=CARTESIAN_POINT('',(1.175E1,3.4E0,-6.55E0));
#8670=VERTEX_POINT('',#8669);
#8671=CARTESIAN_POINT('',(1.175E1,3.4E0,-6.4E0));
#8672=VERTEX_POINT('',#8671);
#8673=CARTESIAN_POINT('',(1.155E1,1.09E1,-6.6E0));
#8674=VERTEX_POINT('',#8673);
#8675=CARTESIAN_POINT('',(1.825E1,4.432732645657E0,-7.4E0));
#8676=CARTESIAN_POINT('',(1.84E1,4.432732645657E0,-7.4E0));
#8677=VERTEX_POINT('',#8675);
#8678=VERTEX_POINT('',#8676);
#8679=CARTESIAN_POINT('',(1.825E1,4.432732645657E0,-7.25E0));
#8680=VERTEX_POINT('',#8679);
#8681=CARTESIAN_POINT('',(1.825E1,4.432732645657E0,-6.55E0));
#8682=VERTEX_POINT('',#8681);
#8683=CARTESIAN_POINT('',(1.825E1,4.432732645657E0,-6.4E0));
#8684=VERTEX_POINT('',#8683);
#8685=CARTESIAN_POINT('',(1.84E1,4.432732645657E0,-6.4E0));
#8686=VERTEX_POINT('',#8685);
#8687=CARTESIAN_POINT('',(1.845E1,1.09E1,-7.2E0));
#8688=CARTESIAN_POINT('',(1.845E1,1.09E1,-6.6E0));
#8689=VERTEX_POINT('',#8687);
#8690=VERTEX_POINT('',#8688);
#8691=VERTEX_POINT('',#5830);
#8692=VERTEX_POINT('',#5836);
#8693=CARTESIAN_POINT('',(1.825E1,3.4E0,-6.55E0));
#8694=VERTEX_POINT('',#8693);
#8695=CARTESIAN_POINT('',(1.825E1,9.899999999995E0,-6.549999999983E0));
#8696=VERTEX_POINT('',#8695);
#8697=CARTESIAN_POINT('',(1.84E1,3.4E0,-6.4E0));
#8698=VERTEX_POINT('',#8697);
#8699=CARTESIAN_POINT('',(1.825E1,3.4E0,-6.4E0));
#8700=VERTEX_POINT('',#8699);
#8701=CARTESIAN_POINT('',(1.825E1,9.899999999995E0,-7.250000000017E0));
#8702=VERTEX_POINT('',#8701);
#8703=CARTESIAN_POINT('',(1.825E1,3.4E0,-7.25E0));
#8704=VERTEX_POINT('',#8703);
#8705=CARTESIAN_POINT('',(1.84E1,3.4E0,-7.4E0));
#8706=VERTEX_POINT('',#8705);
#8707=CARTESIAN_POINT('',(1.84E1,9.899999999999E0,-7.4E0));
#8708=VERTEX_POINT('',#8707);
#8709=VERTEX_POINT('',#5759);
#8710=CARTESIAN_POINT('',(1.825E1,3.4E0,-7.4E0));
#8711=VERTEX_POINT('',#8710);
#8712=CARTESIAN_POINT('',(2.565E1,1.07E1,-9.93E0));
#8713=CARTESIAN_POINT('',(1.935E1,1.07E1,-9.930000000001E0));
#8714=VERTEX_POINT('',#8712);
#8715=VERTEX_POINT('',#8713);
#8716=CARTESIAN_POINT('',(2.565E1,1.07E1,-1.17E1));
#8717=VERTEX_POINT('',#8716);
#8718=CARTESIAN_POINT('',(1.965E1,1.2E1,-1.023E1));
#8719=CARTESIAN_POINT('',(2.535E1,1.2E1,-1.023E1));
#8720=VERTEX_POINT('',#8718);
#8721=VERTEX_POINT('',#8719);
#8722=CARTESIAN_POINT('',(1.965E1,1.2E1,-1.090805028316E1));
#8723=VERTEX_POINT('',#8722);
#8724=CARTESIAN_POINT('',(2.535E1,1.2E1,-1.090805028316E1));
#8725=VERTEX_POINT('',#8724);
#8726=CARTESIAN_POINT('',(1.935E1,1.07E1,-1.17E1));
#8727=VERTEX_POINT('',#8726);
#8728=CARTESIAN_POINT('',(1.960978095075E1,1.182571745325E1,-1.118043809850E1));
#8729=VERTEX_POINT('',#8728);
#8730=CARTESIAN_POINT('',(2.539021904926E1,1.182571745324E1,-1.118043809851E1));
#8731=VERTEX_POINT('',#8730);
#8732=CARTESIAN_POINT('',(2.584999999999E1,3.4E0,-9.825E0));
#8733=CARTESIAN_POINT('',(2.584999999999E1,4.E0,-9.825E0));
#8734=VERTEX_POINT('',#8732);
#8735=VERTEX_POINT('',#8733);
#8736=CARTESIAN_POINT('',(1.914999999999E1,4.E0,-9.825E0));
#8737=CARTESIAN_POINT('',(1.914999999999E1,3.4E0,-9.825E0));
#8738=VERTEX_POINT('',#8736);
#8739=VERTEX_POINT('',#8737);
#8740=CARTESIAN_POINT('',(2.3E1,3.4E0,-4.599999019521E0));
#8741=CARTESIAN_POINT('',(2.440000204798E1,3.4E0,-4.599998880890E0));
#8742=VERTEX_POINT('',#8740);
#8743=VERTEX_POINT('',#8741);
#8744=CARTESIAN_POINT('',(2.3E1,3.4E0,-4.95E0));
#8745=VERTEX_POINT('',#8744);
#8746=CARTESIAN_POINT('',(2.25E1,3.4E0,-4.95E0));
#8747=VERTEX_POINT('',#8746);
#8748=CARTESIAN_POINT('',(2.25E1,3.4E0,-4.599999994924E0));
#8749=VERTEX_POINT('',#8748);
#8750=CARTESIAN_POINT('',(2.059999996351E1,3.4E0,-4.599999993810E0));
#8751=VERTEX_POINT('',#8750);
#8752=CARTESIAN_POINT('',(1.914999999999E1,3.4E0,-9.625E0));
#8753=VERTEX_POINT('',#8752);
#8754=CARTESIAN_POINT('',(2.584999999999E1,3.4E0,-9.625E0));
#8755=VERTEX_POINT('',#8754);
#8756=CARTESIAN_POINT('',(2.440000106981E1,1.070000502192E1,-4.599998702326E0));
#8757=VERTEX_POINT('',#8756);
#8758=CARTESIAN_POINT('',(2.25E1,1.199999996234E1,-4.300000174282E0));
#8759=CARTESIAN_POINT('',(2.070289702605E1,1.199999996759E1,-4.300000246620E0));
#8760=VERTEX_POINT('',#8758);
#8761=VERTEX_POINT('',#8759);
#8762=CARTESIAN_POINT('',(2.429710401947E1,1.200000001822E1,-4.299999952262E0));
#8763=CARTESIAN_POINT('',(2.3E1,1.200000000961E1,-4.299999997756E0));
#8764=VERTEX_POINT('',#8762);
#8765=VERTEX_POINT('',#8763);
#8766=CARTESIAN_POINT('',(2.475E1,3.315866100214E-14,-3.1E0));
#8767=CARTESIAN_POINT('',(2.475E1,3.4E0,-3.1E0));
#8768=VERTEX_POINT('',#8766);
#8769=VERTEX_POINT('',#8767);
#8770=CARTESIAN_POINT('',(2.025E1,3.560115165631E-14,-3.1E0));
#8771=VERTEX_POINT('',#8770);
#8772=CARTESIAN_POINT('',(2.025E1,3.4E0,-3.1E0));
#8773=VERTEX_POINT('',#8772);
#8774=CARTESIAN_POINT('',(2.59E1,2.6E0,-3.5E0));
#8775=CARTESIAN_POINT('',(2.575E1,2.45E0,-3.5E0));
#8776=VERTEX_POINT('',#8774);
#8777=VERTEX_POINT('',#8775);
#8778=CARTESIAN_POINT('',(2.575E1,1.749999999998E0,-3.5E0));
#8779=VERTEX_POINT('',#8778);
#8780=CARTESIAN_POINT('',(2.59E1,1.6E0,-3.5E0));
#8781=VERTEX_POINT('',#8780);
#8782=VERTEX_POINT('',#3734);
#8783=VERTEX_POINT('',#3740);
#8784=CARTESIAN_POINT('',(2.575E1,1.749999999993E0,-1.000000000004E0));
#8785=VERTEX_POINT('',#8784);
#8786=CARTESIAN_POINT('',(2.575E1,2.450000000017E0,-1.000000000007E0));
#8787=VERTEX_POINT('',#8786);
#8788=CARTESIAN_POINT('',(2.59E1,2.6E0,-1.000000000001E0));
#8789=VERTEX_POINT('',#8788);
#8790=VERTEX_POINT('',#3688);
#8791=CARTESIAN_POINT('',(2.595E1,2.4E0,4.134470543704E-13));
#8792=VERTEX_POINT('',#8791);
#8793=CARTESIAN_POINT('',(2.595E1,1.8E0,4.578929827896E-13));
#8794=VERTEX_POINT('',#8793);
#8795=CARTESIAN_POINT('',(2.025E1,3.693341928587E-14,-9.8E0));
#8796=VERTEX_POINT('',#8795);
#8797=CARTESIAN_POINT('',(2.475E1,3.168761549451E-14,-9.8E0));
#8798=VERTEX_POINT('',#8797);
#8799=CARTESIAN_POINT('',(2.025E1,4.E-1,-3.5E0));
#8800=CARTESIAN_POINT('',(2.025E1,2.8E0,-3.5E0));
#8801=VERTEX_POINT('',#8799);
#8802=VERTEX_POINT('',#8800);
#8803=CARTESIAN_POINT('',(1.91E1,1.6E0,-3.5E0));
#8804=CARTESIAN_POINT('',(1.925E1,1.75E0,-3.5E0));
#8805=VERTEX_POINT('',#8803);
#8806=VERTEX_POINT('',#8804);
#8807=CARTESIAN_POINT('',(1.925E1,2.450000000001E0,-3.5E0));
#8808=VERTEX_POINT('',#8807);
#8809=CARTESIAN_POINT('',(1.91E1,2.6E0,-3.5E0));
#8810=VERTEX_POINT('',#8809);
#8811=CARTESIAN_POINT('',(2.025E1,4.E-1,-9.8E0));
#8812=VERTEX_POINT('',#8811);
#8813=VERTEX_POINT('',#6353);
#8814=VERTEX_POINT('',#6359);
#8815=CARTESIAN_POINT('',(1.905E1,2.4E0,2.720786559015E-13));
#8816=VERTEX_POINT('',#8815);
#8817=CARTESIAN_POINT('',(1.925E1,2.450000000003E0,-1.000000000002E0));
#8818=VERTEX_POINT('',#8817);
#8819=CARTESIAN_POINT('',(1.925E1,1.749999999999E0,-1.000000000002E0));
#8820=VERTEX_POINT('',#8819);
#8821=CARTESIAN_POINT('',(1.91E1,1.6E0,-1.000000000001E0));
#8822=VERTEX_POINT('',#8821);
#8823=VERTEX_POINT('',#6383);
#8824=CARTESIAN_POINT('',(1.905E1,1.8E0,2.595701431574E-13));
#8825=VERTEX_POINT('',#8824);
#8826=CARTESIAN_POINT('',(2.475E1,2.8E0,-3.5E0));
#8827=VERTEX_POINT('',#8826);
#8828=CARTESIAN_POINT('',(2.475E1,4.E-1,-3.5E0));
#8829=VERTEX_POINT('',#8828);
#8830=CARTESIAN_POINT('',(2.475E1,4.E-1,-9.8E0));
#8831=VERTEX_POINT('',#8830);
#8832=VERTEX_POINT('',#4333);
#8833=CARTESIAN_POINT('',(2.25E1,1.070000010818E1,-4.599999988885E0));
#8834=VERTEX_POINT('',#8833);
#8835=CARTESIAN_POINT('',(2.25E1,1.199999999847E1,-4.95E0));
#8836=VERTEX_POINT('',#8835);
#8837=CARTESIAN_POINT('',(2.3E1,1.2E1,-4.95E0));
#8838=VERTEX_POINT('',#8837);
#8839=CARTESIAN_POINT('',(2.3E1,1.070001060886E1,-4.599998747284E0));
#8840=VERTEX_POINT('',#8839);
#8841=CARTESIAN_POINT('',(1.925E1,4.432732645657E0,-6.4E0));
#8842=CARTESIAN_POINT('',(1.91E1,4.432732645657E0,-6.4E0));
#8843=VERTEX_POINT('',#8841);
#8844=VERTEX_POINT('',#8842);
#8845=CARTESIAN_POINT('',(1.925E1,4.432732645657E0,-6.55E0));
#8846=VERTEX_POINT('',#8845);
#8847=CARTESIAN_POINT('',(1.925E1,4.432732645657E0,-7.4E0));
#8848=CARTESIAN_POINT('',(1.925E1,4.432732645657E0,-7.25E0));
#8849=VERTEX_POINT('',#8847);
#8850=VERTEX_POINT('',#8848);
#8851=CARTESIAN_POINT('',(1.91E1,4.432732645657E0,-7.4E0));
#8852=VERTEX_POINT('',#8851);
#8853=VERTEX_POINT('',#5615);
#8854=VERTEX_POINT('',#5621);
#8855=CARTESIAN_POINT('',(1.905E1,1.09E1,-7.2E0));
#8856=VERTEX_POINT('',#8855);
#8857=CARTESIAN_POINT('',(1.925E1,3.4E0,-7.25E0));
#8858=VERTEX_POINT('',#8857);
#8859=CARTESIAN_POINT('',(1.925E1,9.899999999999E0,-7.250000000002E0));
#8860=VERTEX_POINT('',#8859);
#8861=CARTESIAN_POINT('',(1.91E1,3.4E0,-7.4E0));
#8862=VERTEX_POINT('',#8861);
#8863=CARTESIAN_POINT('',(1.925E1,3.4E0,-7.4E0));
#8864=VERTEX_POINT('',#8863);
#8865=CARTESIAN_POINT('',(1.925E1,9.899999999999E0,-6.549999999997E0));
#8866=VERTEX_POINT('',#8865);
#8867=CARTESIAN_POINT('',(1.91E1,3.4E0,-6.4E0));
#8868=VERTEX_POINT('',#8867);
#8869=CARTESIAN_POINT('',(1.91E1,9.899999999999E0,-6.4E0));
#8870=VERTEX_POINT('',#8869);
#8871=VERTEX_POINT('',#5678);
#8872=CARTESIAN_POINT('',(1.925E1,3.4E0,-6.55E0));
#8873=VERTEX_POINT('',#8872);
#8874=CARTESIAN_POINT('',(1.925E1,3.4E0,-6.4E0));
#8875=VERTEX_POINT('',#8874);
#8876=CARTESIAN_POINT('',(1.905E1,1.09E1,-6.6E0));
#8877=VERTEX_POINT('',#8876);
#8878=CARTESIAN_POINT('',(2.575E1,4.432732645657E0,-7.4E0));
#8879=CARTESIAN_POINT('',(2.59E1,4.432732645657E0,-7.4E0));
#8880=VERTEX_POINT('',#8878);
#8881=VERTEX_POINT('',#8879);
#8882=CARTESIAN_POINT('',(2.575E1,4.432732645657E0,-7.25E0));
#8883=VERTEX_POINT('',#8882);
#8884=CARTESIAN_POINT('',(2.575E1,4.432732645657E0,-6.55E0));
#8885=VERTEX_POINT('',#8884);
#8886=CARTESIAN_POINT('',(2.575E1,4.432732645657E0,-6.4E0));
#8887=VERTEX_POINT('',#8886);
#8888=CARTESIAN_POINT('',(2.59E1,4.432732645657E0,-6.4E0));
#8889=VERTEX_POINT('',#8888);
#8890=CARTESIAN_POINT('',(2.595E1,1.09E1,-7.2E0));
#8891=CARTESIAN_POINT('',(2.595E1,1.09E1,-6.6E0));
#8892=VERTEX_POINT('',#8890);
#8893=VERTEX_POINT('',#8891);
#8894=VERTEX_POINT('',#6180);
#8895=VERTEX_POINT('',#6186);
#8896=CARTESIAN_POINT('',(2.575E1,3.4E0,-6.55E0));
#8897=VERTEX_POINT('',#8896);
#8898=CARTESIAN_POINT('',(2.575E1,9.899999999995E0,-6.549999999983E0));
#8899=VERTEX_POINT('',#8898);
#8900=CARTESIAN_POINT('',(2.59E1,3.4E0,-6.4E0));
#8901=VERTEX_POINT('',#8900);
#8902=CARTESIAN_POINT('',(2.575E1,3.4E0,-6.4E0));
#8903=VERTEX_POINT('',#8902);
#8904=CARTESIAN_POINT('',(2.575E1,9.899999999995E0,-7.250000000017E0));
#8905=VERTEX_POINT('',#8904);
#8906=CARTESIAN_POINT('',(2.575E1,3.4E0,-7.25E0));
#8907=VERTEX_POINT('',#8906);
#8908=CARTESIAN_POINT('',(2.59E1,3.4E0,-7.4E0));
#8909=VERTEX_POINT('',#8908);
#8910=CARTESIAN_POINT('',(2.59E1,9.899999999999E0,-7.4E0));
#8911=VERTEX_POINT('',#8910);
#8912=VERTEX_POINT('',#6109);
#8913=CARTESIAN_POINT('',(2.575E1,3.4E0,-7.4E0));
#8914=VERTEX_POINT('',#8913);
#8915=CARTESIAN_POINT('',(2.92E1,1.07E1,-9.930000000001E0));
#8916=CARTESIAN_POINT('',(2.685E1,1.07E1,-9.930000000001E0));
#8917=VERTEX_POINT('',#8915);
#8918=VERTEX_POINT('',#8916);
#8919=CARTESIAN_POINT('',(2.92E1,6.E0,-9.93E0));
#8920=VERTEX_POINT('',#8919);
#8921=CARTESIAN_POINT('',(2.92E1,5.6E0,-9.825E0));
#8922=VERTEX_POINT('',#8921);
#8923=CARTESIAN_POINT('',(2.92E1,1.07E1,-4.85E0));
#8924=VERTEX_POINT('',#8923);
#8925=CARTESIAN_POINT('',(2.92E1,3.4E0,-4.85E0));
#8926=VERTEX_POINT('',#8925);
#8927=CARTESIAN_POINT('',(2.92E1,3.4E0,-9.825E0));
#8928=VERTEX_POINT('',#8927);
#8929=CARTESIAN_POINT('',(2.665000000001E1,4.E0,-9.825E0));
#8930=CARTESIAN_POINT('',(2.665000000001E1,3.4E0,-9.825E0));
#8931=VERTEX_POINT('',#8929);
#8932=VERTEX_POINT('',#8930);
#8933=CARTESIAN_POINT('',(2.665000000001E1,3.4E0,-9.625E0));
#8934=VERTEX_POINT('',#8933);
#8935=CARTESIAN_POINT('',(2.875E1,3.4E0,-4.85E0));
#8936=VERTEX_POINT('',#8935);
#8937=CARTESIAN_POINT('',(2.875E1,3.4E0,-4.599999997865E0));
#8938=VERTEX_POINT('',#8937);
#8939=CARTESIAN_POINT('',(2.809999997419E1,3.4E0,-4.599999999679E0));
#8940=VERTEX_POINT('',#8939);
#8941=CARTESIAN_POINT('',(2.675E1,4.432732645657E0,-6.4E0));
#8942=CARTESIAN_POINT('',(2.66E1,4.432732645657E0,-6.4E0));
#8943=VERTEX_POINT('',#8941);
#8944=VERTEX_POINT('',#8942);
#8945=CARTESIAN_POINT('',(2.675E1,4.432732645657E0,-6.55E0));
#8946=VERTEX_POINT('',#8945);
#8947=CARTESIAN_POINT('',(2.675E1,4.432732645657E0,-7.25E0));
#8948=VERTEX_POINT('',#8947);
#8949=CARTESIAN_POINT('',(2.675E1,4.432732645657E0,-7.4E0));
#8950=VERTEX_POINT('',#8949);
#8951=CARTESIAN_POINT('',(2.66E1,4.432732645657E0,-7.4E0));
#8952=VERTEX_POINT('',#8951);
#8953=CARTESIAN_POINT('',(2.670606601718E1,1.011966991411E1,-6.443933982822E0));
#8954=CARTESIAN_POINT('',(2.655E1,1.09E1,-6.6E0));
#8955=VERTEX_POINT('',#8953);
#8956=VERTEX_POINT('',#8954);
#8957=VERTEX_POINT('',#6022);
#8958=CARTESIAN_POINT('',(2.655E1,1.09E1,-7.2E0));
#8959=CARTESIAN_POINT('',(2.670606601718E1,1.011966991411E1,-7.356066017178E0));
#8960=VERTEX_POINT('',#8958);
#8961=VERTEX_POINT('',#8959);
#8962=CARTESIAN_POINT('',(2.675E1,3.4E0,-7.25E0));
#8963=VERTEX_POINT('',#8962);
#8964=CARTESIAN_POINT('',(2.675E1,9.899999999999E0,-7.250000000003E0));
#8965=VERTEX_POINT('',#8964);
#8966=VERTEX_POINT('',#5971);
#8967=CARTESIAN_POINT('',(2.66E1,3.4E0,-7.4E0));
#8968=VERTEX_POINT('',#8967);
#8969=CARTESIAN_POINT('',(2.675E1,3.4E0,-7.4E0));
#8970=VERTEX_POINT('',#8969);
#8971=CARTESIAN_POINT('',(2.675E1,9.899999999999E0,-6.549999999997E0));
#8972=VERTEX_POINT('',#8971);
#8973=CARTESIAN_POINT('',(2.675E1,3.4E0,-6.55E0));
#8974=VERTEX_POINT('',#8973);
#8975=CARTESIAN_POINT('',(2.66E1,3.4E0,-6.4E0));
#8976=VERTEX_POINT('',#8975);
#8977=CARTESIAN_POINT('',(2.675E1,3.4E0,-6.4E0));
#8978=VERTEX_POINT('',#8977);
#8979=CARTESIAN_POINT('',(2.95E1,1.2E1,-4.85E0));
#8980=VERTEX_POINT('',#8979);
#8981=CARTESIAN_POINT('',(2.875E1,1.2E1,-4.85E0));
#8982=VERTEX_POINT('',#8981);
#8983=CARTESIAN_POINT('',(2.95E1,1.2E1,-1.023E1));
#8984=VERTEX_POINT('',#8983);
#8985=CARTESIAN_POINT('',(2.875E1,1.2E1,-4.299999959587E0));
#8986=CARTESIAN_POINT('',(2.820289607323E1,1.199999998752E1,-4.299999845701E0));
#8987=VERTEX_POINT('',#8985);
#8988=VERTEX_POINT('',#8986);
#8989=CARTESIAN_POINT('',(2.715E1,1.2E1,-1.023E1));
#8990=VERTEX_POINT('',#8989);
#8991=CARTESIAN_POINT('',(2.715E1,1.2E1,-1.090805028316E1));
#8992=VERTEX_POINT('',#8991);
#8993=CARTESIAN_POINT('',(3.E1,1.2E1,-3.1E0));
#8994=CARTESIAN_POINT('',(3.E1,1.2E1,-1.090805028316E1));
#8995=VERTEX_POINT('',#8993);
#8996=VERTEX_POINT('',#8994);
#8997=CARTESIAN_POINT('',(2.809999992206E1,1.070000003963E1,-4.599999984828E0));
#8998=VERTEX_POINT('',#8997);
#8999=CARTESIAN_POINT('',(2.875E1,1.070000008796E1,-4.599999990647E0));
#9000=VERTEX_POINT('',#8999);
#9001=CARTESIAN_POINT('',(2.710978095075E1,1.182571745324E1,-1.118043809851E1));
#9002=CARTESIAN_POINT('',(2.685E1,1.07E1,-1.17E1));
#9003=VERTEX_POINT('',#9001);
#9004=VERTEX_POINT('',#9002);
#9005=CARTESIAN_POINT('',(3.E1,1.07E1,-1.17E1));
#9006=CARTESIAN_POINT('',(3.E1,9.E0,-1.17E1));
#9007=VERTEX_POINT('',#9005);
#9008=VERTEX_POINT('',#9006);
#9009=CARTESIAN_POINT('',(3.E1,9.E0,-1.09E1));
#9010=VERTEX_POINT('',#9009);
#9011=CARTESIAN_POINT('',(2.775E1,3.833970178372E-14,-3.1E0));
#9012=CARTESIAN_POINT('',(2.775E1,3.735900477864E-14,-9.8E0));
#9013=VERTEX_POINT('',#9011);
#9014=VERTEX_POINT('',#9012);
#9015=CARTESIAN_POINT('',(3.E1,3.848773152034E-14,-1.07E1));
#9016=CARTESIAN_POINT('',(3.E1,3.759955310064E-14,-3.1E0));
#9017=VERTEX_POINT('',#9015);
#9018=VERTEX_POINT('',#9016);
#9019=CARTESIAN_POINT('',(2.66E1,1.6E0,-3.5E0));
#9020=CARTESIAN_POINT('',(2.675E1,1.75E0,-3.5E0));
#9021=VERTEX_POINT('',#9019);
#9022=VERTEX_POINT('',#9020);
#9023=CARTESIAN_POINT('',(2.675E1,2.45E0,-3.5E0));
#9024=VERTEX_POINT('',#9023);
#9025=CARTESIAN_POINT('',(2.66E1,2.6E0,-3.5E0));
#9026=VERTEX_POINT('',#9025);
#9027=CARTESIAN_POINT('',(2.775E1,3.4E0,-3.1E0));
#9028=VERTEX_POINT('',#9027);
#9029=CARTESIAN_POINT('',(3.E1,1.182571745324E1,-1.118043809851E1));
#9030=VERTEX_POINT('',#9029);
#9031=CARTESIAN_POINT('',(2.775E1,4.E-1,-9.8E0));
#9032=VERTEX_POINT('',#9031);
#9033=CARTESIAN_POINT('',(2.775E1,4.E-1,-3.5E0));
#9034=VERTEX_POINT('',#9033);
#9035=CARTESIAN_POINT('',(2.775E1,2.8E0,-3.5E0));
#9036=VERTEX_POINT('',#9035);
#9037=VERTEX_POINT('',#3638);
#9038=VERTEX_POINT('',#3644);
#9039=CARTESIAN_POINT('',(2.66E1,2.6E0,-1.000000000001E0));
#9040=VERTEX_POINT('',#9039);
#9041=CARTESIAN_POINT('',(2.675E1,2.450000000001E0,-1.000000000001E0));
#9042=VERTEX_POINT('',#9041);
#9043=VERTEX_POINT('',#3614);
#9044=CARTESIAN_POINT('',(2.675E1,1.749999999999E0,-1.000000000001E0));
#9045=VERTEX_POINT('',#9044);
#9046=CARTESIAN_POINT('',(2.655E1,1.8E0,2.593480985524E-13));
#9047=VERTEX_POINT('',#9046);
#9048=CARTESIAN_POINT('',(2.655E1,2.4E0,2.721526707698E-13));
#9049=VERTEX_POINT('',#9048);
#9050=CARTESIAN_POINT('',(3.75E0,4.142894012398E0,-8.259822825110E0));
#9051=CARTESIAN_POINT('',(3.75E0,3.4E0,-8.284999999999E0));
#9052=VERTEX_POINT('',#9050);
#9053=VERTEX_POINT('',#9051);
#9054=CARTESIAN_POINT('',(3.75E0,4.142894012398E0,-5.540177174890E0));
#9055=CARTESIAN_POINT('',(3.75E0,3.4E0,-5.515000000001E0));
#9056=VERTEX_POINT('',#9054);
#9057=VERTEX_POINT('',#9055);
#9058=CARTESIAN_POINT('',(3.75E0,4.432732645657E0,-7.959994963453E0));
#9059=VERTEX_POINT('',#9058);
#9060=CARTESIAN_POINT('',(3.75E0,4.432732645657E0,-5.840005036547E0));
#9061=VERTEX_POINT('',#9060);
#9062=CARTESIAN_POINT('',(3.75E0,4.E0,-9.825E0));
#9063=VERTEX_POINT('',#9062);
#9064=CARTESIAN_POINT('',(2.390177174890E0,4.142894012398E0,-6.9E0));
#9065=VERTEX_POINT('',#9064);
#9066=CARTESIAN_POINT('',(2.690006957087E0,4.432732645651E0,-6.9E0));
#9067=VERTEX_POINT('',#9066);
#9068=CARTESIAN_POINT('',(5.109822825110E0,4.142894012398E0,-6.9E0));
#9069=VERTEX_POINT('',#9068);
#9070=CARTESIAN_POINT('',(1.125E1,4.142894012398E0,-8.259822825109E0));
#9071=CARTESIAN_POINT('',(1.125E1,3.4E0,-8.284999999999E0));
#9072=VERTEX_POINT('',#9070);
#9073=VERTEX_POINT('',#9071);
#9074=CARTESIAN_POINT('',(1.125E1,4.142894012398E0,-5.540177174891E0));
#9075=CARTESIAN_POINT('',(1.125E1,3.4E0,-5.515000000001E0));
#9076=VERTEX_POINT('',#9074);
#9077=VERTEX_POINT('',#9075);
#9078=CARTESIAN_POINT('',(1.125E1,4.432732645657E0,-7.959994963450E0));
#9079=VERTEX_POINT('',#9078);
#9080=CARTESIAN_POINT('',(1.125E1,4.432732645657E0,-5.840005036550E0));
#9081=VERTEX_POINT('',#9080);
#9082=CARTESIAN_POINT('',(1.125E1,4.E0,-9.825E0));
#9083=VERTEX_POINT('',#9082);
#9084=CARTESIAN_POINT('',(9.890177174893E0,4.142894012398E0,-6.9E0));
#9085=VERTEX_POINT('',#9084);
#9086=CARTESIAN_POINT('',(1.019000695709E1,4.432732645651E0,-6.9E0));
#9087=VERTEX_POINT('',#9086);
#9088=CARTESIAN_POINT('',(1.260982282511E1,4.142894012398E0,-6.9E0));
#9089=VERTEX_POINT('',#9088);
#9090=CARTESIAN_POINT('',(1.875E1,4.142894012398E0,-8.259822825108E0));
#9091=CARTESIAN_POINT('',(1.875E1,3.4E0,-8.285000000002E0));
#9092=VERTEX_POINT('',#9090);
#9093=VERTEX_POINT('',#9091);
#9094=CARTESIAN_POINT('',(1.875E1,4.142894012398E0,-5.540177174892E0));
#9095=CARTESIAN_POINT('',(1.875E1,3.4E0,-5.514999999998E0));
#9096=VERTEX_POINT('',#9094);
#9097=VERTEX_POINT('',#9095);
#9098=CARTESIAN_POINT('',(1.875E1,4.432732645657E0,-7.959994963450E0));
#9099=VERTEX_POINT('',#9098);
#9100=CARTESIAN_POINT('',(1.875E1,4.432732645657E0,-5.840005036550E0));
#9101=VERTEX_POINT('',#9100);
#9102=CARTESIAN_POINT('',(1.875E1,4.E0,-9.825E0));
#9103=VERTEX_POINT('',#9102);
#9104=CARTESIAN_POINT('',(1.739017717489E1,4.142894012398E0,-6.9E0));
#9105=VERTEX_POINT('',#9104);
#9106=CARTESIAN_POINT('',(1.769000695709E1,4.432732645651E0,-6.9E0));
#9107=VERTEX_POINT('',#9106);
#9108=CARTESIAN_POINT('',(2.010982282511E1,4.142894012398E0,-6.9E0));
#9109=VERTEX_POINT('',#9108);
#9110=CARTESIAN_POINT('',(2.625E1,3.4E0,-5.514999999998E0));
#9111=CARTESIAN_POINT('',(2.625E1,4.142894012398E0,-5.540177174892E0));
#9112=VERTEX_POINT('',#9110);
#9113=VERTEX_POINT('',#9111);
#9114=CARTESIAN_POINT('',(2.625E1,3.4E0,-8.285000000002E0));
#9115=CARTESIAN_POINT('',(2.625E1,4.142894012398E0,-8.259822825108E0));
#9116=VERTEX_POINT('',#9114);
#9117=VERTEX_POINT('',#9115);
#9118=CARTESIAN_POINT('',(2.625E1,4.432732645657E0,-5.840005036550E0));
#9119=VERTEX_POINT('',#9118);
#9120=CARTESIAN_POINT('',(2.625E1,4.432732645657E0,-7.959994963450E0));
#9121=VERTEX_POINT('',#9120);
#9122=CARTESIAN_POINT('',(2.625E1,4.E0,-9.825E0));
#9123=VERTEX_POINT('',#9122);
#9124=CARTESIAN_POINT('',(2.489017717489E1,4.142894012398E0,-6.9E0));
#9125=VERTEX_POINT('',#9124);
#9126=CARTESIAN_POINT('',(2.519000695709E1,4.432732645651E0,-6.9E0));
#9127=VERTEX_POINT('',#9126);
#9128=CARTESIAN_POINT('',(2.760982282511E1,4.142894012398E0,-6.9E0));
#9129=VERTEX_POINT('',#9128);
#9130=CARTESIAN_POINT('',(2.730999304291E1,4.432732645651E0,-6.9E0));
#9131=VERTEX_POINT('',#9130);
#9132=CARTESIAN_POINT('',(2.275E0,8.35E0,-9.93E0));
#9133=DIRECTION('',(0.E0,0.E0,1.E0));
#9134=DIRECTION('',(1.E0,0.E0,0.E0));
#9135=AXIS2_PLACEMENT_3D('',#9132,#9133,#9134);
#9136=PLANE('',#9135);
#9138=ORIENTED_EDGE('',*,*,#9137,.F.);
#9140=ORIENTED_EDGE('',*,*,#9139,.F.);
#9142=ORIENTED_EDGE('',*,*,#9141,.F.);
#9144=ORIENTED_EDGE('',*,*,#9143,.F.);
#9146=ORIENTED_EDGE('',*,*,#9145,.F.);
#9148=ORIENTED_EDGE('',*,*,#9147,.F.);
#9150=ORIENTED_EDGE('',*,*,#9149,.F.);
#9152=ORIENTED_EDGE('',*,*,#9151,.F.);
#9154=ORIENTED_EDGE('',*,*,#9153,.F.);
#9156=ORIENTED_EDGE('',*,*,#9155,.F.);
#9158=ORIENTED_EDGE('',*,*,#9157,.F.);
#9160=ORIENTED_EDGE('',*,*,#9159,.F.);
#9161=EDGE_LOOP('',(#9138,#9140,#9142,#9144,#9146,#9148,#9150,#9152,#9154,#9156,
#9158,#9160));
#9162=FACE_OUTER_BOUND('',#9161,.F.);
#9164=CARTESIAN_POINT('',(2.595E1,1.07E1,-1.0815E1));
#9165=DIRECTION('',(0.E0,1.E0,0.E0));
#9166=DIRECTION('',(0.E0,0.E0,1.E0));
#9167=AXIS2_PLACEMENT_3D('',#9164,#9165,#9166);
#9168=PLANE('',#9167);
#9170=ORIENTED_EDGE('',*,*,#9169,.F.);
#9172=ORIENTED_EDGE('',*,*,#9171,.T.);
#9173=ORIENTED_EDGE('',*,*,#9137,.T.);
#9175=ORIENTED_EDGE('',*,*,#9174,.F.);
#9176=EDGE_LOOP('',(#9170,#9172,#9173,#9175));
#9177=FACE_OUTER_BOUND('',#9176,.F.);
#9179=CARTESIAN_POINT('',(1.875E0,9.85E0,-1.17E1));
#9180=DIRECTION('',(0.E0,0.E0,1.E0));
#9181=DIRECTION('',(0.E0,-1.E0,0.E0));
#9182=AXIS2_PLACEMENT_3D('',#9179,#9180,#9181);
#9183=PLANE('',#9182);
#9185=ORIENTED_EDGE('',*,*,#9184,.F.);
#9187=ORIENTED_EDGE('',*,*,#9186,.F.);
#9189=ORIENTED_EDGE('',*,*,#9188,.F.);
#9190=ORIENTED_EDGE('',*,*,#9169,.T.);
#9192=ORIENTED_EDGE('',*,*,#9191,.T.);
#9194=ORIENTED_EDGE('',*,*,#9193,.F.);
#9196=ORIENTED_EDGE('',*,*,#9195,.T.);
#9198=ORIENTED_EDGE('',*,*,#9197,.F.);
#9200=ORIENTED_EDGE('',*,*,#9199,.T.);
#9202=ORIENTED_EDGE('',*,*,#9201,.F.);
#9204=ORIENTED_EDGE('',*,*,#9203,.F.);
#9206=ORIENTED_EDGE('',*,*,#9205,.F.);
#9207=EDGE_LOOP('',(#9185,#9187,#9189,#9190,#9192,#9194,#9196,#9198,#9200,#9202,
#9204,#9206));
#9208=FACE_OUTER_BOUND('',#9207,.F.);
#9210=CARTESIAN_POINT('',(1.875E0,9.E0,-1.13E1));
#9211=DIRECTION('',(0.E0,1.E0,0.E0));
#9212=DIRECTION('',(0.E0,0.E0,-1.E0));
#9213=AXIS2_PLACEMENT_3D('',#9210,#9211,#9212);
#9214=PLANE('',#9213);
#9216=ORIENTED_EDGE('',*,*,#9215,.F.);
#9218=ORIENTED_EDGE('',*,*,#9217,.F.);
#9219=ORIENTED_EDGE('',*,*,#9184,.T.);
#9221=ORIENTED_EDGE('',*,*,#9220,.F.);
#9222=EDGE_LOOP('',(#9216,#9218,#9219,#9221));
#9223=FACE_OUTER_BOUND('',#9222,.F.);
#9225=CARTESIAN_POINT('',(1.875E0,4.5E0,-1.08E1));
#9226=DIRECTION('',(0.E0,2.221673728515E-2,9.997531778316E-1));
#9227=DIRECTION('',(0.E0,-9.997531778316E-1,2.221673728515E-2));
#9228=AXIS2_PLACEMENT_3D('',#9225,#9226,#9227);
#9229=PLANE('',#9228);
#9231=ORIENTED_EDGE('',*,*,#9230,.F.);
#9233=ORIENTED_EDGE('',*,*,#9232,.F.);
#9234=ORIENTED_EDGE('',*,*,#9215,.T.);
#9236=ORIENTED_EDGE('',*,*,#9235,.F.);
#9237=EDGE_LOOP('',(#9231,#9233,#9234,#9236));
#9238=FACE_OUTER_BOUND('',#9237,.F.);
#9240=ORIENTED_EDGE('',*,*,#9239,.T.);
#9242=ORIENTED_EDGE('',*,*,#9241,.F.);
#9244=ORIENTED_EDGE('',*,*,#9243,.T.);
#9246=ORIENTED_EDGE('',*,*,#9245,.T.);
#9248=ORIENTED_EDGE('',*,*,#9247,.F.);
#9250=ORIENTED_EDGE('',*,*,#9249,.T.);
#9252=ORIENTED_EDGE('',*,*,#9251,.F.);
#9254=ORIENTED_EDGE('',*,*,#9253,.T.);
#9256=ORIENTED_EDGE('',*,*,#9255,.T.);
#9258=ORIENTED_EDGE('',*,*,#9257,.F.);
#9259=EDGE_LOOP('',(#9240,#9242,#9244,#9246,#9248,#9250,#9252,#9254,#9256,
#9258));
#9260=FACE_BOUND('',#9259,.F.);
#9262=ORIENTED_EDGE('',*,*,#9261,.T.);
#9264=ORIENTED_EDGE('',*,*,#9263,.F.);
#9266=ORIENTED_EDGE('',*,*,#9265,.T.);
#9268=ORIENTED_EDGE('',*,*,#9267,.F.);
#9270=ORIENTED_EDGE('',*,*,#9269,.T.);
#9272=ORIENTED_EDGE('',*,*,#9271,.F.);
#9274=ORIENTED_EDGE('',*,*,#9273,.T.);
#9276=ORIENTED_EDGE('',*,*,#9275,.F.);
#9278=ORIENTED_EDGE('',*,*,#9277,.T.);
#9280=ORIENTED_EDGE('',*,*,#9279,.F.);
#9282=ORIENTED_EDGE('',*,*,#9281,.T.);
#9284=ORIENTED_EDGE('',*,*,#9283,.F.);
#9285=EDGE_LOOP('',(#9262,#9264,#9266,#9268,#9270,#9272,#9274,#9276,#9278,#9280,
#9282,#9284));
#9286=FACE_BOUND('',#9285,.F.);
#9288=ORIENTED_EDGE('',*,*,#9287,.F.);
#9290=ORIENTED_EDGE('',*,*,#9289,.T.);
#9292=ORIENTED_EDGE('',*,*,#9291,.F.);
#9294=ORIENTED_EDGE('',*,*,#9293,.T.);
#9296=ORIENTED_EDGE('',*,*,#9295,.T.);
#9298=ORIENTED_EDGE('',*,*,#9297,.T.);
#9300=ORIENTED_EDGE('',*,*,#9299,.T.);
#9302=ORIENTED_EDGE('',*,*,#9301,.T.);
#9304=ORIENTED_EDGE('',*,*,#9303,.T.);
#9306=ORIENTED_EDGE('',*,*,#9305,.T.);
#9308=ORIENTED_EDGE('',*,*,#9307,.T.);
#9310=ORIENTED_EDGE('',*,*,#9309,.T.);
#9312=ORIENTED_EDGE('',*,*,#9311,.T.);
#9314=ORIENTED_EDGE('',*,*,#9313,.T.);
#9316=ORIENTED_EDGE('',*,*,#9315,.F.);
#9318=ORIENTED_EDGE('',*,*,#9317,.F.);
#9320=ORIENTED_EDGE('',*,*,#9319,.T.);
#9322=ORIENTED_EDGE('',*,*,#9321,.T.);
#9324=ORIENTED_EDGE('',*,*,#9323,.T.);
#9326=ORIENTED_EDGE('',*,*,#9325,.T.);
#9328=ORIENTED_EDGE('',*,*,#9327,.T.);
#9330=ORIENTED_EDGE('',*,*,#9329,.T.);
#9332=ORIENTED_EDGE('',*,*,#9331,.T.);
#9334=ORIENTED_EDGE('',*,*,#9333,.T.);
#9336=ORIENTED_EDGE('',*,*,#9335,.T.);
#9338=ORIENTED_EDGE('',*,*,#9337,.T.);
#9340=ORIENTED_EDGE('',*,*,#9339,.T.);
#9342=ORIENTED_EDGE('',*,*,#9341,.F.);
#9344=ORIENTED_EDGE('',*,*,#9343,.T.);
#9346=ORIENTED_EDGE('',*,*,#9345,.T.);
#9348=ORIENTED_EDGE('',*,*,#9347,.T.);
#9350=ORIENTED_EDGE('',*,*,#9349,.T.);
#9352=ORIENTED_EDGE('',*,*,#9351,.T.);
#9354=ORIENTED_EDGE('',*,*,#9353,.F.);
#9356=ORIENTED_EDGE('',*,*,#9355,.F.);
#9358=ORIENTED_EDGE('',*,*,#9357,.T.);
#9360=ORIENTED_EDGE('',*,*,#9359,.T.);
#9362=ORIENTED_EDGE('',*,*,#9361,.T.);
#9364=ORIENTED_EDGE('',*,*,#9363,.F.);
#9366=ORIENTED_EDGE('',*,*,#9365,.F.);
#9368=ORIENTED_EDGE('',*,*,#9367,.T.);
#9370=ORIENTED_EDGE('',*,*,#9369,.F.);
#9372=ORIENTED_EDGE('',*,*,#9371,.F.);
#9374=ORIENTED_EDGE('',*,*,#9373,.T.);
#9376=ORIENTED_EDGE('',*,*,#9375,.T.);
#9378=ORIENTED_EDGE('',*,*,#9377,.T.);
#9380=ORIENTED_EDGE('',*,*,#9379,.T.);
#9382=ORIENTED_EDGE('',*,*,#9381,.T.);
#9384=ORIENTED_EDGE('',*,*,#9383,.T.);
#9386=ORIENTED_EDGE('',*,*,#9385,.F.);
#9388=ORIENTED_EDGE('',*,*,#9387,.T.);
#9390=ORIENTED_EDGE('',*,*,#9389,.T.);
#9392=ORIENTED_EDGE('',*,*,#9391,.T.);
#9394=ORIENTED_EDGE('',*,*,#9393,.T.);
#9396=ORIENTED_EDGE('',*,*,#9395,.T.);
#9398=ORIENTED_EDGE('',*,*,#9397,.T.);
#9400=ORIENTED_EDGE('',*,*,#9399,.F.);
#9402=ORIENTED_EDGE('',*,*,#9401,.T.);
#9404=ORIENTED_EDGE('',*,*,#9403,.T.);
#9406=ORIENTED_EDGE('',*,*,#9405,.T.);
#9408=ORIENTED_EDGE('',*,*,#9407,.T.);
#9410=ORIENTED_EDGE('',*,*,#9409,.T.);
#9412=ORIENTED_EDGE('',*,*,#9411,.T.);
#9414=ORIENTED_EDGE('',*,*,#9413,.T.);
#9416=ORIENTED_EDGE('',*,*,#9415,.T.);
#9418=ORIENTED_EDGE('',*,*,#9417,.T.);
#9420=ORIENTED_EDGE('',*,*,#9419,.F.);
#9422=ORIENTED_EDGE('',*,*,#9421,.F.);
#9424=ORIENTED_EDGE('',*,*,#9423,.T.);
#9426=ORIENTED_EDGE('',*,*,#9425,.T.);
#9428=ORIENTED_EDGE('',*,*,#9427,.T.);
#9430=ORIENTED_EDGE('',*,*,#9429,.T.);
#9432=ORIENTED_EDGE('',*,*,#9431,.F.);
#9434=ORIENTED_EDGE('',*,*,#9433,.F.);
#9436=ORIENTED_EDGE('',*,*,#9435,.T.);
#9438=ORIENTED_EDGE('',*,*,#9437,.T.);
#9440=ORIENTED_EDGE('',*,*,#9439,.T.);
#9442=ORIENTED_EDGE('',*,*,#9441,.T.);
#9443=EDGE_LOOP('',(#9288,#9290,#9292,#9294,#9296,#9298,#9300,#9302,#9304,#9306,
#9308,#9310,#9312,#9314,#9316,#9318,#9320,#9322,#9324,#9326,#9328,#9330,#9332,
#9334,#9336,#9338,#9340,#9342,#9344,#9346,#9348,#9350,#9352,#9354,#9356,#9358,
#9360,#9362,#9364,#9366,#9368,#9370,#9372,#9374,#9376,#9378,#9380,#9382,#9384,
#9386,#9388,#9390,#9392,#9394,#9396,#9398,#9400,#9402,#9404,#9406,#9408,#9410,
#9412,#9414,#9416,#9418,#9420,#9422,#9424,#9426,#9428,#9430,#9432,#9434,#9436,
#9438,#9440,#9442));
#9444=FACE_BOUND('',#9443,.F.);
#9446=ORIENTED_EDGE('',*,*,#9445,.T.);
#9448=ORIENTED_EDGE('',*,*,#9447,.F.);
#9450=ORIENTED_EDGE('',*,*,#9449,.T.);
#9452=ORIENTED_EDGE('',*,*,#9451,.T.);
#9454=ORIENTED_EDGE('',*,*,#9453,.T.);
#9456=ORIENTED_EDGE('',*,*,#9455,.T.);
#9458=ORIENTED_EDGE('',*,*,#9457,.T.);
#9460=ORIENTED_EDGE('',*,*,#9459,.T.);
#9462=ORIENTED_EDGE('',*,*,#9461,.T.);
#9464=ORIENTED_EDGE('',*,*,#9463,.T.);
#9466=ORIENTED_EDGE('',*,*,#9465,.T.);
#9468=ORIENTED_EDGE('',*,*,#9467,.T.);
#9470=ORIENTED_EDGE('',*,*,#9469,.T.);
#9472=ORIENTED_EDGE('',*,*,#9471,.F.);
#9474=ORIENTED_EDGE('',*,*,#9473,.F.);
#9476=ORIENTED_EDGE('',*,*,#9475,.T.);
#9478=ORIENTED_EDGE('',*,*,#9477,.T.);
#9480=ORIENTED_EDGE('',*,*,#9479,.T.);
#9482=ORIENTED_EDGE('',*,*,#9481,.T.);
#9484=ORIENTED_EDGE('',*,*,#9483,.T.);
#9486=ORIENTED_EDGE('',*,*,#9485,.T.);
#9488=ORIENTED_EDGE('',*,*,#9487,.F.);
#9490=ORIENTED_EDGE('',*,*,#9489,.T.);
#9492=ORIENTED_EDGE('',*,*,#9491,.T.);
#9494=ORIENTED_EDGE('',*,*,#9493,.T.);
#9496=ORIENTED_EDGE('',*,*,#9495,.T.);
#9498=ORIENTED_EDGE('',*,*,#9497,.T.);
#9500=ORIENTED_EDGE('',*,*,#9499,.T.);
#9502=ORIENTED_EDGE('',*,*,#9501,.T.);
#9504=ORIENTED_EDGE('',*,*,#9503,.T.);
#9506=ORIENTED_EDGE('',*,*,#9505,.T.);
#9508=ORIENTED_EDGE('',*,*,#9507,.F.);
#9510=ORIENTED_EDGE('',*,*,#9509,.T.);
#9512=ORIENTED_EDGE('',*,*,#9511,.T.);
#9514=ORIENTED_EDGE('',*,*,#9513,.T.);
#9516=ORIENTED_EDGE('',*,*,#9515,.T.);
#9517=EDGE_LOOP('',(#9446,#9448,#9450,#9452,#9454,#9456,#9458,#9460,#9462,#9464,
#9466,#9468,#9470,#9472,#9474,#9476,#9478,#9480,#9482,#9484,#9486,#9488,#9490,
#9492,#9494,#9496,#9498,#9500,#9502,#9504,#9506,#9508,#9510,#9512,#9514,#9516));
#9518=FACE_BOUND('',#9517,.F.);
#9520=ORIENTED_EDGE('',*,*,#9519,.T.);
#9522=ORIENTED_EDGE('',*,*,#9521,.F.);
#9524=ORIENTED_EDGE('',*,*,#9523,.F.);
#9526=ORIENTED_EDGE('',*,*,#9525,.T.);
#9528=ORIENTED_EDGE('',*,*,#9527,.T.);
#9530=ORIENTED_EDGE('',*,*,#9529,.T.);
#9532=ORIENTED_EDGE('',*,*,#9531,.T.);
#9534=ORIENTED_EDGE('',*,*,#9533,.T.);
#9536=ORIENTED_EDGE('',*,*,#9535,.T.);
#9538=ORIENTED_EDGE('',*,*,#9537,.T.);
#9540=ORIENTED_EDGE('',*,*,#9539,.T.);
#9542=ORIENTED_EDGE('',*,*,#9541,.T.);
#9544=ORIENTED_EDGE('',*,*,#9543,.T.);
#9546=ORIENTED_EDGE('',*,*,#9545,.T.);
#9548=ORIENTED_EDGE('',*,*,#9547,.T.);
#9550=ORIENTED_EDGE('',*,*,#9549,.T.);
#9552=ORIENTED_EDGE('',*,*,#9551,.T.);
#9554=ORIENTED_EDGE('',*,*,#9553,.T.);
#9556=ORIENTED_EDGE('',*,*,#9555,.T.);
#9558=ORIENTED_EDGE('',*,*,#9557,.T.);
#9560=ORIENTED_EDGE('',*,*,#9559,.T.);
#9562=ORIENTED_EDGE('',*,*,#9561,.T.);
#9564=ORIENTED_EDGE('',*,*,#9563,.T.);
#9566=ORIENTED_EDGE('',*,*,#9565,.T.);
#9568=ORIENTED_EDGE('',*,*,#9567,.F.);
#9570=ORIENTED_EDGE('',*,*,#9569,.T.);
#9572=ORIENTED_EDGE('',*,*,#9571,.T.);
#9574=ORIENTED_EDGE('',*,*,#9573,.T.);
#9576=ORIENTED_EDGE('',*,*,#9575,.T.);
#9578=ORIENTED_EDGE('',*,*,#9577,.T.);
#9580=ORIENTED_EDGE('',*,*,#9579,.F.);
#9582=ORIENTED_EDGE('',*,*,#9581,.T.);
#9584=ORIENTED_EDGE('',*,*,#9583,.T.);
#9586=ORIENTED_EDGE('',*,*,#9585,.T.);
#9588=ORIENTED_EDGE('',*,*,#9587,.T.);
#9590=ORIENTED_EDGE('',*,*,#9589,.T.);
#9592=ORIENTED_EDGE('',*,*,#9591,.T.);
#9594=ORIENTED_EDGE('',*,*,#9593,.F.);
#9596=ORIENTED_EDGE('',*,*,#9595,.T.);
#9598=ORIENTED_EDGE('',*,*,#9597,.F.);
#9600=ORIENTED_EDGE('',*,*,#9599,.T.);
#9602=ORIENTED_EDGE('',*,*,#9601,.T.);
#9604=ORIENTED_EDGE('',*,*,#9603,.T.);
#9606=ORIENTED_EDGE('',*,*,#9605,.T.);
#9608=ORIENTED_EDGE('',*,*,#9607,.T.);
#9610=ORIENTED_EDGE('',*,*,#9609,.F.);
#9612=ORIENTED_EDGE('',*,*,#9611,.F.);
#9614=ORIENTED_EDGE('',*,*,#9613,.F.);
#9616=ORIENTED_EDGE('',*,*,#9615,.T.);
#9618=ORIENTED_EDGE('',*,*,#9617,.T.);
#9620=ORIENTED_EDGE('',*,*,#9619,.T.);
#9622=ORIENTED_EDGE('',*,*,#9621,.T.);
#9624=ORIENTED_EDGE('',*,*,#9623,.F.);
#9626=ORIENTED_EDGE('',*,*,#9625,.T.);
#9628=ORIENTED_EDGE('',*,*,#9627,.T.);
#9630=ORIENTED_EDGE('',*,*,#9629,.T.);
#9632=ORIENTED_EDGE('',*,*,#9631,.T.);
#9634=ORIENTED_EDGE('',*,*,#9633,.T.);
#9636=ORIENTED_EDGE('',*,*,#9635,.T.);
#9638=ORIENTED_EDGE('',*,*,#9637,.T.);
#9639=EDGE_LOOP('',(#9520,#9522,#9524,#9526,#9528,#9530,#9532,#9534,#9536,#9538,
#9540,#9542,#9544,#9546,#9548,#9550,#9552,#9554,#9556,#9558,#9560,#9562,#9564,
#9566,#9568,#9570,#9572,#9574,#9576,#9578,#9580,#9582,#9584,#9586,#9588,#9590,
#9592,#9594,#9596,#9598,#9600,#9602,#9604,#9606,#9608,#9610,#9612,#9614,#9616,
#9618,#9620,#9622,#9624,#9626,#9628,#9630,#9632,#9634,#9636,#9638));
#9640=FACE_BOUND('',#9639,.F.);
#9642=ORIENTED_EDGE('',*,*,#9641,.T.);
#9644=ORIENTED_EDGE('',*,*,#9643,.T.);
#9646=ORIENTED_EDGE('',*,*,#9645,.F.);
#9648=ORIENTED_EDGE('',*,*,#9647,.F.);
#9650=ORIENTED_EDGE('',*,*,#9649,.F.);
#9651=EDGE_LOOP('',(#9642,#9644,#9646,#9648,#9650));
#9652=FACE_BOUND('',#9651,.F.);
#9654=ORIENTED_EDGE('',*,*,#9653,.F.);
#9656=ORIENTED_EDGE('',*,*,#9655,.F.);
#9658=ORIENTED_EDGE('',*,*,#9657,.F.);
#9660=ORIENTED_EDGE('',*,*,#9659,.F.);
#9662=ORIENTED_EDGE('',*,*,#9661,.T.);
#9664=ORIENTED_EDGE('',*,*,#9663,.F.);
#9666=ORIENTED_EDGE('',*,*,#9665,.F.);
#9668=ORIENTED_EDGE('',*,*,#9667,.F.);
#9670=ORIENTED_EDGE('',*,*,#9669,.T.);
#9672=ORIENTED_EDGE('',*,*,#9671,.T.);
#9674=ORIENTED_EDGE('',*,*,#9673,.T.);
#9676=ORIENTED_EDGE('',*,*,#9675,.T.);
#9678=ORIENTED_EDGE('',*,*,#9677,.T.);
#9680=ORIENTED_EDGE('',*,*,#9679,.T.);
#9682=ORIENTED_EDGE('',*,*,#9681,.T.);
#9684=ORIENTED_EDGE('',*,*,#9683,.T.);
#9686=ORIENTED_EDGE('',*,*,#9685,.T.);
#9688=ORIENTED_EDGE('',*,*,#9687,.T.);
#9690=ORIENTED_EDGE('',*,*,#9689,.F.);
#9692=ORIENTED_EDGE('',*,*,#9691,.F.);
#9694=ORIENTED_EDGE('',*,*,#9693,.F.);
#9696=ORIENTED_EDGE('',*,*,#9695,.F.);
#9698=ORIENTED_EDGE('',*,*,#9697,.T.);
#9700=ORIENTED_EDGE('',*,*,#9699,.T.);
#9702=ORIENTED_EDGE('',*,*,#9701,.T.);
#9704=ORIENTED_EDGE('',*,*,#9703,.T.);
#9706=ORIENTED_EDGE('',*,*,#9705,.T.);
#9708=ORIENTED_EDGE('',*,*,#9707,.T.);
#9710=ORIENTED_EDGE('',*,*,#9709,.T.);
#9712=ORIENTED_EDGE('',*,*,#9711,.T.);
#9714=ORIENTED_EDGE('',*,*,#9713,.T.);
#9716=ORIENTED_EDGE('',*,*,#9715,.T.);
#9718=ORIENTED_EDGE('',*,*,#9717,.F.);
#9719=EDGE_LOOP('',(#9654,#9656,#9658,#9660,#9662,#9664,#9666,#9668,#9670,#9672,
#9674,#9676,#9678,#9680,#9682,#9684,#9686,#9688,#9690,#9692,#9694,#9696,#9698,
#9700,#9702,#9704,#9706,#9708,#9710,#9712,#9714,#9716,#9718));
#9720=FACE_BOUND('',#9719,.F.);
#9722=CARTESIAN_POINT('',(4.979579453487E0,5.953235723527E0,-1.082229165836E1));
#9723=DIRECTION('',(-6.491493411937E-2,9.976444997332E-1,-2.216987776918E-2));
#9724=DIRECTION('',(-9.978908013046E-1,-6.489891167599E-2,1.442197973145E-3));
#9725=AXIS2_PLACEMENT_3D('',#9722,#9723,#9724);
#9726=PLANE('',#9725);
#9727=ORIENTED_EDGE('',*,*,#9653,.T.);
#9729=ORIENTED_EDGE('',*,*,#9728,.F.);
#9731=ORIENTED_EDGE('',*,*,#9730,.T.);
#9733=ORIENTED_EDGE('',*,*,#9732,.F.);
#9734=EDGE_LOOP('',(#9727,#9729,#9731,#9733));
#9735=FACE_OUTER_BOUND('',#9734,.F.);
#9737=CARTESIAN_POINT('',(5.010608552976E0,5.956553537284E0,-1.082236538755E1));
#9738=DIRECTION('',(-1.374055630705E-1,9.902703907611E-1,-2.200600870472E-2));
#9739=DIRECTION('',(-9.905148717901E-1,-1.373716483332E-1,3.052703216557E-3));
#9740=AXIS2_PLACEMENT_3D('',#9737,#9738,#9739);
#9741=PLANE('',#9740);
#9742=ORIENTED_EDGE('',*,*,#9717,.T.);
#9744=ORIENTED_EDGE('',*,*,#9743,.F.);
#9746=ORIENTED_EDGE('',*,*,#9745,.T.);
#9747=ORIENTED_EDGE('',*,*,#9728,.T.);
#9748=EDGE_LOOP('',(#9742,#9744,#9746,#9747));
#9749=FACE_OUTER_BOUND('',#9748,.F.);
#9751=CARTESIAN_POINT('',(5.044471381786E0,5.962775324932E0,-1.082250364950E1));
#9752=DIRECTION('',(-2.267579847747E-1,9.737107437944E-1,-2.163801654957E-2));
#9753=DIRECTION('',(-9.739511365263E-1,-2.267020158761E-1,5.037822621954E-3));
#9754=AXIS2_PLACEMENT_3D('',#9751,#9752,#9753);
#9755=PLANE('',#9754);
#9756=ORIENTED_EDGE('',*,*,#9715,.F.);
#9758=ORIENTED_EDGE('',*,*,#9757,.F.);
#9760=ORIENTED_EDGE('',*,*,#9759,.F.);
#9761=ORIENTED_EDGE('',*,*,#9743,.T.);
#9762=EDGE_LOOP('',(#9756,#9758,#9760,#9761));
#9763=FACE_OUTER_BOUND('',#9762,.F.);
#9765=CARTESIAN_POINT('',(5.075443711942E0,5.971648052982E0,-1.082270082123E1));
#9766=DIRECTION('',(-3.266162291423E-1,9.449237588380E-1,-2.099830574944E-2));
#9767=DIRECTION('',(-9.451570445492E-1,-3.265356130158E-1,7.256346978950E-3));
#9768=AXIS2_PLACEMENT_3D('',#9765,#9766,#9767);
#9769=PLANE('',#9768);
#9770=ORIENTED_EDGE('',*,*,#9713,.F.);
#9772=ORIENTED_EDGE('',*,*,#9771,.F.);
#9774=ORIENTED_EDGE('',*,*,#9773,.F.);
#9775=ORIENTED_EDGE('',*,*,#9757,.T.);
#9776=EDGE_LOOP('',(#9770,#9772,#9774,#9775));
#9777=FACE_OUTER_BOUND('',#9776,.F.);
#9779=CARTESIAN_POINT('',(5.103620159068E0,5.983242665231E0,-1.082295847929E1));
#9780=DIRECTION('',(-4.358180038294E-1,8.998126660816E-1,-1.999583700001E-2));
#9781=DIRECTION('',(-9.000348146256E-1,-4.357104342881E-1,9.682453944058E-3));
#9782=AXIS2_PLACEMENT_3D('',#9779,#9780,#9781);
#9783=PLANE('',#9782);
#9784=ORIENTED_EDGE('',*,*,#9711,.F.);
#9786=ORIENTED_EDGE('',*,*,#9785,.F.);
#9788=ORIENTED_EDGE('',*,*,#9787,.F.);
#9789=ORIENTED_EDGE('',*,*,#9771,.T.);
#9790=EDGE_LOOP('',(#9784,#9786,#9788,#9789));
#9791=FACE_OUTER_BOUND('',#9790,.F.);
#9793=CARTESIAN_POINT('',(5.129426492051E0,5.997753075305E0,-1.082328093284E1));
#9794=DIRECTION('',(-5.432911665915E-1,8.393371274886E-1,-1.865193616867E-2));
#9795=DIRECTION('',(-8.395443456445E-1,-5.431570702872E-1,1.207015714031E-2));
#9796=AXIS2_PLACEMENT_3D('',#9793,#9794,#9795);
#9797=PLANE('',#9796);
#9798=ORIENTED_EDGE('',*,*,#9709,.F.);
#9800=ORIENTED_EDGE('',*,*,#9799,.F.);
#9802=ORIENTED_EDGE('',*,*,#9801,.F.);
#9803=ORIENTED_EDGE('',*,*,#9785,.T.);
#9804=EDGE_LOOP('',(#9798,#9800,#9802,#9803));
#9805=FACE_OUTER_BOUND('',#9804,.F.);
#9807=CARTESIAN_POINT('',(5.153137095222E0,6.015342454525E0,-1.082367180794E1));
#9808=DIRECTION('',(-6.457992284468E-1,7.633188228815E-1,-1.696264048809E-2));
#9809=DIRECTION('',(-7.635072734018E-1,-6.456398308815E-1,1.434755177363E-2));
#9810=AXIS2_PLACEMENT_3D('',#9807,#9808,#9809);
#9811=PLANE('',#9810);
#9812=ORIENTED_EDGE('',*,*,#9707,.F.);
#9814=ORIENTED_EDGE('',*,*,#9813,.F.);
#9816=ORIENTED_EDGE('',*,*,#9815,.F.);
#9817=ORIENTED_EDGE('',*,*,#9799,.T.);
#9818=EDGE_LOOP('',(#9812,#9814,#9816,#9817));
#9819=FACE_OUTER_BOUND('',#9818,.F.);
#9821=CARTESIAN_POINT('',(5.174695199653E0,6.035961142009E0,-1.082413000100E1));
#9822=DIRECTION('',(7.335315204564E-1,-6.794876796273E-1,1.509972621212E-2));
#9823=DIRECTION('',(-6.796554336551E-1,-7.333504686189E-1,1.629667694949E-2));
#9824=AXIS2_PLACEMENT_3D('',#9821,#9822,#9823);
#9825=PLANE('',#9824);
#9826=ORIENTED_EDGE('',*,*,#9705,.F.);
#9828=ORIENTED_EDGE('',*,*,#9827,.F.);
#9830=ORIENTED_EDGE('',*,*,#9829,.F.);
#9831=ORIENTED_EDGE('',*,*,#9813,.T.);
#9832=EDGE_LOOP('',(#9826,#9828,#9830,#9831));
#9833=FACE_OUTER_BOUND('',#9832,.F.);
#9835=CARTESIAN_POINT('',(5.193868997557E0,6.059422318573E0,-1.082465136047E1));
#9836=DIRECTION('',(8.116603888591E-1,-5.839854440278E-1,1.297745432422E-2));
#9837=DIRECTION('',(-5.841296201676E-1,-8.114600530768E-1,1.803244585576E-2));
#9838=AXIS2_PLACEMENT_3D('',#9835,#9836,#9837);
#9839=PLANE('',#9838);
#9840=ORIENTED_EDGE('',*,*,#9703,.F.);
#9842=ORIENTED_EDGE('',*,*,#9841,.F.);
#9844=ORIENTED_EDGE('',*,*,#9843,.F.);
#9845=ORIENTED_EDGE('',*,*,#9827,.T.);
#9846=EDGE_LOOP('',(#9840,#9842,#9844,#9845));
#9847=FACE_OUTER_BOUND('',#9846,.F.);
#9849=CARTESIAN_POINT('',(5.210492911998E0,6.085676323537E0,-1.082523478280E1));
#9850=DIRECTION('',(8.742559377622E-1,-4.853454741197E-1,1.078545497914E-2));
#9851=DIRECTION('',(-4.854652977171E-1,-8.740401520152E-1,1.942311451849E-2));
#9852=AXIS2_PLACEMENT_3D('',#9849,#9850,#9851);
#9853=PLANE('',#9852);
#9854=ORIENTED_EDGE('',*,*,#9701,.F.);
#9856=ORIENTED_EDGE('',*,*,#9855,.F.);
#9858=ORIENTED_EDGE('',*,*,#9857,.F.);
#9859=ORIENTED_EDGE('',*,*,#9841,.T.);
#9860=EDGE_LOOP('',(#9854,#9856,#9858,#9859));
#9861=FACE_OUTER_BOUND('',#9860,.F.);
#9863=CARTESIAN_POINT('',(5.224512539376E0,6.114772817580E0,-1.082588137156E1));
#9864=DIRECTION('',(9.236222574762E-1,-3.832093517499E-1,8.515763380417E-3));
#9865=DIRECTION('',(-3.833039596646E-1,-9.233942870243E-1,2.051987320468E-2));
#9866=AXIS2_PLACEMENT_3D('',#9863,#9864,#9865);
#9867=PLANE('',#9866);
#9868=ORIENTED_EDGE('',*,*,#9699,.F.);
#9870=ORIENTED_EDGE('',*,*,#9869,.F.);
#9872=ORIENTED_EDGE('',*,*,#9871,.F.);
#9873=ORIENTED_EDGE('',*,*,#9855,.T.);
#9874=EDGE_LOOP('',(#9868,#9870,#9872,#9873));
#9875=FACE_OUTER_BOUND('',#9874,.F.);
#9877=CARTESIAN_POINT('',(5.235693706773E0,6.146742543008E0,-1.082659180990E1));
#9878=DIRECTION('',(9.604342298180E-1,-2.784381526626E-1,6.187514509557E-3));
#9879=DIRECTION('',(-2.785068943383E-1,-9.601971733579E-1,2.133771500171E-2));
#9880=AXIS2_PLACEMENT_3D('',#9877,#9878,#9879);
#9881=PLANE('',#9880);
#9882=ORIENTED_EDGE('',*,*,#9697,.F.);
#9884=ORIENTED_EDGE('',*,*,#9883,.F.);
#9886=ORIENTED_EDGE('',*,*,#9885,.F.);
#9887=ORIENTED_EDGE('',*,*,#9869,.T.);
#9888=EDGE_LOOP('',(#9882,#9884,#9886,#9887));
#9889=FACE_OUTER_BOUND('',#9888,.F.);
#9891=CARTESIAN_POINT('',(5.243894490962E0,6.181654079075E0,-1.082736762182E1));
#9892=DIRECTION('',(9.834501933225E-1,-1.811339698244E-1,4.025199324594E-3));
#9893=DIRECTION('',(-1.811786887411E-1,-9.832074560127E-1,2.184905460565E-2));
#9894=AXIS2_PLACEMENT_3D('',#9891,#9892,#9893);
#9895=PLANE('',#9894);
#9896=ORIENTED_EDGE('',*,*,#9695,.T.);
#9898=ORIENTED_EDGE('',*,*,#9897,.F.);
#9900=ORIENTED_EDGE('',*,*,#9899,.T.);
#9901=ORIENTED_EDGE('',*,*,#9883,.T.);
#9902=EDGE_LOOP('',(#9896,#9898,#9900,#9901));
#9903=FACE_OUTER_BOUND('',#9902,.F.);
#9905=CARTESIAN_POINT('',(5.249015546060E0,6.219379726662E0,-1.082820596954E1));
#9906=DIRECTION('',(9.959316783074E-1,-9.008931235737E-2,2.001984717126E-3));
#9907=DIRECTION('',(-9.011155388645E-2,-9.956858602919E-1,2.212635240805E-2));
#9908=AXIS2_PLACEMENT_3D('',#9905,#9906,#9907);
#9909=PLANE('',#9908);
#9910=ORIENTED_EDGE('',*,*,#9693,.T.);
#9912=ORIENTED_EDGE('',*,*,#9911,.F.);
#9914=ORIENTED_EDGE('',*,*,#9913,.T.);
#9915=ORIENTED_EDGE('',*,*,#9897,.T.);
#9916=EDGE_LOOP('',(#9910,#9912,#9914,#9915));
#9917=FACE_OUTER_BOUND('',#9916,.F.);
#9919=CARTESIAN_POINT('',(5.250862910568E0,6.259590778582E0,-1.082909954847E1));
#9920=DIRECTION('',(9.999924472451E-1,-3.885614094042E-3,8.634697995071E-5));
#9921=DIRECTION('',(-3.886573386515E-3,-9.997456269409E-1,2.221656948825E-2));
#9922=AXIS2_PLACEMENT_3D('',#9919,#9920,#9921);
#9923=PLANE('',#9922);
#9924=ORIENTED_EDGE('',*,*,#9691,.T.);
#9926=ORIENTED_EDGE('',*,*,#9925,.F.);
#9928=ORIENTED_EDGE('',*,*,#9927,.T.);
#9929=ORIENTED_EDGE('',*,*,#9911,.T.);
#9930=EDGE_LOOP('',(#9924,#9926,#9928,#9929));
#9931=FACE_OUTER_BOUND('',#9930,.F.);
#9933=CARTESIAN_POINT('',(5.249301757449E0,6.302176089143E0,-1.083004588870E1));
#9934=DIRECTION('',(9.972033239513E-1,7.471796152920E-2,-1.660399143096E-3));
#9935=DIRECTION('',(7.473640813147E-2,-9.969571920648E-1,2.215460425948E-2));
#9936=AXIS2_PLACEMENT_3D('',#9933,#9934,#9935);
#9937=PLANE('',#9936);
#9938=ORIENTED_EDGE('',*,*,#9689,.T.);
#9940=ORIENTED_EDGE('',*,*,#9939,.F.);
#9942=ORIENTED_EDGE('',*,*,#9941,.T.);
#9943=ORIENTED_EDGE('',*,*,#9925,.T.);
#9944=EDGE_LOOP('',(#9938,#9940,#9942,#9943));
#9945=FACE_OUTER_BOUND('',#9944,.F.);
#9947=CARTESIAN_POINT('',(5.239364781685E0,6.370757641684E0,-1.083156992321E1));
#9948=DIRECTION('',(9.845840834269E-1,1.748687561610E-1,-3.885972359598E-3));
#9949=DIRECTION('',(1.749119283024E-1,-9.843410662482E-1,2.187424592821E-2));
#9950=AXIS2_PLACEMENT_3D('',#9947,#9948,#9949);
#9951=PLANE('',#9950);
#9952=ORIENTED_EDGE('',*,*,#9687,.F.);
#9954=ORIENTED_EDGE('',*,*,#9953,.F.);
#9956=ORIENTED_EDGE('',*,*,#9955,.F.);
#9957=ORIENTED_EDGE('',*,*,#9939,.T.);
#9958=EDGE_LOOP('',(#9952,#9954,#9956,#9957));
#9959=FACE_OUTER_BOUND('',#9958,.F.);
#9961=CARTESIAN_POINT('',(5.217009543281E0,6.460466313640E0,-1.083356344925E1));
#9962=DIRECTION('',(9.505576247769E-1,3.104715779168E-1,-6.899368397327E-3));
#9963=DIRECTION('',(3.105482281038E-1,-9.503230060818E-1,2.111828906948E-2));
#9964=AXIS2_PLACEMENT_3D('',#9961,#9962,#9963);
#9965=PLANE('',#9964);
#9966=ORIENTED_EDGE('',*,*,#9685,.F.);
#9968=ORIENTED_EDGE('',*,*,#9967,.F.);
#9970=ORIENTED_EDGE('',*,*,#9969,.F.);
#9971=ORIENTED_EDGE('',*,*,#9953,.T.);
#9972=EDGE_LOOP('',(#9966,#9968,#9970,#9971));
#9973=FACE_OUTER_BOUND('',#9972,.F.);
#9975=CARTESIAN_POINT('',(5.183175099239E0,6.542832282832E0,-1.083539380412E1));
#9976=DIRECTION('',(8.935230390907E-1,4.489065203520E-1,-9.975700451074E-3));
#9977=DIRECTION('',(4.490173477874E-1,-8.933024977976E-1,1.985116657699E-2));
#9978=AXIS2_PLACEMENT_3D('',#9975,#9976,#9977);
#9979=PLANE('',#9978);
#9980=ORIENTED_EDGE('',*,*,#9683,.F.);
#9982=ORIENTED_EDGE('',*,*,#9981,.F.);
#9984=ORIENTED_EDGE('',*,*,#9983,.F.);
#9985=ORIENTED_EDGE('',*,*,#9967,.T.);
#9986=EDGE_LOOP('',(#9980,#9982,#9984,#9985));
#9987=FACE_OUTER_BOUND('',#9986,.F.);
#9989=CARTESIAN_POINT('',(5.139382390858E0,6.617167392584E0,-1.083704569545E1));
#9990=DIRECTION('',(8.245520886010E-1,5.656464004085E-1,-1.256991999396E-2));
#9991=DIRECTION('',(5.657860489476E-1,-8.243485708670E-1,1.831885710767E-2));
#9992=AXIS2_PLACEMENT_3D('',#9989,#9990,#9991);
#9993=PLANE('',#9992);
#9994=ORIENTED_EDGE('',*,*,#9681,.F.);
#9996=ORIENTED_EDGE('',*,*,#9995,.F.);
#9998=ORIENTED_EDGE('',*,*,#9997,.F.);
#9999=ORIENTED_EDGE('',*,*,#9981,.T.);
#10000=EDGE_LOOP('',(#9994,#9996,#9998,#9999));
#10001=FACE_OUTER_BOUND('',#10000,.F.);
#10003=CARTESIAN_POINT('',(5.088756089706E0,6.681967630422E0,
-1.083848570073E1));
#10004=DIRECTION('',(7.460720798076E-1,6.657008400691E-1,-1.479335198374E-2));
#10005=DIRECTION('',(6.658651903588E-1,-7.458879326791E-1,1.657528739122E-2));
#10006=AXIS2_PLACEMENT_3D('',#10003,#10004,#10005);
#10007=PLANE('',#10006);
#10008=ORIENTED_EDGE('',*,*,#9679,.F.);
#10010=ORIENTED_EDGE('',*,*,#10009,.F.);
#10012=ORIENTED_EDGE('',*,*,#10011,.F.);
#10013=ORIENTED_EDGE('',*,*,#9995,.T.);
#10014=EDGE_LOOP('',(#10008,#10010,#10012,#10013));
#10015=FACE_OUTER_BOUND('',#10014,.F.);
#10017=CARTESIAN_POINT('',(5.032928310623E0,6.736436058926E0,
-1.083969611026E1));
#10018=DIRECTION('',(6.450933525582E-1,7.639151690820E-1,-1.697589266261E-2));
#10019=DIRECTION('',(7.641037668309E-1,-6.449341292182E-1,1.433186953563E-2));
#10020=AXIS2_PLACEMENT_3D('',#10017,#10018,#10019);
#10021=PLANE('',#10020);
#10022=ORIENTED_EDGE('',*,*,#9677,.F.);
#10024=ORIENTED_EDGE('',*,*,#10023,.F.);
#10026=ORIENTED_EDGE('',*,*,#10025,.F.);
#10027=ORIENTED_EDGE('',*,*,#10009,.T.);
#10028=EDGE_LOOP('',(#10022,#10024,#10026,#10027));
#10029=FACE_OUTER_BOUND('',#10028,.F.);
#10031=CARTESIAN_POINT('',(4.978392030983E0,6.776777174913E0,
-1.084059257950E1));
#10032=DIRECTION('',(5.266034245267E-1,8.499012448837E-1,-1.888669430805E-2));
#10033=DIRECTION('',(8.501110711412E-1,-5.264734471283E-1,1.169940990056E-2));
#10034=AXIS2_PLACEMENT_3D('',#10031,#10032,#10033);
#10035=PLANE('',#10034);
#10036=ORIENTED_EDGE('',*,*,#9675,.F.);
#10038=ORIENTED_EDGE('',*,*,#10037,.F.);
#10040=ORIENTED_EDGE('',*,*,#10039,.F.);
#10041=ORIENTED_EDGE('',*,*,#10023,.T.);
#10042=EDGE_LOOP('',(#10036,#10038,#10040,#10041));
#10043=FACE_OUTER_BOUND('',#10042,.F.);
#10045=CARTESIAN_POINT('',(4.923921981998E0,6.805157134719E0,
-1.084122324527E1));
#10046=DIRECTION('',(3.994956688909E-1,9.165088114418E-1,-2.036686247403E-2));
#10047=DIRECTION('',(9.167350819825E-1,-3.993970645040E-1,8.875490308573E-3));
#10048=AXIS2_PLACEMENT_3D('',#10045,#10046,#10047);
#10049=PLANE('',#10048);
#10050=ORIENTED_EDGE('',*,*,#9673,.F.);
#10052=ORIENTED_EDGE('',*,*,#10051,.F.);
#10054=ORIENTED_EDGE('',*,*,#10053,.F.);
#10055=ORIENTED_EDGE('',*,*,#10037,.T.);
#10056=EDGE_LOOP('',(#10050,#10052,#10054,#10055));
#10057=FACE_OUTER_BOUND('',#10056,.F.);
#10059=CARTESIAN_POINT('',(4.861802283028E0,6.827603812168E0,
-1.084172206033E1));
#10060=DIRECTION('',(2.835517996967E-1,9.587202294632E-1,-2.130489396245E-2));
#10061=DIRECTION('',(9.589569212894E-1,-2.834818128264E-1,6.299595850368E-3));
#10062=AXIS2_PLACEMENT_3D('',#10059,#10060,#10061);
#10063=PLANE('',#10062);
#10064=ORIENTED_EDGE('',*,*,#9671,.F.);
#10066=ORIENTED_EDGE('',*,*,#10065,.F.);
#10068=ORIENTED_EDGE('',*,*,#10067,.F.);
#10069=ORIENTED_EDGE('',*,*,#10051,.T.);
#10070=EDGE_LOOP('',(#10064,#10066,#10068,#10069));
#10071=FACE_OUTER_BOUND('',#10070,.F.);
#10073=CARTESIAN_POINT('',(4.805716677121E0,6.841090264141E0,
-1.084202175926E1));
#10074=DIRECTION('',(1.597785848945E-1,9.869092264142E-1,-2.193131613992E-2));
#10075=DIRECTION('',(9.871528776279E-1,-1.597391479977E-1,3.549758845364E-3));
#10076=AXIS2_PLACEMENT_3D('',#10073,#10074,#10075);
#10077=PLANE('',#10076);
#10078=ORIENTED_EDGE('',*,*,#9669,.F.);
#10080=ORIENTED_EDGE('',*,*,#10079,.F.);
#10082=ORIENTED_EDGE('',*,*,#10081,.F.);
#10083=ORIENTED_EDGE('',*,*,#10065,.T.);
#10084=EDGE_LOOP('',(#10078,#10080,#10082,#10083));
#10085=FACE_OUTER_BOUND('',#10084,.F.);
#10087=CARTESIAN_POINT('',(4.752774665828E0,6.847056653552E0,
-1.084215434569E1));
#10088=DIRECTION('',(7.442814280044E-2,9.969802417165E-1,-2.215511647994E-2));
#10089=DIRECTION('',(9.972263792937E-1,-7.440977228418E-2,1.653550525012E-3));
#10090=AXIS2_PLACEMENT_3D('',#10087,#10088,#10089);
#10091=PLANE('',#10090);
#10092=ORIENTED_EDGE('',*,*,#9667,.T.);
#10094=ORIENTED_EDGE('',*,*,#10093,.F.);
#10096=ORIENTED_EDGE('',*,*,#10095,.T.);
#10097=ORIENTED_EDGE('',*,*,#10079,.T.);
#10098=EDGE_LOOP('',(#10092,#10094,#10096,#10097));
#10099=FACE_OUTER_BOUND('',#10098,.F.);
#10101=CARTESIAN_POINT('',(4.686402007647E0,6.850017382563E0,
-1.084222013967E1));
#10102=DIRECTION('',(2.012276754050E-2,9.995507444226E-1,-2.221223876227E-2));
#10103=DIRECTION('',(9.997975166135E-1,-2.011780079513E-2,4.470622513275E-4));
#10104=AXIS2_PLACEMENT_3D('',#10101,#10102,#10103);
#10105=PLANE('',#10104);
#10106=ORIENTED_EDGE('',*,*,#9665,.T.);
#10108=ORIENTED_EDGE('',*,*,#10107,.F.);
#10110=ORIENTED_EDGE('',*,*,#10109,.T.);
#10111=ORIENTED_EDGE('',*,*,#10093,.T.);
#10112=EDGE_LOOP('',(#10106,#10108,#10110,#10111));
#10113=FACE_OUTER_BOUND('',#10112,.F.);
#10115=CARTESIAN_POINT('',(4.491222396159E0,6.850752835173E0,
-1.084223648306E1));
#10116=DIRECTION('',(0.E0,9.997531778311E-1,-2.221673730652E-2));
#10117=DIRECTION('',(1.E0,0.E0,0.E0));
#10118=AXIS2_PLACEMENT_3D('',#10115,#10116,#10117);
#10119=PLANE('',#10118);
#10120=ORIENTED_EDGE('',*,*,#9663,.T.);
#10122=ORIENTED_EDGE('',*,*,#10121,.F.);
#10124=ORIENTED_EDGE('',*,*,#10123,.T.);
#10125=ORIENTED_EDGE('',*,*,#10107,.T.);
#10126=EDGE_LOOP('',(#10120,#10122,#10124,#10125));
#10127=FACE_OUTER_BOUND('',#10126,.F.);
#10129=CARTESIAN_POINT('',(4.476881076435E0,6.400863905149E0,
-1.083223895128E1));
#10130=DIRECTION('',(9.522468432120E-1,3.052538858230E-1,-6.783419691475E-3));
#10131=DIRECTION('',(-3.053292478502E-1,9.520118075812E-1,-2.115581795130E-2));
#10132=AXIS2_PLACEMENT_3D('',#10129,#10130,#10131);
#10133=PLANE('',#10132);
#10134=ORIENTED_EDGE('',*,*,#9661,.F.);
#10136=ORIENTED_EDGE('',*,*,#10135,.F.);
#10138=ORIENTED_EDGE('',*,*,#10137,.F.);
#10139=ORIENTED_EDGE('',*,*,#10121,.T.);
#10140=EDGE_LOOP('',(#10134,#10136,#10138,#10139));
#10141=FACE_OUTER_BOUND('',#10140,.F.);
#10143=CARTESIAN_POINT('',(4.742390632602E0,5.950974975124E0,
-1.082224141950E1));
#10144=DIRECTION('',(0.E0,9.997531778320E-1,-2.221673726914E-2));
#10145=DIRECTION('',(-1.E0,0.E0,0.E0));
#10146=AXIS2_PLACEMENT_3D('',#10143,#10144,#10145);
#10147=PLANE('',#10146);
#10148=ORIENTED_EDGE('',*,*,#9659,.T.);
#10150=ORIENTED_EDGE('',*,*,#10149,.F.);
#10152=ORIENTED_EDGE('',*,*,#10151,.T.);
#10153=ORIENTED_EDGE('',*,*,#10135,.T.);
#10154=EDGE_LOOP('',(#10148,#10150,#10152,#10153));
#10155=FACE_OUTER_BOUND('',#10154,.F.);
#10157=CARTESIAN_POINT('',(4.893351766822E0,5.951149970176E0,
-1.082224530828E1));
#10158=DIRECTION('',(-5.885522065570E-3,9.997358622716E-1,-2.221635249223E-2));
#10159=DIRECTION('',(-9.999826801650E-1,-5.884069388284E-3,1.307570960512E-4));
#10160=AXIS2_PLACEMENT_3D('',#10157,#10158,#10159);
#10161=PLANE('',#10160);
#10162=ORIENTED_EDGE('',*,*,#9657,.T.);
#10164=ORIENTED_EDGE('',*,*,#10163,.F.);
#10166=ORIENTED_EDGE('',*,*,#10165,.T.);
#10167=ORIENTED_EDGE('',*,*,#10149,.T.);
#10168=EDGE_LOOP('',(#10162,#10164,#10166,#10167));
#10169=FACE_OUTER_BOUND('',#10168,.F.);
#10171=CARTESIAN_POINT('',(4.944645105968E0,5.951845221293E0,
-1.082226075831E1));
#10172=DIRECTION('',(-2.413695923352E-2,9.994619109009E-1,-2.221026468399E-2));
#10173=DIRECTION('',(-9.997086611603E-1,-2.413100169603E-2,5.362445215920E-4));
#10174=AXIS2_PLACEMENT_3D('',#10171,#10172,#10173);
#10175=PLANE('',#10174);
#10176=ORIENTED_EDGE('',*,*,#9655,.T.);
#10177=ORIENTED_EDGE('',*,*,#9732,.T.);
#10179=ORIENTED_EDGE('',*,*,#10178,.T.);
#10180=ORIENTED_EDGE('',*,*,#10163,.T.);
#10181=EDGE_LOOP('',(#10176,#10177,#10179,#10180));
#10182=FACE_OUTER_BOUND('',#10181,.F.);
#10184=CARTESIAN_POINT('',(4.791768011257E0,6.401086072522E0,
-1.082224141950E1));
#10185=DIRECTION('',(0.E0,2.221673728174E-2,9.997531778317E-1));
#10186=DIRECTION('',(1.E0,0.E0,0.E0));
#10187=AXIS2_PLACEMENT_3D('',#10184,#10185,#10186);
#10188=PLANE('',#10187);
#10189=ORIENTED_EDGE('',*,*,#9730,.F.);
#10190=ORIENTED_EDGE('',*,*,#9745,.F.);
#10191=ORIENTED_EDGE('',*,*,#9759,.T.);
#10192=ORIENTED_EDGE('',*,*,#9773,.T.);
#10193=ORIENTED_EDGE('',*,*,#9787,.T.);
#10194=ORIENTED_EDGE('',*,*,#9801,.T.);
#10195=ORIENTED_EDGE('',*,*,#9815,.T.);
#10196=ORIENTED_EDGE('',*,*,#9829,.T.);
#10197=ORIENTED_EDGE('',*,*,#9843,.T.);
#10198=ORIENTED_EDGE('',*,*,#9857,.T.);
#10199=ORIENTED_EDGE('',*,*,#9871,.T.);
#10200=ORIENTED_EDGE('',*,*,#9885,.T.);
#10201=ORIENTED_EDGE('',*,*,#9899,.F.);
#10202=ORIENTED_EDGE('',*,*,#9913,.F.);
#10203=ORIENTED_EDGE('',*,*,#9927,.F.);
#10204=ORIENTED_EDGE('',*,*,#9941,.F.);
#10205=ORIENTED_EDGE('',*,*,#9955,.T.);
#10206=ORIENTED_EDGE('',*,*,#9969,.T.);
#10207=ORIENTED_EDGE('',*,*,#9983,.T.);
#10208=ORIENTED_EDGE('',*,*,#9997,.T.);
#10209=ORIENTED_EDGE('',*,*,#10011,.T.);
#10210=ORIENTED_EDGE('',*,*,#10025,.T.);
#10211=ORIENTED_EDGE('',*,*,#10039,.T.);
#10212=ORIENTED_EDGE('',*,*,#10053,.T.);
#10213=ORIENTED_EDGE('',*,*,#10067,.T.);
#10214=ORIENTED_EDGE('',*,*,#10081,.T.);
#10215=ORIENTED_EDGE('',*,*,#10095,.F.);
#10216=ORIENTED_EDGE('',*,*,#10109,.F.);
#10217=ORIENTED_EDGE('',*,*,#10123,.F.);
#10218=ORIENTED_EDGE('',*,*,#10137,.T.);
#10219=ORIENTED_EDGE('',*,*,#10151,.F.);
#10220=ORIENTED_EDGE('',*,*,#10165,.F.);
#10221=ORIENTED_EDGE('',*,*,#10178,.F.);
#10222=EDGE_LOOP('',(#10189,#10190,#10191,#10192,#10193,#10194,#10195,#10196,
#10197,#10198,#10199,#10200,#10201,#10202,#10203,#10204,#10205,#10206,#10207,
#10208,#10209,#10210,#10211,#10212,#10213,#10214,#10215,#10216,#10217,#10218,
#10219,#10220,#10221));
#10223=FACE_OUTER_BOUND('',#10222,.F.);
#10225=ORIENTED_EDGE('',*,*,#10224,.F.);
#10227=ORIENTED_EDGE('',*,*,#10226,.T.);
#10229=ORIENTED_EDGE('',*,*,#10228,.F.);
#10231=ORIENTED_EDGE('',*,*,#10230,.F.);
#10233=ORIENTED_EDGE('',*,*,#10232,.F.);
#10235=ORIENTED_EDGE('',*,*,#10234,.T.);
#10237=ORIENTED_EDGE('',*,*,#10236,.T.);
#10239=ORIENTED_EDGE('',*,*,#10238,.T.);
#10241=ORIENTED_EDGE('',*,*,#10240,.T.);
#10243=ORIENTED_EDGE('',*,*,#10242,.T.);
#10245=ORIENTED_EDGE('',*,*,#10244,.T.);
#10247=ORIENTED_EDGE('',*,*,#10246,.T.);
#10249=ORIENTED_EDGE('',*,*,#10248,.T.);
#10251=ORIENTED_EDGE('',*,*,#10250,.T.);
#10253=ORIENTED_EDGE('',*,*,#10252,.T.);
#10255=ORIENTED_EDGE('',*,*,#10254,.F.);
#10257=ORIENTED_EDGE('',*,*,#10256,.F.);
#10259=ORIENTED_EDGE('',*,*,#10258,.T.);
#10261=ORIENTED_EDGE('',*,*,#10260,.T.);
#10263=ORIENTED_EDGE('',*,*,#10262,.T.);
#10265=ORIENTED_EDGE('',*,*,#10264,.T.);
#10267=ORIENTED_EDGE('',*,*,#10266,.F.);
#10269=ORIENTED_EDGE('',*,*,#10268,.F.);
#10271=ORIENTED_EDGE('',*,*,#10270,.F.);
#10272=EDGE_LOOP('',(#10225,#10227,#10229,#10231,#10233,#10235,#10237,#10239,
#10241,#10243,#10245,#10247,#10249,#10251,#10253,#10255,#10257,#10259,#10261,
#10263,#10265,#10267,#10269,#10271));
#10273=FACE_BOUND('',#10272,.F.);
#10275=CARTESIAN_POINT('',(4.811869039310E0,6.099512766015E0,
-1.082554225930E1));
#10276=DIRECTION('',(0.E0,9.997531778322E-1,-2.221673725846E-2));
#10277=DIRECTION('',(1.E0,0.E0,0.E0));
#10278=AXIS2_PLACEMENT_3D('',#10275,#10276,#10277);
#10279=PLANE('',#10278);
#10281=ORIENTED_EDGE('',*,*,#10280,.T.);
#10283=ORIENTED_EDGE('',*,*,#10282,.F.);
#10284=ORIENTED_EDGE('',*,*,#10224,.T.);
#10286=ORIENTED_EDGE('',*,*,#10285,.F.);
#10287=EDGE_LOOP('',(#10281,#10283,#10284,#10286));
#10288=FACE_OUTER_BOUND('',#10287,.F.);
#10290=CARTESIAN_POINT('',(4.814705134160E0,6.402533577501E0,
-1.084227852394E1));
#10291=DIRECTION('',(0.E0,2.221673728515E-2,9.997531778316E-1));
#10292=DIRECTION('',(0.E0,-9.997531778316E-1,2.221673728515E-2));
#10293=AXIS2_PLACEMENT_3D('',#10290,#10291,#10292);
#10294=PLANE('',#10293);
#10295=ORIENTED_EDGE('',*,*,#10280,.F.);
#10297=ORIENTED_EDGE('',*,*,#10296,.F.);
#10299=ORIENTED_EDGE('',*,*,#10298,.F.);
#10301=ORIENTED_EDGE('',*,*,#10300,.F.);
#10303=ORIENTED_EDGE('',*,*,#10302,.T.);
#10305=ORIENTED_EDGE('',*,*,#10304,.T.);
#10307=ORIENTED_EDGE('',*,*,#10306,.T.);
#10309=ORIENTED_EDGE('',*,*,#10308,.T.);
#10311=ORIENTED_EDGE('',*,*,#10310,.F.);
#10313=ORIENTED_EDGE('',*,*,#10312,.F.);
#10315=ORIENTED_EDGE('',*,*,#10314,.T.);
#10317=ORIENTED_EDGE('',*,*,#10316,.T.);
#10319=ORIENTED_EDGE('',*,*,#10318,.T.);
#10321=ORIENTED_EDGE('',*,*,#10320,.T.);
#10323=ORIENTED_EDGE('',*,*,#10322,.T.);
#10325=ORIENTED_EDGE('',*,*,#10324,.T.);
#10327=ORIENTED_EDGE('',*,*,#10326,.T.);
#10329=ORIENTED_EDGE('',*,*,#10328,.T.);
#10331=ORIENTED_EDGE('',*,*,#10330,.T.);
#10333=ORIENTED_EDGE('',*,*,#10332,.T.);
#10335=ORIENTED_EDGE('',*,*,#10334,.F.);
#10337=ORIENTED_EDGE('',*,*,#10336,.F.);
#10339=ORIENTED_EDGE('',*,*,#10338,.F.);
#10341=ORIENTED_EDGE('',*,*,#10340,.T.);
#10342=EDGE_LOOP('',(#10295,#10297,#10299,#10301,#10303,#10305,#10307,#10309,
#10311,#10313,#10315,#10317,#10319,#10321,#10323,#10325,#10327,#10329,#10331,
#10333,#10335,#10337,#10339,#10341));
#10343=FACE_OUTER_BOUND('',#10342,.F.);
#10345=CARTESIAN_POINT('',(4.889917230161E0,6.100134708185E0,
-1.082555608024E1));
#10346=DIRECTION('',(-2.547868686151E-2,9.994286235228E-1,-2.220952496452E-2));
#10347=DIRECTION('',(9.996753655641E-1,2.547239815719E-2,-5.660532737061E-4));
#10348=AXIS2_PLACEMENT_3D('',#10345,#10346,#10347);
#10349=PLANE('',#10348);
#10350=ORIENTED_EDGE('',*,*,#10296,.T.);
#10351=ORIENTED_EDGE('',*,*,#10285,.T.);
#10352=ORIENTED_EDGE('',*,*,#10270,.T.);
#10354=ORIENTED_EDGE('',*,*,#10353,.T.);
#10355=EDGE_LOOP('',(#10350,#10351,#10352,#10354));
#10356=FACE_OUTER_BOUND('',#10355,.F.);
#10358=CARTESIAN_POINT('',(4.933057092728E0,6.102615382826E0,
-1.082561120634E1));
#10359=DIRECTION('',(-9.876963264960E-2,9.948647100865E-1,-2.210810464200E-2));
#10360=DIRECTION('',(9.951103253742E-1,9.874525411434E-2,-2.194338996519E-3));
#10361=AXIS2_PLACEMENT_3D('',#10358,#10359,#10360);
#10362=PLANE('',#10361);
#10363=ORIENTED_EDGE('',*,*,#10298,.T.);
#10364=ORIENTED_EDGE('',*,*,#10353,.F.);
#10365=ORIENTED_EDGE('',*,*,#10268,.T.);
#10367=ORIENTED_EDGE('',*,*,#10366,.T.);
#10368=EDGE_LOOP('',(#10363,#10364,#10365,#10367));
#10369=FACE_OUTER_BOUND('',#10368,.F.);
#10371=CARTESIAN_POINT('',(4.964821826398E0,6.107541260308E0,
-1.082572067029E1));
#10372=DIRECTION('',(-2.291279495153E-1,9.731560575138E-1,-2.162569016439E-2));
#10373=DIRECTION('',(9.733963133025E-1,2.290713956566E-1,-5.090475520138E-3));
#10374=AXIS2_PLACEMENT_3D('',#10371,#10372,#10373);
#10375=PLANE('',#10374);
#10376=ORIENTED_EDGE('',*,*,#10300,.T.);
#10377=ORIENTED_EDGE('',*,*,#10366,.F.);
#10378=ORIENTED_EDGE('',*,*,#10266,.T.);
#10380=ORIENTED_EDGE('',*,*,#10379,.T.);
#10381=EDGE_LOOP('',(#10376,#10377,#10378,#10380));
#10382=FACE_OUTER_BOUND('',#10381,.F.);
#10384=CARTESIAN_POINT('',(4.991427658882E0,6.117731181644E0,
-1.082594711298E1));
#10385=DIRECTION('',(-4.647794644631E-1,8.852079359467E-1,-1.967128746313E-2));
#10386=DIRECTION('',(8.854264788301E-1,4.646647465879E-1,-1.032588325373E-2));
#10387=AXIS2_PLACEMENT_3D('',#10384,#10385,#10386);
#10388=PLANE('',#10387);
#10389=ORIENTED_EDGE('',*,*,#10302,.F.);
#10390=ORIENTED_EDGE('',*,*,#10379,.F.);
#10391=ORIENTED_EDGE('',*,*,#10264,.F.);
#10393=ORIENTED_EDGE('',*,*,#10392,.T.);
#10394=EDGE_LOOP('',(#10389,#10390,#10391,#10393));
#10395=FACE_OUTER_BOUND('',#10394,.F.);
#10397=CARTESIAN_POINT('',(5.016538569100E0,6.135538122557E0,
-1.082634282278E1));
#10398=DIRECTION('',(-6.795159955160E-1,7.334796088580E-1,-1.629954684393E-2));
#10399=DIRECTION('',(7.336606925806E-1,6.793482759044E-1,-1.509662835880E-2));
#10400=AXIS2_PLACEMENT_3D('',#10397,#10398,#10399);
#10401=PLANE('',#10400);
#10402=ORIENTED_EDGE('',*,*,#10304,.F.);
#10403=ORIENTED_EDGE('',*,*,#10392,.F.);
#10404=ORIENTED_EDGE('',*,*,#10262,.F.);
#10406=ORIENTED_EDGE('',*,*,#10405,.T.);
#10407=EDGE_LOOP('',(#10402,#10403,#10404,#10406));
#10408=FACE_OUTER_BOUND('',#10407,.F.);
#10410=CARTESIAN_POINT('',(5.037637789018E0,6.160470204540E0,
-1.082689686904E1));
#10411=DIRECTION('',(8.304352156160E-1,-5.569776975346E-1,1.237728216594E-2));
#10412=DIRECTION('',(5.571152059177E-1,8.302302457979E-1,-1.844956090354E-2));
#10413=AXIS2_PLACEMENT_3D('',#10410,#10411,#10412);
#10414=PLANE('',#10413);
#10415=ORIENTED_EDGE('',*,*,#10306,.F.);
#10416=ORIENTED_EDGE('',*,*,#10405,.F.);
#10417=ORIENTED_EDGE('',*,*,#10260,.F.);
#10419=ORIENTED_EDGE('',*,*,#10418,.T.);
#10420=EDGE_LOOP('',(#10415,#10416,#10417,#10419));
#10421=FACE_OUTER_BOUND('',#10420,.F.);
#10423=CARTESIAN_POINT('',(5.053753146206E0,6.193395309017E0,
-1.082762853804E1));
#10424=DIRECTION('',(9.436084923572E-1,-3.309817440915E-1,7.355149867821E-3));
#10425=DIRECTION('',(3.310634578921E-1,9.433755888641E-1,-2.096390192260E-2));
#10426=AXIS2_PLACEMENT_3D('',#10423,#10424,#10425);
#10427=PLANE('',#10426);
#10428=ORIENTED_EDGE('',*,*,#10308,.F.);
#10429=ORIENTED_EDGE('',*,*,#10418,.F.);
#10430=ORIENTED_EDGE('',*,*,#10258,.F.);
#10432=ORIENTED_EDGE('',*,*,#10431,.T.);
#10433=EDGE_LOOP('',(#10428,#10429,#10430,#10432));
#10434=FACE_OUTER_BOUND('',#10433,.F.);
#10436=CARTESIAN_POINT('',(5.062798372376E0,6.236058658019E0,
-1.082857661246E1));
#10437=DIRECTION('',(9.946543492981E-1,-1.032349866956E-1,2.294110815179E-3));
#10438=DIRECTION('',(1.032604736696E-1,9.944088465555E-1,-2.209797433342E-2));
#10439=AXIS2_PLACEMENT_3D('',#10436,#10437,#10438);
#10440=PLANE('',#10439);
#10441=ORIENTED_EDGE('',*,*,#10310,.T.);
#10442=ORIENTED_EDGE('',*,*,#10431,.F.);
#10443=ORIENTED_EDGE('',*,*,#10256,.T.);
#10445=ORIENTED_EDGE('',*,*,#10444,.T.);
#10446=EDGE_LOOP('',(#10441,#10442,#10443,#10445));
#10447=FACE_OUTER_BOUND('',#10446,.F.);
#10449=CARTESIAN_POINT('',(5.063739794909E0,6.289342321847E0,
-1.082976069388E1));
#10450=DIRECTION('',(9.986053321850E-1,5.278271234034E-2,-1.172949164247E-3));
#10451=DIRECTION('',(-5.279574350026E-2,9.983588542519E-1,-2.218575229777E-2));
#10452=AXIS2_PLACEMENT_3D('',#10449,#10450,#10451);
#10453=PLANE('',#10452);
#10454=ORIENTED_EDGE('',*,*,#10312,.T.);
#10455=ORIENTED_EDGE('',*,*,#10444,.F.);
#10456=ORIENTED_EDGE('',*,*,#10254,.T.);
#10458=ORIENTED_EDGE('',*,*,#10457,.T.);
#10459=EDGE_LOOP('',(#10454,#10455,#10456,#10458));
#10460=FACE_OUTER_BOUND('',#10459,.F.);
#10462=CARTESIAN_POINT('',(5.056113798829E0,6.354419241445E0,
-1.083120684765E1));
#10463=DIRECTION('',(9.858892024E-1,1.673578476185E-1,-3.719063275935E-3));
#10464=DIRECTION('',(-1.673991654434E-1,9.856458630881E-1,-2.190324145132E-2));
#10465=AXIS2_PLACEMENT_3D('',#10462,#10463,#10464);
#10466=PLANE('',#10465);
#10467=ORIENTED_EDGE('',*,*,#10314,.F.);
#10468=ORIENTED_EDGE('',*,*,#10457,.F.);
#10469=ORIENTED_EDGE('',*,*,#10252,.F.);
#10471=ORIENTED_EDGE('',*,*,#10470,.T.);
#10472=EDGE_LOOP('',(#10467,#10468,#10469,#10471));
#10473=FACE_OUTER_BOUND('',#10472,.F.);
#10475=CARTESIAN_POINT('',(5.040154557053E0,6.422750125240E0,
-1.083272531173E1));
#10476=DIRECTION('',(9.568933430941E-1,2.903678591874E-1,-6.452619092282E-3));
#10477=DIRECTION('',(-2.904395461059E-1,9.566571606036E-1,-2.125904804208E-2));
#10478=AXIS2_PLACEMENT_3D('',#10475,#10476,#10477);
#10479=PLANE('',#10478);
#10480=ORIENTED_EDGE('',*,*,#10316,.F.);
#10481=ORIENTED_EDGE('',*,*,#10470,.F.);
#10482=ORIENTED_EDGE('',*,*,#10250,.F.);
#10484=ORIENTED_EDGE('',*,*,#10483,.T.);
#10485=EDGE_LOOP('',(#10480,#10481,#10482,#10484));
#10486=FACE_OUTER_BOUND('',#10485,.F.);
#10488=CARTESIAN_POINT('',(5.016609530614E0,6.484596728508E0,
-1.083409968069E1));
#10489=DIRECTION('',(9.063251382875E-1,4.224767474976E-1,-9.388372167748E-3));
#10490=DIRECTION('',(-4.225810498687E-1,9.061014371510E-1,-2.013558752064E-2));
#10491=AXIS2_PLACEMENT_3D('',#10488,#10489,#10490);
#10492=PLANE('',#10491);
#10493=ORIENTED_EDGE('',*,*,#10318,.F.);
#10494=ORIENTED_EDGE('',*,*,#10483,.F.);
#10495=ORIENTED_EDGE('',*,*,#10248,.F.);
#10497=ORIENTED_EDGE('',*,*,#10496,.T.);
#10498=EDGE_LOOP('',(#10493,#10494,#10495,#10497));
#10499=FACE_OUTER_BOUND('',#10498,.F.);
#10501=CARTESIAN_POINT('',(4.986663776687E0,6.539620884874E0,
-1.083532243972E1));
#10502=DIRECTION('',(8.450530526996E-1,5.345504932755E-1,-1.187889986485E-2));
#10503=DIRECTION('',(-5.346824647612E-1,8.448444748730E-1,-1.877432165299E-2));
#10504=AXIS2_PLACEMENT_3D('',#10501,#10502,#10503);
#10505=PLANE('',#10504);
#10506=ORIENTED_EDGE('',*,*,#10320,.F.);
#10507=ORIENTED_EDGE('',*,*,#10496,.F.);
#10508=ORIENTED_EDGE('',*,*,#10246,.F.);
#10510=ORIENTED_EDGE('',*,*,#10509,.T.);
#10511=EDGE_LOOP('',(#10506,#10507,#10508,#10510));
#10512=FACE_OUTER_BOUND('',#10511,.F.);
#10514=CARTESIAN_POINT('',(4.952599890388E0,6.587422943357E0,
-1.083638470769E1));
#10515=DIRECTION('',(7.788376951073E-1,6.270707002544E-1,-1.393490446350E-2));
#10516=DIRECTION('',(-6.272255134160E-1,7.786454606990E-1,-1.730323244030E-2));
#10517=AXIS2_PLACEMENT_3D('',#10514,#10515,#10516);
#10518=PLANE('',#10517);
#10519=ORIENTED_EDGE('',*,*,#10322,.F.);
#10520=ORIENTED_EDGE('',*,*,#10509,.F.);
#10521=ORIENTED_EDGE('',*,*,#10244,.F.);
#10523=ORIENTED_EDGE('',*,*,#10522,.T.);
#10524=EDGE_LOOP('',(#10519,#10520,#10521,#10523));
#10525=FACE_OUTER_BOUND('',#10524,.F.);
#10527=CARTESIAN_POINT('',(4.915513043928E0,6.627889393717E0,
-1.083728396214E1));
#10528=DIRECTION('',(6.898721850631E-1,7.237525080250E-1,-1.608338906530E-2));
#10529=DIRECTION('',(-7.239311902911E-1,6.897019093156E-1,-1.532670904635E-2));
#10530=AXIS2_PLACEMENT_3D('',#10527,#10528,#10529);
#10531=PLANE('',#10530);
#10532=ORIENTED_EDGE('',*,*,#10324,.F.);
#10533=ORIENTED_EDGE('',*,*,#10522,.F.);
#10534=ORIENTED_EDGE('',*,*,#10242,.F.);
#10536=ORIENTED_EDGE('',*,*,#10535,.T.);
#10537=EDGE_LOOP('',(#10532,#10533,#10534,#10536));
#10538=FACE_OUTER_BOUND('',#10537,.F.);
#10540=CARTESIAN_POINT('',(4.881943522698E0,6.656562588508E0,
-1.083792114425E1));
#10541=DIRECTION('',(5.847830493115E-1,8.109895148167E-1,-1.802198921598E-2));
#10542=DIRECTION('',(-8.111897344259E-1,5.846387118894E-1,-1.299197145770E-2));
#10543=AXIS2_PLACEMENT_3D('',#10540,#10541,#10542);
#10544=PLANE('',#10543);
#10545=ORIENTED_EDGE('',*,*,#10326,.F.);
#10546=ORIENTED_EDGE('',*,*,#10535,.F.);
#10547=ORIENTED_EDGE('',*,*,#10240,.F.);
#10549=ORIENTED_EDGE('',*,*,#10548,.T.);
#10550=EDGE_LOOP('',(#10545,#10546,#10547,#10549));
#10551=FACE_OUTER_BOUND('',#10550,.F.);
#10553=CARTESIAN_POINT('',(4.852823287710E0,6.674674588538E0,
-1.083832363314E1));
#10554=DIRECTION('',(4.664312067026E-1,8.843391482088E-1,-1.965198105240E-2));
#10555=DIRECTION('',(-8.845574766028E-1,4.663160811397E-1,-1.036257962845E-2));
#10556=AXIS2_PLACEMENT_3D('',#10553,#10554,#10555);
#10557=PLANE('',#10556);
#10558=ORIENTED_EDGE('',*,*,#10328,.F.);
#10559=ORIENTED_EDGE('',*,*,#10548,.F.);
#10560=ORIENTED_EDGE('',*,*,#10238,.F.);
#10562=ORIENTED_EDGE('',*,*,#10561,.T.);
#10563=EDGE_LOOP('',(#10558,#10559,#10560,#10562));
#10564=FACE_OUTER_BOUND('',#10563,.F.);
#10566=CARTESIAN_POINT('',(4.822562937828E0,6.687969491833E0,
-1.083861907543E1));
#10567=DIRECTION('',(3.343186181225E-1,9.422274913504E-1,-2.093838867150E-2));
#10568=DIRECTION('',(-9.424601113982E-1,3.342361008771E-1,-7.427468873689E-3));
#10569=AXIS2_PLACEMENT_3D('',#10566,#10567,#10568);
#10570=PLANE('',#10569);
#10571=ORIENTED_EDGE('',*,*,#10330,.F.);
#10572=ORIENTED_EDGE('',*,*,#10561,.F.);
#10573=ORIENTED_EDGE('',*,*,#10236,.F.);
#10575=ORIENTED_EDGE('',*,*,#10574,.T.);
#10576=EDGE_LOOP('',(#10571,#10572,#10573,#10575));
#10577=FACE_OUTER_BOUND('',#10576,.F.);
#10579=CARTESIAN_POINT('',(4.788378416873E0,6.696922622868E0,
-1.083881803390E1));
#10580=DIRECTION('',(1.827631782648E-1,9.829143015119E-1,-2.184254000731E-2));
#10581=DIRECTION('',(-9.831569664456E-1,1.827180682599E-1,-4.060401558601E-3));
#10582=AXIS2_PLACEMENT_3D('',#10579,#10580,#10581);
#10583=PLANE('',#10582);
#10584=ORIENTED_EDGE('',*,*,#10332,.F.);
#10585=ORIENTED_EDGE('',*,*,#10574,.F.);
#10586=ORIENTED_EDGE('',*,*,#10234,.F.);
#10588=ORIENTED_EDGE('',*,*,#10587,.T.);
#10589=EDGE_LOOP('',(#10584,#10585,#10586,#10588));
#10590=FACE_OUTER_BOUND('',#10589,.F.);
#10592=CARTESIAN_POINT('',(4.744763112279E0,6.702508279467E0,
-1.083894215960E1));
#10593=DIRECTION('',(8.409010129488E-2,9.962122071370E-1,-2.213804904482E-2));
#10594=DIRECTION('',(-9.964581550995E-1,8.406934599303E-2,-1.868207720494E-3));
#10595=AXIS2_PLACEMENT_3D('',#10592,#10593,#10594);
#10596=PLANE('',#10595);
#10597=ORIENTED_EDGE('',*,*,#10334,.T.);
#10598=ORIENTED_EDGE('',*,*,#10587,.F.);
#10599=ORIENTED_EDGE('',*,*,#10232,.T.);
#10601=ORIENTED_EDGE('',*,*,#10600,.T.);
#10602=EDGE_LOOP('',(#10597,#10598,#10599,#10601));
#10603=FACE_OUTER_BOUND('',#10602,.F.);
#10605=CARTESIAN_POINT('',(4.688968448622E0,6.705301107867E0,
-1.083900422246E1));
#10606=DIRECTION('',(2.253228666041E-2,9.994993562963E-1,-2.221109680391E-2));
#10607=DIRECTION('',(-9.997461158003E-1,2.252672519192E-2,-5.005939218148E-4));
#10608=AXIS2_PLACEMENT_3D('',#10605,#10606,#10607);
#10609=PLANE('',#10608);
#10610=ORIENTED_EDGE('',*,*,#10336,.T.);
#10611=ORIENTED_EDGE('',*,*,#10600,.F.);
#10612=ORIENTED_EDGE('',*,*,#10230,.T.);
#10614=ORIENTED_EDGE('',*,*,#10613,.T.);
#10615=EDGE_LOOP('',(#10610,#10611,#10612,#10614));
#10616=FACE_OUTER_BOUND('',#10615,.F.);
#10618=CARTESIAN_POINT('',(4.611064546331E0,6.705998723731E0,
-1.083901972503E1));
#10619=DIRECTION('',(0.E0,9.997531778322E-1,-2.221673725842E-2));
#10620=DIRECTION('',(-1.E0,0.E0,0.E0));
#10621=AXIS2_PLACEMENT_3D('',#10618,#10619,#10620);
#10622=PLANE('',#10621);
#10623=ORIENTED_EDGE('',*,*,#10338,.T.);
#10624=ORIENTED_EDGE('',*,*,#10613,.F.);
#10625=ORIENTED_EDGE('',*,*,#10228,.T.);
#10627=ORIENTED_EDGE('',*,*,#10626,.T.);
#10628=EDGE_LOOP('',(#10623,#10624,#10625,#10627));
#10629=FACE_OUTER_BOUND('',#10628,.F.);
#10631=CARTESIAN_POINT('',(4.661175193634E0,6.402755744873E0,
-1.083228099216E1));
#10632=DIRECTION('',(9.524311324529E-1,3.046786773067E-1,-6.77063728E-3));
#10633=DIRECTION('',(3.047538973246E-1,-9.521960513355E-1,2.115991225305E-2));
#10634=AXIS2_PLACEMENT_3D('',#10631,#10632,#10633);
#10635=PLANE('',#10634);
#10636=ORIENTED_EDGE('',*,*,#10340,.F.);
#10637=ORIENTED_EDGE('',*,*,#10626,.F.);
#10638=ORIENTED_EDGE('',*,*,#10226,.F.);
#10639=ORIENTED_EDGE('',*,*,#10282,.T.);
#10640=EDGE_LOOP('',(#10636,#10637,#10638,#10639));
#10641=FACE_OUTER_BOUND('',#10640,.F.);
#10643=CARTESIAN_POINT('',(1.008344527894E1,6.400863905149E0,
-1.083223895128E1));
#10644=DIRECTION('',(9.524475126365E-1,3.046274930868E-1,-6.769499847189E-3));
#10645=DIRECTION('',(3.047027004680E-1,-9.522124274761E-1,2.116027616793E-2));
#10646=AXIS2_PLACEMENT_3D('',#10643,#10644,#10645);
#10647=PLANE('',#10646);
#10648=ORIENTED_EDGE('',*,*,#9239,.F.);
#10650=ORIENTED_EDGE('',*,*,#10649,.F.);
#10652=ORIENTED_EDGE('',*,*,#10651,.F.);
#10654=ORIENTED_EDGE('',*,*,#10653,.F.);
#10655=EDGE_LOOP('',(#10648,#10650,#10652,#10654));
#10656=FACE_OUTER_BOUND('',#10655,.F.);
#10658=CARTESIAN_POINT('',(9.853146820158E0,6.850752835173E0,
-1.084223648306E1));
#10659=DIRECTION('',(0.E0,9.997531778311E-1,-2.221673730652E-2));
#10660=DIRECTION('',(1.E0,0.E0,0.E0));
#10661=AXIS2_PLACEMENT_3D('',#10658,#10659,#10660);
#10662=PLANE('',#10661);
#10663=ORIENTED_EDGE('',*,*,#9257,.T.);
#10665=ORIENTED_EDGE('',*,*,#10664,.F.);
#10667=ORIENTED_EDGE('',*,*,#10666,.T.);
#10668=ORIENTED_EDGE('',*,*,#10649,.T.);
#10669=EDGE_LOOP('',(#10663,#10665,#10667,#10668));
#10670=FACE_OUTER_BOUND('',#10669,.F.);
#10672=CARTESIAN_POINT('',(9.678926871091E0,6.548451046484E0,
-1.083551866553E1));
#10673=DIRECTION('',(9.602639155040E-1,-2.790246687713E-1,6.200548194170E-3));
#10674=DIRECTION('',(2.790935552478E-1,9.600269010823E-1,-2.133393113076E-2));
#10675=AXIS2_PLACEMENT_3D('',#10672,#10673,#10674);
#10676=PLANE('',#10675);
#10677=ORIENTED_EDGE('',*,*,#9255,.F.);
#10679=ORIENTED_EDGE('',*,*,#10678,.F.);
#10681=ORIENTED_EDGE('',*,*,#10680,.F.);
#10682=ORIENTED_EDGE('',*,*,#10664,.T.);
#10683=EDGE_LOOP('',(#10677,#10679,#10681,#10682));
#10684=FACE_OUTER_BOUND('',#10683,.F.);
#10686=CARTESIAN_POINT('',(9.494211715663E0,6.548451046484E0,
-1.083551866553E1));
#10687=DIRECTION('',(9.523589895395E-1,3.049039942137E-1,-6.775644315051E-3));
#10688=DIRECTION('',(3.049792698584E-1,-9.521239262288E-1,2.115830946348E-2));
#10689=AXIS2_PLACEMENT_3D('',#10686,#10687,#10688);
#10690=PLANE('',#10689);
#10691=ORIENTED_EDGE('',*,*,#9253,.F.);
#10693=ORIENTED_EDGE('',*,*,#10692,.F.);
#10695=ORIENTED_EDGE('',*,*,#10694,.F.);
#10696=ORIENTED_EDGE('',*,*,#10678,.T.);
#10697=EDGE_LOOP('',(#10691,#10693,#10695,#10696));
#10698=FACE_OUTER_BOUND('',#10697,.F.);
#10700=CARTESIAN_POINT('',(9.311154694105E0,6.850752835173E0,
-1.084223648306E1));
#10701=DIRECTION('',(0.E0,9.997531778311E-1,-2.221673730652E-2));
#10702=DIRECTION('',(1.E0,0.E0,0.E0));
#10703=AXIS2_PLACEMENT_3D('',#10700,#10701,#10702);
#10704=PLANE('',#10703);
#10705=ORIENTED_EDGE('',*,*,#9251,.T.);
#10707=ORIENTED_EDGE('',*,*,#10706,.F.);
#10709=ORIENTED_EDGE('',*,*,#10708,.T.);
#10710=ORIENTED_EDGE('',*,*,#10692,.T.);
#10711=EDGE_LOOP('',(#10705,#10707,#10709,#10710));
#10712=FACE_OUTER_BOUND('',#10711,.F.);
#10714=CARTESIAN_POINT('',(9.368884241499E0,6.400863905149E0,
-1.083223895128E1));
#10715=DIRECTION('',(9.524518714021E-1,3.046138713727E-1,-6.769197140802E-3));
#10716=DIRECTION('',(-3.046890753909E-1,9.522167851660E-1,-2.116037300310E-2));
#10717=AXIS2_PLACEMENT_3D('',#10714,#10715,#10716);
#10718=PLANE('',#10717);
#10719=ORIENTED_EDGE('',*,*,#9249,.F.);
#10721=ORIENTED_EDGE('',*,*,#10720,.F.);
#10723=ORIENTED_EDGE('',*,*,#10722,.F.);
#10724=ORIENTED_EDGE('',*,*,#10706,.T.);
#10725=EDGE_LOOP('',(#10719,#10721,#10723,#10724));
#10726=FACE_OUTER_BOUND('',#10725,.F.);
#10728=CARTESIAN_POINT('',(9.599388488635E0,5.950974975124E0,
-1.082224141951E1));
#10729=DIRECTION('',(0.E0,9.997531778320E-1,-2.221673726914E-2));
#10730=DIRECTION('',(-1.E0,0.E0,0.E0));
#10731=AXIS2_PLACEMENT_3D('',#10728,#10729,#10730);
#10732=PLANE('',#10731);
#10733=ORIENTED_EDGE('',*,*,#9247,.T.);
#10735=ORIENTED_EDGE('',*,*,#10734,.F.);
#10737=ORIENTED_EDGE('',*,*,#10736,.T.);
#10738=ORIENTED_EDGE('',*,*,#10720,.T.);
#10739=EDGE_LOOP('',(#10733,#10735,#10737,#10738));
#10740=FACE_OUTER_BOUND('',#10739,.F.);
#10742=CARTESIAN_POINT('',(9.774268379708E0,6.252021055139E0,
-1.082893133239E1));
#10743=DIRECTION('',(9.595673800042E-1,-2.814095527858E-1,6.253545624985E-3));
#10744=DIRECTION('',(-2.814790280500E-1,-9.593305375029E-1,2.131845638240E-2));
#10745=AXIS2_PLACEMENT_3D('',#10742,#10743,#10744);
#10746=PLANE('',#10745);
#10747=ORIENTED_EDGE('',*,*,#9245,.F.);
#10749=ORIENTED_EDGE('',*,*,#10748,.F.);
#10751=ORIENTED_EDGE('',*,*,#10750,.F.);
#10752=ORIENTED_EDGE('',*,*,#10734,.T.);
#10753=EDGE_LOOP('',(#10747,#10749,#10751,#10752));
#10754=FACE_OUTER_BOUND('',#10753,.F.);
#10756=CARTESIAN_POINT('',(9.959085246548E0,6.252021055140E0,
-1.082893133240E1));
#10757=DIRECTION('',(9.523067316479E-1,3.050670915945E-1,-6.779268701283E-3));
#10758=DIRECTION('',(-3.051424075052E-1,9.520716812354E-1,-2.115714847249E-2));
#10759=AXIS2_PLACEMENT_3D('',#10756,#10757,#10758);
#10760=PLANE('',#10759);
#10761=ORIENTED_EDGE('',*,*,#9243,.F.);
#10763=ORIENTED_EDGE('',*,*,#10762,.F.);
#10765=ORIENTED_EDGE('',*,*,#10764,.F.);
#10766=ORIENTED_EDGE('',*,*,#10748,.T.);
#10767=EDGE_LOOP('',(#10761,#10763,#10765,#10766));
#10768=FACE_OUTER_BOUND('',#10767,.F.);
#10770=CARTESIAN_POINT('',(1.014148942229E1,5.950974975124E0,
-1.082224141951E1));
#10771=DIRECTION('',(0.E0,9.997531778320E-1,-2.221673726914E-2));
#10772=DIRECTION('',(-1.E0,0.E0,0.E0));
#10773=AXIS2_PLACEMENT_3D('',#10770,#10771,#10772);
#10774=PLANE('',#10773);
#10775=ORIENTED_EDGE('',*,*,#9241,.T.);
#10776=ORIENTED_EDGE('',*,*,#10653,.T.);
#10778=ORIENTED_EDGE('',*,*,#10777,.T.);
#10779=ORIENTED_EDGE('',*,*,#10762,.T.);
#10780=EDGE_LOOP('',(#10775,#10776,#10778,#10779));
#10781=FACE_OUTER_BOUND('',#10780,.F.);
#10783=CARTESIAN_POINT('',(9.726168308316E0,6.401086072522E0,
-1.082224141950E1));
#10784=DIRECTION('',(0.E0,2.221673728174E-2,9.997531778317E-1));
#10785=DIRECTION('',(1.E0,0.E0,0.E0));
#10786=AXIS2_PLACEMENT_3D('',#10783,#10784,#10785);
#10787=PLANE('',#10786);
#10788=ORIENTED_EDGE('',*,*,#10651,.T.);
#10789=ORIENTED_EDGE('',*,*,#10666,.F.);
#10790=ORIENTED_EDGE('',*,*,#10680,.T.);
#10791=ORIENTED_EDGE('',*,*,#10694,.T.);
#10792=ORIENTED_EDGE('',*,*,#10708,.F.);
#10793=ORIENTED_EDGE('',*,*,#10722,.T.);
#10794=ORIENTED_EDGE('',*,*,#10736,.F.);
#10795=ORIENTED_EDGE('',*,*,#10750,.T.);
#10796=ORIENTED_EDGE('',*,*,#10764,.T.);
#10797=ORIENTED_EDGE('',*,*,#10777,.F.);
#10798=EDGE_LOOP('',(#10788,#10789,#10790,#10791,#10792,#10793,#10794,#10795,
#10796,#10797));
#10799=FACE_OUTER_BOUND('',#10798,.F.);
#10801=CARTESIAN_POINT('',(6.238642288628E0,6.026182695992E0,
-1.082391270219E1));
#10802=DIRECTION('',(9.527276799409E-1,3.037505641235E-1,-6.750012527967E-3));
#10803=DIRECTION('',(3.038255550057E-1,-9.524925256287E-1,2.116650058494E-2));
#10804=AXIS2_PLACEMENT_3D('',#10801,#10802,#10803);
#10805=PLANE('',#10804);
#10806=ORIENTED_EDGE('',*,*,#9261,.F.);
#10808=ORIENTED_EDGE('',*,*,#10807,.F.);
#10810=ORIENTED_EDGE('',*,*,#10809,.F.);
#10812=ORIENTED_EDGE('',*,*,#10811,.F.);
#10813=EDGE_LOOP('',(#10806,#10808,#10810,#10812));
#10814=FACE_OUTER_BOUND('',#10813,.F.);
#10816=CARTESIAN_POINT('',(5.973681501383E0,6.101390416860E0,
-1.082558398488E1));
#10817=DIRECTION('',(0.E0,9.997531778322E-1,-2.221673725846E-2));
#10818=DIRECTION('',(1.E0,0.E0,0.E0));
#10819=AXIS2_PLACEMENT_3D('',#10816,#10817,#10818);
#10820=PLANE('',#10819);
#10821=ORIENTED_EDGE('',*,*,#9283,.T.);
#10823=ORIENTED_EDGE('',*,*,#10822,.F.);
#10825=ORIENTED_EDGE('',*,*,#10824,.T.);
#10826=ORIENTED_EDGE('',*,*,#10807,.T.);
#10827=EDGE_LOOP('',(#10821,#10823,#10825,#10826));
#10828=FACE_OUTER_BOUND('',#10827,.F.);
#10830=CARTESIAN_POINT('',(5.699867084034E0,6.203516651099E0,
-1.082785345675E1));
#10831=DIRECTION('',(9.520042456658E-1,3.060092701744E-1,-6.800205995698E-3));
#10832=DIRECTION('',(3.060848186929E-1,-9.517692699136E-1,2.115042821798E-2));
#10833=AXIS2_PLACEMENT_3D('',#10830,#10831,#10832);
#10834=PLANE('',#10833);
#10835=ORIENTED_EDGE('',*,*,#9281,.F.);
#10837=ORIENTED_EDGE('',*,*,#10836,.F.);
#10839=ORIENTED_EDGE('',*,*,#10838,.F.);
#10840=ORIENTED_EDGE('',*,*,#10822,.T.);
#10841=EDGE_LOOP('',(#10835,#10837,#10839,#10840));
#10842=FACE_OUTER_BOUND('',#10841,.F.);
#10844=CARTESIAN_POINT('',(5.899928846892E0,6.305642885340E0,
-1.083012292862E1));
#10845=DIRECTION('',(0.E0,9.997531778322E-1,-2.221673725846E-2));
#10846=DIRECTION('',(-1.E0,0.E0,0.E0));
#10847=AXIS2_PLACEMENT_3D('',#10844,#10845,#10846);
#10848=PLANE('',#10847);
#10849=ORIENTED_EDGE('',*,*,#9279,.T.);
#10851=ORIENTED_EDGE('',*,*,#10850,.F.);
#10853=ORIENTED_EDGE('',*,*,#10852,.T.);
#10854=ORIENTED_EDGE('',*,*,#10836,.T.);
#10855=EDGE_LOOP('',(#10849,#10851,#10853,#10854));
#10856=FACE_OUTER_BOUND('',#10855,.F.);
#10858=CARTESIAN_POINT('',(6.108844239852E0,6.380850606207E0,
-1.083179421130E1));
#10859=DIRECTION('',(9.527276799408E-1,3.037505641237E-1,-6.750012529586E-3));
#10860=DIRECTION('',(3.038255550058E-1,-9.524925256291E-1,2.116650056136E-2));
#10861=AXIS2_PLACEMENT_3D('',#10858,#10859,#10860);
#10862=PLANE('',#10861);
#10863=ORIENTED_EDGE('',*,*,#9277,.F.);
#10865=ORIENTED_EDGE('',*,*,#10864,.F.);
#10867=ORIENTED_EDGE('',*,*,#10866,.F.);
#10868=ORIENTED_EDGE('',*,*,#10850,.T.);
#10869=EDGE_LOOP('',(#10863,#10865,#10867,#10868));
#10870=FACE_OUTER_BOUND('',#10869,.F.);
#10872=CARTESIAN_POINT('',(5.851838236920E0,6.456058327074E0,
-1.083346549399E1));
#10873=DIRECTION('',(0.E0,9.997531778322E-1,-2.221673725842E-2));
#10874=DIRECTION('',(1.E0,0.E0,0.E0));
#10875=AXIS2_PLACEMENT_3D('',#10872,#10873,#10874);
#10876=PLANE('',#10875);
#10877=ORIENTED_EDGE('',*,*,#9275,.T.);
#10879=ORIENTED_EDGE('',*,*,#10878,.F.);
#10881=ORIENTED_EDGE('',*,*,#10880,.T.);
#10882=ORIENTED_EDGE('',*,*,#10864,.T.);
#10883=EDGE_LOOP('',(#10877,#10879,#10881,#10882));
#10884=FACE_OUTER_BOUND('',#10883,.F.);
#10886=CARTESIAN_POINT('',(5.577044550850E0,6.578197860256E0,
-1.083617970584E1));
#10887=DIRECTION('',(9.462054668644E-1,3.234865355070E-1,-7.188589684838E-3));
#10888=DIRECTION('',(3.235663988673E-1,-9.459719223793E-1,2.102159827354E-2));
#10889=AXIS2_PLACEMENT_3D('',#10886,#10887,#10888);
#10890=PLANE('',#10889);
#10891=ORIENTED_EDGE('',*,*,#9273,.F.);
#10893=ORIENTED_EDGE('',*,*,#10892,.F.);
#10895=ORIENTED_EDGE('',*,*,#10894,.F.);
#10896=ORIENTED_EDGE('',*,*,#10878,.T.);
#10897=EDGE_LOOP('',(#10891,#10893,#10895,#10896));
#10898=FACE_OUTER_BOUND('',#10897,.F.);
#10900=CARTESIAN_POINT('',(5.797089072789E0,6.700337393438E0,
-1.083889391769E1));
#10901=DIRECTION('',(0.E0,9.997531778322E-1,-2.221673725842E-2));
#10902=DIRECTION('',(-1.E0,0.E0,0.E0));
#10903=AXIS2_PLACEMENT_3D('',#10900,#10901,#10902);
#10904=PLANE('',#10903);
#10905=ORIENTED_EDGE('',*,*,#9271,.T.);
#10907=ORIENTED_EDGE('',*,*,#10906,.F.);
#10909=ORIENTED_EDGE('',*,*,#10908,.T.);
#10910=ORIENTED_EDGE('',*,*,#10892,.T.);
#10911=EDGE_LOOP('',(#10905,#10907,#10909,#10910));
#10912=FACE_OUTER_BOUND('',#10911,.F.);
#10914=CARTESIAN_POINT('',(6.034616143333E0,6.775545114305E0,
-1.084056520038E1));
#10915=DIRECTION('',(9.516039345593E-1,3.072512535394E-1,-6.827805633385E-3));
#10916=DIRECTION('',(3.073271086828E-1,-9.513690576132E-1,2.114153459219E-2));
#10917=AXIS2_PLACEMENT_3D('',#10914,#10915,#10916);
#10918=PLANE('',#10917);
#10919=ORIENTED_EDGE('',*,*,#9269,.F.);
#10921=ORIENTED_EDGE('',*,*,#10920,.F.);
#10923=ORIENTED_EDGE('',*,*,#10922,.F.);
#10924=ORIENTED_EDGE('',*,*,#10906,.T.);
#10925=EDGE_LOOP('',(#10919,#10921,#10923,#10924));
#10926=FACE_OUTER_BOUND('',#10925,.F.);
#10928=CARTESIAN_POINT('',(5.658808759093E0,6.850752835173E0,
-1.084223648306E1));
#10929=DIRECTION('',(0.E0,9.997531778311E-1,-2.221673730652E-2));
#10930=DIRECTION('',(1.E0,0.E0,0.E0));
#10931=AXIS2_PLACEMENT_3D('',#10928,#10929,#10930);
#10932=PLANE('',#10931);
#10933=ORIENTED_EDGE('',*,*,#9267,.T.);
#10935=ORIENTED_EDGE('',*,*,#10934,.F.);
#10937=ORIENTED_EDGE('',*,*,#10936,.T.);
#10938=ORIENTED_EDGE('',*,*,#10920,.T.);
#10939=EDGE_LOOP('',(#10933,#10935,#10937,#10938));
#10940=FACE_OUTER_BOUND('',#10939,.F.);
#10942=CARTESIAN_POINT('',(5.451371730836E0,6.400863905149E0,
-1.083223895128E1));
#10943=DIRECTION('',(9.523777518054E-1,3.048454135284E-1,-6.774342529368E-3));
#10944=DIRECTION('',(-3.049206747107E-1,9.521426838636E-1,-2.115872630744E-2));
#10945=AXIS2_PLACEMENT_3D('',#10942,#10943,#10944);
#10946=PLANE('',#10945);
#10947=ORIENTED_EDGE('',*,*,#9265,.F.);
#10949=ORIENTED_EDGE('',*,*,#10948,.F.);
#10951=ORIENTED_EDGE('',*,*,#10950,.F.);
#10952=ORIENTED_EDGE('',*,*,#10934,.T.);
#10953=EDGE_LOOP('',(#10947,#10949,#10951,#10952));
#10954=FACE_OUTER_BOUND('',#10953,.F.);
#10956=CARTESIAN_POINT('',(5.929039620457E0,5.950974975124E0,
-1.082224141951E1));
#10957=DIRECTION('',(0.E0,9.997531778320E-1,-2.221673726914E-2));
#10958=DIRECTION('',(-1.E0,0.E0,0.E0));
#10959=AXIS2_PLACEMENT_3D('',#10956,#10957,#10958);
#10960=PLANE('',#10959);
#10961=ORIENTED_EDGE('',*,*,#9263,.T.);
#10962=ORIENTED_EDGE('',*,*,#10811,.T.);
#10964=ORIENTED_EDGE('',*,*,#10963,.T.);
#10965=ORIENTED_EDGE('',*,*,#10948,.T.);
#10966=EDGE_LOOP('',(#10961,#10962,#10964,#10965));
#10967=FACE_OUTER_BOUND('',#10966,.F.);
#10969=CARTESIAN_POINT('',(5.784964117476E0,6.401086072522E0,
-1.082224141950E1));
#10970=DIRECTION('',(0.E0,2.221673728174E-2,9.997531778317E-1));
#10971=DIRECTION('',(1.E0,0.E0,0.E0));
#10972=AXIS2_PLACEMENT_3D('',#10969,#10970,#10971);
#10973=PLANE('',#10972);
#10974=ORIENTED_EDGE('',*,*,#10809,.T.);
#10975=ORIENTED_EDGE('',*,*,#10824,.F.);
#10976=ORIENTED_EDGE('',*,*,#10838,.T.);
#10977=ORIENTED_EDGE('',*,*,#10852,.F.);
#10978=ORIENTED_EDGE('',*,*,#10866,.T.);
#10979=ORIENTED_EDGE('',*,*,#10880,.F.);
#10980=ORIENTED_EDGE('',*,*,#10894,.T.);
#10981=ORIENTED_EDGE('',*,*,#10908,.F.);
#10982=ORIENTED_EDGE('',*,*,#10922,.T.);
#10983=ORIENTED_EDGE('',*,*,#10936,.F.);
#10984=ORIENTED_EDGE('',*,*,#10950,.T.);
#10985=ORIENTED_EDGE('',*,*,#10963,.F.);
#10986=EDGE_LOOP('',(#10974,#10975,#10976,#10977,#10978,#10979,#10980,#10981,
#10982,#10983,#10984,#10985));
#10987=FACE_OUTER_BOUND('',#10986,.F.);
#10989=CARTESIAN_POINT('',(7.953696640290E0,6.195731730912E0,
-1.082768045852E1));
#10990=DIRECTION('',(9.953632260714E-1,-9.616382650059E-2,2.136973921978E-3));
#10991=DIRECTION('',(9.618756772462E-2,9.951175483623E-1,-2.211372326669E-2));
#10992=AXIS2_PLACEMENT_3D('',#10989,#10990,#10991);
#10993=PLANE('',#10992);
#10994=ORIENTED_EDGE('',*,*,#9287,.T.);
#10996=ORIENTED_EDGE('',*,*,#10995,.F.);
#10998=ORIENTED_EDGE('',*,*,#10997,.T.);
#11000=ORIENTED_EDGE('',*,*,#10999,.F.);
#11001=EDGE_LOOP('',(#10994,#10996,#10998,#11000));
#11002=FACE_OUTER_BOUND('',#11001,.F.);
#11004=CARTESIAN_POINT('',(7.945834105760E0,6.159413139186E0,
-1.082687337871E1));
#11005=DIRECTION('',(9.407738917165E-1,-3.389509551148E-1,7.532243446095E-3));
#11006=DIRECTION('',(3.390346363789E-1,9.405416878650E-1,-2.090092637896E-2));
#11007=AXIS2_PLACEMENT_3D('',#11004,#11005,#11006);
#11008=PLANE('',#11007);
#11009=ORIENTED_EDGE('',*,*,#9441,.F.);
#11011=ORIENTED_EDGE('',*,*,#11010,.F.);
#11013=ORIENTED_EDGE('',*,*,#11012,.F.);
#11014=ORIENTED_EDGE('',*,*,#10995,.T.);
#11015=EDGE_LOOP('',(#11009,#11011,#11013,#11014));
#11016=FACE_OUTER_BOUND('',#11015,.F.);
#11018=CARTESIAN_POINT('',(7.929889056166E0,6.129798754025E0,
-1.082621528126E1));
#11019=DIRECTION('',(7.953823475385E-1,-6.059584102923E-1,1.346574246389E-2));
#11020=DIRECTION('',(6.061080111862E-1,7.951860295436E-1,-1.767080062157E-2));
#11021=AXIS2_PLACEMENT_3D('',#11018,#11019,#11020);
#11022=PLANE('',#11021);
#11023=ORIENTED_EDGE('',*,*,#9439,.F.);
#11025=ORIENTED_EDGE('',*,*,#11024,.F.);
#11027=ORIENTED_EDGE('',*,*,#11026,.F.);
#11028=ORIENTED_EDGE('',*,*,#11010,.T.);
#11029=EDGE_LOOP('',(#11023,#11025,#11027,#11028));
#11030=FACE_OUTER_BOUND('',#11029,.F.);
#11032=CARTESIAN_POINT('',(7.905549261086E0,6.107153433257E0,
-1.082571205191E1));
#11033=DIRECTION('',(-5.534632557738E-1,8.326680228897E-1,-1.850373381974E-2));
#11034=DIRECTION('',(8.328735945558E-1,5.533266487714E-1,-1.229614781684E-2));
#11035=AXIS2_PLACEMENT_3D('',#11032,#11033,#11034);
#11036=PLANE('',#11035);
#11037=ORIENTED_EDGE('',*,*,#9437,.F.);
#11039=ORIENTED_EDGE('',*,*,#11038,.F.);
#11041=ORIENTED_EDGE('',*,*,#11040,.F.);
#11042=ORIENTED_EDGE('',*,*,#11024,.T.);
#11043=EDGE_LOOP('',(#11037,#11039,#11041,#11042));
#11044=FACE_OUTER_BOUND('',#11043,.F.);
#11046=CARTESIAN_POINT('',(7.872228105160E0,6.091893381693E0,
-1.082537293965E1));
#11047=DIRECTION('',(-2.891861237992E-1,9.570366137638E-1,-2.126748028030E-2));
#11048=DIRECTION('',(9.572728899337E-1,2.891147462522E-1,-6.424772178568E-3));
#11049=AXIS2_PLACEMENT_3D('',#11046,#11047,#11048);
#11050=PLANE('',#11049);
#11051=ORIENTED_EDGE('',*,*,#9435,.F.);
#11053=ORIENTED_EDGE('',*,*,#11052,.F.);
#11055=ORIENTED_EDGE('',*,*,#11054,.F.);
#11056=ORIENTED_EDGE('',*,*,#11038,.T.);
#11057=EDGE_LOOP('',(#11051,#11053,#11055,#11056));
#11058=FACE_OUTER_BOUND('',#11057,.F.);
#11060=CARTESIAN_POINT('',(7.829603896239E0,6.084243255064E0,
-1.082520293683E1));
#11061=DIRECTION('',(-8.086674129169E-2,9.964789082020E-1,-2.214397573513E-2));
#11062=DIRECTION('',(9.967249220085E-1,8.084678158681E-2,-1.796595166405E-3));
#11063=AXIS2_PLACEMENT_3D('',#11060,#11061,#11062);
#11064=PLANE('',#11063);
#11065=ORIENTED_EDGE('',*,*,#9433,.T.);
#11067=ORIENTED_EDGE('',*,*,#11066,.F.);
#11069=ORIENTED_EDGE('',*,*,#11068,.T.);
#11070=ORIENTED_EDGE('',*,*,#11052,.T.);
#11071=EDGE_LOOP('',(#11065,#11067,#11069,#11070));
#11072=FACE_OUTER_BOUND('',#11071,.F.);
#11074=CARTESIAN_POINT('',(7.782641574007E0,6.083827050253E0,
-1.082519368784E1));
#11075=DIRECTION('',(6.428146611921E-2,9.976854961547E-1,-2.217078880077E-2));
#11076=DIRECTION('',(9.979318078474E-1,-6.426560002710E-2,1.428124501625E-3));
#11077=AXIS2_PLACEMENT_3D('',#11074,#11075,#11076);
#11078=PLANE('',#11077);
#11079=ORIENTED_EDGE('',*,*,#9431,.T.);
#11081=ORIENTED_EDGE('',*,*,#11080,.F.);
#11083=ORIENTED_EDGE('',*,*,#11082,.T.);
#11084=ORIENTED_EDGE('',*,*,#11066,.T.);
#11085=EDGE_LOOP('',(#11079,#11081,#11083,#11084));
#11086=FACE_OUTER_BOUND('',#11085,.F.);
#11088=CARTESIAN_POINT('',(7.740540114721E0,6.089833641156E0,
-1.082532716764E1));
#11089=DIRECTION('',(2.332756915594E-1,9.721706269536E-1,-2.160379170748E-2));
#11090=DIRECTION('',(9.724106394561E-1,-2.332181139475E-1,5.182624752142E-3));
#11091=AXIS2_PLACEMENT_3D('',#11088,#11089,#11090);
#11092=PLANE('',#11091);
#11093=ORIENTED_EDGE('',*,*,#9429,.F.);
#11095=ORIENTED_EDGE('',*,*,#11094,.F.);
#11097=ORIENTED_EDGE('',*,*,#11096,.F.);
#11098=ORIENTED_EDGE('',*,*,#11080,.T.);
#11099=EDGE_LOOP('',(#11093,#11095,#11097,#11098));
#11100=FACE_OUTER_BOUND('',#11099,.F.);
#11102=CARTESIAN_POINT('',(7.707554843323E0,6.101842093470E0,
-1.082559402213E1));
#11103=DIRECTION('',(4.672448495771E-1,8.839097381230E-1,-1.964243862259E-2));
#11104=DIRECTION('',(8.841279605033E-1,-4.671295231880E-1,1.038065616821E-2));
#11105=AXIS2_PLACEMENT_3D('',#11102,#11103,#11104);
#11106=PLANE('',#11105);
#11107=ORIENTED_EDGE('',*,*,#9427,.F.);
#11109=ORIENTED_EDGE('',*,*,#11108,.F.);
#11111=ORIENTED_EDGE('',*,*,#11110,.F.);
#11112=ORIENTED_EDGE('',*,*,#11094,.T.);
#11113=EDGE_LOOP('',(#11107,#11109,#11111,#11112));
#11114=FACE_OUTER_BOUND('',#11113,.F.);
#11116=CARTESIAN_POINT('',(7.683110971303E0,6.119128778318E0,
-1.082597817068E1));
#11117=DIRECTION('',(6.908092716707E-1,7.228585707987E-1,-1.606352379361E-2));
#11118=DIRECTION('',(7.230370323668E-1,-6.906387646296E-1,1.534752804363E-2));
#11119=AXIS2_PLACEMENT_3D('',#11116,#11117,#11118);
#11120=PLANE('',#11119);
#11121=ORIENTED_EDGE('',*,*,#9425,.F.);
#11123=ORIENTED_EDGE('',*,*,#11122,.F.);
#11125=ORIENTED_EDGE('',*,*,#11124,.F.);
#11126=ORIENTED_EDGE('',*,*,#11108,.T.);
#11127=EDGE_LOOP('',(#11121,#11123,#11125,#11126));
#11128=FACE_OUTER_BOUND('',#11127,.F.);
#11130=CARTESIAN_POINT('',(7.666132249088E0,6.140251168040E0,
-1.082644755713E1));
#11131=DIRECTION('',(8.597784782407E-1,5.105411356519E-1,-1.134535858095E-2));
#11132=DIRECTION('',(5.106671796327E-1,-8.595662658523E-1,1.910147258015E-2));
#11133=AXIS2_PLACEMENT_3D('',#11130,#11131,#11132);
#11134=PLANE('',#11133);
#11135=ORIENTED_EDGE('',*,*,#9423,.F.);
#11137=ORIENTED_EDGE('',*,*,#11136,.F.);
#11139=ORIENTED_EDGE('',*,*,#11138,.F.);
#11140=ORIENTED_EDGE('',*,*,#11122,.T.);
#11141=EDGE_LOOP('',(#11135,#11137,#11139,#11140));
#11142=FACE_OUTER_BOUND('',#11141,.F.);
#11144=CARTESIAN_POINT('',(7.656138504192E0,6.164514011719E0,
-1.082698673143E1));
#11145=DIRECTION('',(9.696920296518E-1,2.442701414404E-1,-5.428225358819E-3));
#11146=DIRECTION('',(2.443304476111E-1,-9.694526881643E-1,2.154339298057E-2));
#11147=AXIS2_PLACEMENT_3D('',#11144,#11145,#11146);
#11148=PLANE('',#11147);
#11149=ORIENTED_EDGE('',*,*,#9421,.T.);
#11151=ORIENTED_EDGE('',*,*,#11150,.F.);
#11153=ORIENTED_EDGE('',*,*,#11152,.T.);
#11154=ORIENTED_EDGE('',*,*,#11136,.T.);
#11155=EDGE_LOOP('',(#11149,#11151,#11153,#11154));
#11156=FACE_OUTER_BOUND('',#11155,.F.);
#11158=CARTESIAN_POINT('',(7.653205428793E0,6.189585616754E0,
-1.082754387821E1));
#11159=DIRECTION('',(9.996445649240E-1,-2.665319880381E-2,5.922933073203E-4));
#11160=DIRECTION('',(-2.665977902829E-2,-9.993978304822E-1,2.220884079874E-2));
#11161=AXIS2_PLACEMENT_3D('',#11158,#11159,#11160);
#11162=PLANE('',#11161);
#11163=ORIENTED_EDGE('',*,*,#9419,.T.);
#11165=ORIENTED_EDGE('',*,*,#11164,.F.);
#11167=ORIENTED_EDGE('',*,*,#11166,.T.);
#11168=ORIENTED_EDGE('',*,*,#11150,.T.);
#11169=EDGE_LOOP('',(#11163,#11165,#11167,#11168));
#11170=FACE_OUTER_BOUND('',#11169,.F.);
#11172=CARTESIAN_POINT('',(7.657370868974E0,6.212387014202E0,
-1.082805057593E1));
#11173=DIRECTION('',(9.407409106593E-1,-3.390424364169E-1,7.534276372072E-3));
#11174=DIRECTION('',(-3.391261402664E-1,-9.405087149505E-1,2.090019354497E-2));
#11175=AXIS2_PLACEMENT_3D('',#11172,#11173,#11174);
#11176=PLANE('',#11175);
#11177=ORIENTED_EDGE('',*,*,#9417,.F.);
#11179=ORIENTED_EDGE('',*,*,#11178,.F.);
#11181=ORIENTED_EDGE('',*,*,#11180,.F.);
#11182=ORIENTED_EDGE('',*,*,#11164,.T.);
#11183=EDGE_LOOP('',(#11177,#11179,#11181,#11182));
#11184=FACE_OUTER_BOUND('',#11183,.F.);
#11186=CARTESIAN_POINT('',(7.668575690277E0,6.232182751451E0,
-1.082849048120E1));
#11187=DIRECTION('',(7.788796562632E-1,-6.270186055930E-1,1.393374678926E-2));
#11188=DIRECTION('',(-6.271734058930E-1,-7.786874115005E-1,1.730416456394E-2));
#11189=AXIS2_PLACEMENT_3D('',#11186,#11187,#11188);
#11190=PLANE('',#11189);
#11191=ORIENTED_EDGE('',*,*,#9415,.F.);
#11193=ORIENTED_EDGE('',*,*,#11192,.F.);
#11195=ORIENTED_EDGE('',*,*,#11194,.F.);
#11196=ORIENTED_EDGE('',*,*,#11178,.T.);
#11197=EDGE_LOOP('',(#11191,#11193,#11195,#11196));
#11198=FACE_OUTER_BOUND('',#11197,.F.);
#11200=CARTESIAN_POINT('',(7.688901429928E0,6.250968719278E0,
-1.082890794715E1));
#11201=DIRECTION('',(-5.969976224839E-1,8.020449934407E-1,-1.782322207861E-2));
#11202=DIRECTION('',(-8.022430047988E-1,-5.968502702370E-1,1.326333930197E-2));
#11203=AXIS2_PLACEMENT_3D('',#11200,#11201,#11202);
#11204=PLANE('',#11203);
#11205=ORIENTED_EDGE('',*,*,#9413,.F.);
#11207=ORIENTED_EDGE('',*,*,#11206,.F.);
#11209=ORIENTED_EDGE('',*,*,#11208,.F.);
#11210=ORIENTED_EDGE('',*,*,#11192,.T.);
#11211=EDGE_LOOP('',(#11205,#11207,#11209,#11210));
#11212=FACE_OUTER_BOUND('',#11211,.F.);
#11214=CARTESIAN_POINT('',(7.722738289122E0,6.272372548206E0,
-1.082938358780E1));
#11215=DIRECTION('',(-4.909313329612E-1,8.709832393356E-1,-1.935518311498E-2));
#11216=DIRECTION('',(-8.711982703822E-1,-4.908101602235E-1,1.090689252030E-2));
#11217=AXIS2_PLACEMENT_3D('',#11214,#11215,#11216);
#11218=PLANE('',#11217);
#11219=ORIENTED_EDGE('',*,*,#9411,.F.);
#11221=ORIENTED_EDGE('',*,*,#11220,.F.);
#11223=ORIENTED_EDGE('',*,*,#11222,.F.);
#11224=ORIENTED_EDGE('',*,*,#11206,.T.);
#11225=EDGE_LOOP('',(#11219,#11221,#11223,#11224));
#11226=FACE_OUTER_BOUND('',#11225,.F.);
#11228=CARTESIAN_POINT('',(7.815602008789E0,6.318921317553E0,
-1.083041800489E1));
#11229=DIRECTION('',(-4.351320500367E-1,9.001444165519E-1,-2.000320927594E-2));
#11230=DIRECTION('',(-9.003666470005E-1,-4.350246498006E-1,9.667214436497E-3));
#11231=AXIS2_PLACEMENT_3D('',#11228,#11229,#11230);
#11232=PLANE('',#11231);
#11234=ORIENTED_EDGE('',*,*,#11233,.F.);
#11235=ORIENTED_EDGE('',*,*,#11220,.T.);
#11236=ORIENTED_EDGE('',*,*,#9409,.F.);
#11238=ORIENTED_EDGE('',*,*,#11237,.F.);
#11239=EDGE_LOOP('',(#11234,#11235,#11236,#11238));
#11240=FACE_OUTER_BOUND('',#11239,.F.);
#11242=CARTESIAN_POINT('',(7.727199352393E0,6.401078978082E0,
-1.082224126185E1));
#11243=DIRECTION('',(0.E0,2.221673728174E-2,9.997531778317E-1));
#11244=DIRECTION('',(1.E0,0.E0,0.E0));
#11245=AXIS2_PLACEMENT_3D('',#11242,#11243,#11244);
#11246=PLANE('',#11245);
#11247=ORIENTED_EDGE('',*,*,#10997,.F.);
#11248=ORIENTED_EDGE('',*,*,#11012,.T.);
#11249=ORIENTED_EDGE('',*,*,#11026,.T.);
#11250=ORIENTED_EDGE('',*,*,#11040,.T.);
#11251=ORIENTED_EDGE('',*,*,#11054,.T.);
#11252=ORIENTED_EDGE('',*,*,#11068,.F.);
#11253=ORIENTED_EDGE('',*,*,#11082,.F.);
#11254=ORIENTED_EDGE('',*,*,#11096,.T.);
#11255=ORIENTED_EDGE('',*,*,#11110,.T.);
#11256=ORIENTED_EDGE('',*,*,#11124,.T.);
#11257=ORIENTED_EDGE('',*,*,#11138,.T.);
#11258=ORIENTED_EDGE('',*,*,#11152,.F.);
#11259=ORIENTED_EDGE('',*,*,#11166,.F.);
#11260=ORIENTED_EDGE('',*,*,#11180,.T.);
#11261=ORIENTED_EDGE('',*,*,#11194,.T.);
#11262=ORIENTED_EDGE('',*,*,#11208,.T.);
#11263=ORIENTED_EDGE('',*,*,#11222,.T.);
#11264=ORIENTED_EDGE('',*,*,#11233,.T.);
#11266=ORIENTED_EDGE('',*,*,#11265,.T.);
#11268=ORIENTED_EDGE('',*,*,#11267,.T.);
#11270=ORIENTED_EDGE('',*,*,#11269,.T.);
#11272=ORIENTED_EDGE('',*,*,#11271,.T.);
#11274=ORIENTED_EDGE('',*,*,#11273,.F.);
#11276=ORIENTED_EDGE('',*,*,#11275,.T.);
#11278=ORIENTED_EDGE('',*,*,#11277,.T.);
#11280=ORIENTED_EDGE('',*,*,#11279,.T.);
#11282=ORIENTED_EDGE('',*,*,#11281,.T.);
#11284=ORIENTED_EDGE('',*,*,#11283,.T.);
#11286=ORIENTED_EDGE('',*,*,#11285,.T.);
#11288=ORIENTED_EDGE('',*,*,#11287,.F.);
#11290=ORIENTED_EDGE('',*,*,#11289,.T.);
#11292=ORIENTED_EDGE('',*,*,#11291,.T.);
#11294=ORIENTED_EDGE('',*,*,#11293,.T.);
#11296=ORIENTED_EDGE('',*,*,#11295,.T.);
#11298=ORIENTED_EDGE('',*,*,#11297,.T.);
#11300=ORIENTED_EDGE('',*,*,#11299,.T.);
#11302=ORIENTED_EDGE('',*,*,#11301,.F.);
#11304=ORIENTED_EDGE('',*,*,#11303,.F.);
#11306=ORIENTED_EDGE('',*,*,#11305,.T.);
#11308=ORIENTED_EDGE('',*,*,#11307,.F.);
#11310=ORIENTED_EDGE('',*,*,#11309,.F.);
#11312=ORIENTED_EDGE('',*,*,#11311,.T.);
#11314=ORIENTED_EDGE('',*,*,#11313,.T.);
#11316=ORIENTED_EDGE('',*,*,#11315,.T.);
#11318=ORIENTED_EDGE('',*,*,#11317,.F.);
#11320=ORIENTED_EDGE('',*,*,#11319,.F.);
#11322=ORIENTED_EDGE('',*,*,#11321,.T.);
#11324=ORIENTED_EDGE('',*,*,#11323,.T.);
#11326=ORIENTED_EDGE('',*,*,#11325,.T.);
#11328=ORIENTED_EDGE('',*,*,#11327,.T.);
#11330=ORIENTED_EDGE('',*,*,#11329,.T.);
#11332=ORIENTED_EDGE('',*,*,#11331,.F.);
#11334=ORIENTED_EDGE('',*,*,#11333,.T.);
#11336=ORIENTED_EDGE('',*,*,#11335,.T.);
#11338=ORIENTED_EDGE('',*,*,#11337,.T.);
#11340=ORIENTED_EDGE('',*,*,#11339,.T.);
#11342=ORIENTED_EDGE('',*,*,#11341,.T.);
#11344=ORIENTED_EDGE('',*,*,#11343,.T.);
#11346=ORIENTED_EDGE('',*,*,#11345,.T.);
#11348=ORIENTED_EDGE('',*,*,#11347,.T.);
#11350=ORIENTED_EDGE('',*,*,#11349,.T.);
#11352=ORIENTED_EDGE('',*,*,#11351,.T.);
#11354=ORIENTED_EDGE('',*,*,#11353,.T.);
#11356=ORIENTED_EDGE('',*,*,#11355,.F.);
#11358=ORIENTED_EDGE('',*,*,#11357,.F.);
#11360=ORIENTED_EDGE('',*,*,#11359,.T.);
#11362=ORIENTED_EDGE('',*,*,#11361,.T.);
#11364=ORIENTED_EDGE('',*,*,#11363,.T.);
#11366=ORIENTED_EDGE('',*,*,#11365,.T.);
#11368=ORIENTED_EDGE('',*,*,#11367,.T.);
#11370=ORIENTED_EDGE('',*,*,#11369,.T.);
#11372=ORIENTED_EDGE('',*,*,#11371,.T.);
#11374=ORIENTED_EDGE('',*,*,#11373,.T.);
#11376=ORIENTED_EDGE('',*,*,#11375,.T.);
#11378=ORIENTED_EDGE('',*,*,#11377,.T.);
#11380=ORIENTED_EDGE('',*,*,#11379,.T.);
#11382=ORIENTED_EDGE('',*,*,#11381,.F.);
#11384=ORIENTED_EDGE('',*,*,#11383,.T.);
#11385=EDGE_LOOP('',(#11247,#11248,#11249,#11250,#11251,#11252,#11253,#11254,
#11255,#11256,#11257,#11258,#11259,#11260,#11261,#11262,#11263,#11264,#11266,
#11268,#11270,#11272,#11274,#11276,#11278,#11280,#11282,#11284,#11286,#11288,
#11290,#11292,#11294,#11296,#11298,#11300,#11302,#11304,#11306,#11308,#11310,
#11312,#11314,#11316,#11318,#11320,#11322,#11324,#11326,#11328,#11330,#11332,
#11334,#11336,#11338,#11340,#11342,#11344,#11346,#11348,#11350,#11352,#11354,
#11356,#11358,#11360,#11362,#11364,#11366,#11368,#11370,#11372,#11374,#11376,
#11378,#11380,#11382,#11384));
#11386=FACE_OUTER_BOUND('',#11385,.F.);
#11388=CARTESIAN_POINT('',(7.918532850513E0,6.371774505546E0,
-1.083159252018E1));
#11389=DIRECTION('',(-5.044127229477E-1,8.632495612654E-1,-1.918332358138E-2));
#11390=DIRECTION('',(-8.634626829971E-1,-5.042882227066E-1,1.120640490881E-2));
#11391=AXIS2_PLACEMENT_3D('',#11388,#11389,#11390);
#11392=PLANE('',#11391);
#11393=ORIENTED_EDGE('',*,*,#9407,.F.);
#11395=ORIENTED_EDGE('',*,*,#11394,.F.);
#11396=ORIENTED_EDGE('',*,*,#11265,.F.);
#11397=ORIENTED_EDGE('',*,*,#11237,.T.);
#11398=EDGE_LOOP('',(#11393,#11395,#11396,#11397));
#11399=FACE_OUTER_BOUND('',#11398,.F.);
#11401=CARTESIAN_POINT('',(7.968170421120E0,6.405148921887E0,
-1.083233417388E1));
#11402=DIRECTION('',(-6.334882714361E-1,7.735613131551E-1,-1.719025138279E-2));
#11403=DIRECTION('',(-7.737522923733E-1,-6.333319124879E-1,1.407404247043E-2));
#11404=AXIS2_PLACEMENT_3D('',#11401,#11402,#11403);
#11405=PLANE('',#11404);
#11406=ORIENTED_EDGE('',*,*,#9405,.F.);
#11408=ORIENTED_EDGE('',*,*,#11407,.F.);
#11409=ORIENTED_EDGE('',*,*,#11267,.F.);
#11410=ORIENTED_EDGE('',*,*,#11394,.T.);
#11411=EDGE_LOOP('',(#11406,#11408,#11409,#11410));
#11412=FACE_OUTER_BOUND('',#11411,.F.);
#11414=CARTESIAN_POINT('',(8.001936269180E0,6.442905311780E0,
-1.083317320476E1));
#11415=DIRECTION('',(8.304049767856E-1,-5.570227577283E-1,1.237828350358E-2));
#11416=DIRECTION('',(-5.571602772361E-1,-8.302000144298E-1,1.844888915558E-2));
#11417=AXIS2_PLACEMENT_3D('',#11414,#11415,#11416);
#11418=PLANE('',#11417);
#11419=ORIENTED_EDGE('',*,*,#9403,.F.);
#11421=ORIENTED_EDGE('',*,*,#11420,.F.);
#11422=ORIENTED_EDGE('',*,*,#11269,.F.);
#11423=ORIENTED_EDGE('',*,*,#11407,.T.);
#11424=EDGE_LOOP('',(#11419,#11421,#11422,#11423));
#11425=FACE_OUTER_BOUND('',#11424,.F.);
#11427=CARTESIAN_POINT('',(8.024629757643E0,6.491648560632E0,
-1.083425638807E1));
#11428=DIRECTION('',(9.604342207454E-1,-2.784381839416E-1,6.187515204659E-3));
#11429=DIRECTION('',(-2.785069256251E-1,-9.601971642888E-1,2.133771474743E-2));
#11430=AXIS2_PLACEMENT_3D('',#11427,#11428,#11429);
#11431=PLANE('',#11430);
#11432=ORIENTED_EDGE('',*,*,#9401,.F.);
#11434=ORIENTED_EDGE('',*,*,#11433,.F.);
#11435=ORIENTED_EDGE('',*,*,#11271,.F.);
#11436=ORIENTED_EDGE('',*,*,#11420,.T.);
#11437=EDGE_LOOP('',(#11432,#11434,#11435,#11436));
#11438=FACE_OUTER_BOUND('',#11437,.F.);
#11440=CARTESIAN_POINT('',(8.032423695988E0,6.548072678619E0,
-1.083551025736E1));
#11441=DIRECTION('',(9.999844761095E-1,-5.570656649177E-3,1.237923699669E-4));
#11442=DIRECTION('',(-5.572031950185E-3,-9.997376577729E-1,2.221639238550E-2));
#11443=AXIS2_PLACEMENT_3D('',#11440,#11441,#11442);
#11444=PLANE('',#11443);
#11445=ORIENTED_EDGE('',*,*,#9399,.T.);
#11447=ORIENTED_EDGE('',*,*,#11446,.F.);
#11448=ORIENTED_EDGE('',*,*,#11273,.T.);
#11449=ORIENTED_EDGE('',*,*,#11433,.T.);
#11450=EDGE_LOOP('',(#11445,#11447,#11448,#11449));
#11451=FACE_OUTER_BOUND('',#11450,.F.);
#11453=CARTESIAN_POINT('',(8.023146662230E0,6.615980263163E0,
-1.083701931480E1));
#11454=DIRECTION('',(9.701496452301E-1,2.424471867936E-1,-5.387715269858E-3));
#11455=DIRECTION('',(2.425070429080E-1,-9.699101907909E-1,2.155355979671E-2));
#11456=AXIS2_PLACEMENT_3D('',#11453,#11454,#11455);
#11457=PLANE('',#11456);
#11458=ORIENTED_EDGE('',*,*,#9397,.F.);
#11460=ORIENTED_EDGE('',*,*,#11459,.F.);
#11461=ORIENTED_EDGE('',*,*,#11275,.F.);
#11462=ORIENTED_EDGE('',*,*,#11446,.T.);
#11463=EDGE_LOOP('',(#11458,#11460,#11461,#11462));
#11464=FACE_OUTER_BOUND('',#11463,.F.);
#11466=CARTESIAN_POINT('',(7.994208561688E0,6.687664432514E0,
-1.083861229633E1));
#11467=DIRECTION('',(8.670088385450E-1,4.981697695144E-1,-1.107043932122E-2));
#11468=DIRECTION('',(4.982927592137E-1,-8.667948415430E-1,1.926210761112E-2));
#11469=AXIS2_PLACEMENT_3D('',#11466,#11467,#11468);
#11470=PLANE('',#11469);
#11471=ORIENTED_EDGE('',*,*,#9395,.F.);
#11473=ORIENTED_EDGE('',*,*,#11472,.F.);
#11474=ORIENTED_EDGE('',*,*,#11277,.F.);
#11475=ORIENTED_EDGE('',*,*,#11459,.T.);
#11476=EDGE_LOOP('',(#11471,#11473,#11474,#11475));
#11477=FACE_OUTER_BOUND('',#11476,.F.);
#11479=CARTESIAN_POINT('',(7.945181259947E0,6.751594424184E0,
-1.084003296281E1));
#11480=DIRECTION('',(7.129511479264E-1,7.010406303343E-1,-1.557868065537E-2));
#11481=DIRECTION('',(7.012137054211E-1,-7.127751757785E-1,1.583944833441E-2));
#11482=AXIS2_PLACEMENT_3D('',#11479,#11480,#11481);
#11483=PLANE('',#11482);
#11484=ORIENTED_EDGE('',*,*,#9393,.F.);
#11486=ORIENTED_EDGE('',*,*,#11485,.F.);
#11487=ORIENTED_EDGE('',*,*,#11279,.F.);
#11488=ORIENTED_EDGE('',*,*,#11472,.T.);
#11489=EDGE_LOOP('',(#11484,#11486,#11487,#11488));
#11490=FACE_OUTER_BOUND('',#11489,.F.);
#11492=CARTESIAN_POINT('',(7.877507640800E0,6.805086190519E0,
-1.084122166874E1));
#11493=DIRECTION('',(5.241946647032E-1,8.513882762612E-1,-1.891973947019E-2));
#11494=DIRECTION('',(8.515984696420E-1,-5.240652818388E-1,1.164589518210E-2));
#11495=AXIS2_PLACEMENT_3D('',#11492,#11493,#11494);
#11496=PLANE('',#11495);
#11497=ORIENTED_EDGE('',*,*,#9391,.F.);
#11499=ORIENTED_EDGE('',*,*,#11498,.F.);
#11500=ORIENTED_EDGE('',*,*,#11281,.F.);
#11501=ORIENTED_EDGE('',*,*,#11485,.T.);
#11502=EDGE_LOOP('',(#11497,#11499,#11500,#11501));
#11503=FACE_OUTER_BOUND('',#11502,.F.);
#11505=CARTESIAN_POINT('',(7.794054548793E0,6.842617924680E0,
-1.084205570727E1));
#11506=DIRECTION('',(2.964321469094E-1,9.548181874224E-1,-2.121818196825E-2));
#11507=DIRECTION('',(9.550539159014E-1,-2.963589808843E-1,6.585755122562E-3));
#11508=AXIS2_PLACEMENT_3D('',#11505,#11506,#11507);
#11509=PLANE('',#11508);
#11510=ORIENTED_EDGE('',*,*,#9389,.F.);
#11512=ORIENTED_EDGE('',*,*,#11511,.F.);
#11513=ORIENTED_EDGE('',*,*,#11283,.F.);
#11514=ORIENTED_EDGE('',*,*,#11498,.T.);
#11515=EDGE_LOOP('',(#11510,#11512,#11513,#11514));
#11516=FACE_OUTER_BOUND('',#11515,.F.);
#11518=CARTESIAN_POINT('',(7.696210464320E0,6.861361326067E0,
-1.084247222730E1));
#11519=DIRECTION('',(8.880480191661E-2,9.958032015832E-1,-2.212896005646E-2));
#11520=DIRECTION('',(9.960490485697E-1,-8.878288292240E-2,1.972952973627E-3));
#11521=AXIS2_PLACEMENT_3D('',#11518,#11519,#11520);
#11522=PLANE('',#11521);
#11523=ORIENTED_EDGE('',*,*,#9387,.F.);
#11525=ORIENTED_EDGE('',*,*,#11524,.F.);
#11526=ORIENTED_EDGE('',*,*,#11285,.F.);
#11527=ORIENTED_EDGE('',*,*,#11511,.T.);
#11528=EDGE_LOOP('',(#11523,#11525,#11526,#11527));
#11529=FACE_OUTER_BOUND('',#11528,.F.);
#11531=CARTESIAN_POINT('',(7.606974010081E0,6.863879837454E0,
-1.084252819422E1));
#11532=DIRECTION('',(-5.886154940710E-2,9.980197616753E-1,-2.217821694744E-2));
#11533=DIRECTION('',(9.982661558930E-1,5.884702107149E-2,-1.307711594895E-3));
#11534=AXIS2_PLACEMENT_3D('',#11531,#11532,#11533);
#11535=PLANE('',#11534);
#11536=ORIENTED_EDGE('',*,*,#9385,.T.);
#11538=ORIENTED_EDGE('',*,*,#11537,.F.);
#11539=ORIENTED_EDGE('',*,*,#11287,.T.);
#11540=ORIENTED_EDGE('',*,*,#11524,.T.);
#11541=EDGE_LOOP('',(#11536,#11538,#11539,#11540));
#11542=FACE_OUTER_BOUND('',#11541,.F.);
#11544=CARTESIAN_POINT('',(7.537490872714E0,6.855224671097E0,
-1.084233585719E1));
#11545=DIRECTION('',(-1.943188250951E-1,9.806963079429E-1,-2.179325126667E-2));
#11546=DIRECTION('',(9.809384252916E-1,1.942708629018E-1,-4.317130264235E-3));
#11547=AXIS2_PLACEMENT_3D('',#11544,#11545,#11546);
#11548=PLANE('',#11547);
#11549=ORIENTED_EDGE('',*,*,#9383,.F.);
#11551=ORIENTED_EDGE('',*,*,#11550,.F.);
#11552=ORIENTED_EDGE('',*,*,#11289,.F.);
#11553=ORIENTED_EDGE('',*,*,#11537,.T.);
#11554=EDGE_LOOP('',(#11549,#11551,#11552,#11553));
#11555=FACE_OUTER_BOUND('',#11554,.F.);
#11557=CARTESIAN_POINT('',(7.475884462058E0,6.837909608690E0,
-1.084195107803E1));
#11558=DIRECTION('',(-3.515611166360E-1,9.359338664693E-1,-2.079853036850E-2));
#11559=DIRECTION('',(9.361649327280E-1,3.514743435595E-1,-7.810540938852E-3));
#11560=AXIS2_PLACEMENT_3D('',#11557,#11558,#11559);
#11561=PLANE('',#11560);
#11562=ORIENTED_EDGE('',*,*,#9381,.F.);
#11564=ORIENTED_EDGE('',*,*,#11563,.F.);
#11565=ORIENTED_EDGE('',*,*,#11291,.F.);
#11566=ORIENTED_EDGE('',*,*,#11550,.T.);
#11567=EDGE_LOOP('',(#11562,#11564,#11565,#11566));
#11568=FACE_OUTER_BOUND('',#11567,.F.);
#11570=CARTESIAN_POINT('',(7.423093835316E0,6.812417069350E0,
-1.084138457716E1));
#11571=DIRECTION('',(-5.222125926403E-1,8.526048485831E-1,-1.894677441067E-2));
#11572=DIRECTION('',(8.528153423150E-1,5.220836989957E-1,-1.160185998060E-2));
#11573=AXIS2_PLACEMENT_3D('',#11570,#11571,#11572);
#11574=PLANE('',#11573);
#11575=ORIENTED_EDGE('',*,*,#9379,.F.);
#11577=ORIENTED_EDGE('',*,*,#11576,.F.);
#11578=ORIENTED_EDGE('',*,*,#11293,.F.);
#11579=ORIENTED_EDGE('',*,*,#11563,.T.);
#11580=EDGE_LOOP('',(#11575,#11577,#11578,#11579));
#11581=FACE_OUTER_BOUND('',#11580,.F.);
#11583=CARTESIAN_POINT('',(7.381127203070E0,6.779702432126E0,
-1.084065758522E1));
#11584=DIRECTION('',(7.079876211430E-1,-7.060505306547E-1,1.569001180741E-2));
#11585=DIRECTION('',(7.062248426021E-1,7.078128741030E-1,-1.572917498409E-2));
#11586=AXIS2_PLACEMENT_3D('',#11583,#11584,#11585);
#11587=PLANE('',#11586);
#11588=ORIENTED_EDGE('',*,*,#9377,.F.);
#11590=ORIENTED_EDGE('',*,*,#11589,.F.);
#11591=ORIENTED_EDGE('',*,*,#11295,.F.);
#11592=ORIENTED_EDGE('',*,*,#11576,.T.);
#11593=EDGE_LOOP('',(#11588,#11590,#11591,#11592));
#11594=FACE_OUTER_BOUND('',#11593,.F.);
#11596=CARTESIAN_POINT('',(7.351086833721E0,6.740215008881E0,
-1.083978008692E1));
#11597=DIRECTION('',(8.720759643710E-1,-4.892497391682E-1,1.087221643643E-2));
#11598=DIRECTION('',(4.893705266630E-1,8.718607166903E-1,-1.937468259961E-2));
#11599=AXIS2_PLACEMENT_3D('',#11596,#11597,#11598);
#11600=PLANE('',#11599);
#11601=ORIENTED_EDGE('',*,*,#9375,.F.);
#11603=ORIENTED_EDGE('',*,*,#11602,.F.);
#11604=ORIENTED_EDGE('',*,*,#11297,.F.);
#11605=ORIENTED_EDGE('',*,*,#11589,.T.);
#11606=EDGE_LOOP('',(#11601,#11603,#11604,#11605));
#11607=FACE_OUTER_BOUND('',#11606,.F.);
#11609=CARTESIAN_POINT('',(7.332194516345E0,6.694496338601E0,
-1.083876411647E1));
#11610=DIRECTION('',(9.623648498938E-1,-2.716936558532E-1,6.037636790933E-3));
#11611=DIRECTION('',(2.717607324263E-1,9.621273169154E-1,-2.138060701640E-2));
#11612=AXIS2_PLACEMENT_3D('',#11609,#11610,#11611);
#11613=PLANE('',#11612);
#11614=ORIENTED_EDGE('',*,*,#9373,.F.);
#11616=ORIENTED_EDGE('',*,*,#11615,.F.);
#11617=ORIENTED_EDGE('',*,*,#11299,.F.);
#11618=ORIENTED_EDGE('',*,*,#11602,.T.);
#11619=EDGE_LOOP('',(#11614,#11616,#11617,#11618));
#11620=FACE_OUTER_BOUND('',#11619,.F.);
#11622=CARTESIAN_POINT('',(7.322874905839E0,6.643636594092E0,
-1.083763389993E1));
#11623=DIRECTION('',(9.957393188623E-1,-9.219008530638E-2,2.048668562119E-3));
#11624=DIRECTION('',(9.221284548085E-2,9.954935483237E-1,-2.212207888694E-2));
#11625=AXIS2_PLACEMENT_3D('',#11622,#11623,#11624);
#11626=PLANE('',#11625);
#11627=ORIENTED_EDGE('',*,*,#9371,.T.);
#11629=ORIENTED_EDGE('',*,*,#11628,.F.);
#11630=ORIENTED_EDGE('',*,*,#11301,.T.);
#11631=ORIENTED_EDGE('',*,*,#11615,.T.);
#11632=EDGE_LOOP('',(#11627,#11629,#11630,#11631));
#11633=FACE_OUTER_BOUND('',#11632,.F.);
#11635=CARTESIAN_POINT('',(7.322382906097E0,6.588096911354E0,
-1.083639968476E1));
#11636=DIRECTION('',(9.976941119637E-1,6.785414711817E-2,-1.507869934873E-3));
#11637=DIRECTION('',(-6.787089916065E-2,9.974478589397E-1,-2.216550797502E-2));
#11638=AXIS2_PLACEMENT_3D('',#11635,#11636,#11637);
#11639=PLANE('',#11638);
#11640=ORIENTED_EDGE('',*,*,#9369,.T.);
#11642=ORIENTED_EDGE('',*,*,#11641,.F.);
#11643=ORIENTED_EDGE('',*,*,#11303,.T.);
#11644=ORIENTED_EDGE('',*,*,#11628,.T.);
#11645=EDGE_LOOP('',(#11640,#11642,#11643,#11644));
#11646=FACE_OUTER_BOUND('',#11645,.F.);
#11648=CARTESIAN_POINT('',(7.412981821095E0,6.554530946133E0,
-1.083565377442E1));
#11649=DIRECTION('',(5.194610641036E-2,9.984034006841E-1,-2.218674224008E-2));
#11650=DIRECTION('',(-9.986498896154E-1,5.193328495992E-2,-1.154072990912E-3));
#11651=AXIS2_PLACEMENT_3D('',#11648,#11649,#11650);
#11652=PLANE('',#11651);
#11653=ORIENTED_EDGE('',*,*,#9367,.F.);
#11655=ORIENTED_EDGE('',*,*,#11654,.F.);
#11656=ORIENTED_EDGE('',*,*,#11305,.F.);
#11657=ORIENTED_EDGE('',*,*,#11641,.T.);
#11658=EDGE_LOOP('',(#11653,#11655,#11656,#11657));
#11659=FACE_OUTER_BOUND('',#11658,.F.);
#11661=CARTESIAN_POINT('',(7.501194064436E0,6.574950990499E0,
-1.083610755318E1));
#11662=DIRECTION('',(9.998617690224E-1,1.662246672003E-2,-3.693881492892E-4));
#11663=DIRECTION('',(1.662657052622E-2,-9.996149809738E-1,2.221366618095E-2));
#11664=AXIS2_PLACEMENT_3D('',#11661,#11662,#11663);
#11665=PLANE('',#11664);
#11666=ORIENTED_EDGE('',*,*,#9365,.T.);
#11668=ORIENTED_EDGE('',*,*,#11667,.F.);
#11669=ORIENTED_EDGE('',*,*,#11307,.T.);
#11670=ORIENTED_EDGE('',*,*,#11654,.T.);
#11671=EDGE_LOOP('',(#11666,#11668,#11669,#11670));
#11672=FACE_OUTER_BOUND('',#11671,.F.);
#11674=CARTESIAN_POINT('',(7.503460101840E0,6.618912614615E0,
-1.083708447816E1));
#11675=DIRECTION('',(9.901169872841E-1,-1.402092847117E-1,3.115761882110E-3));
#11676=DIRECTION('',(-1.402439000152E-1,-9.898726044634E-1,2.199716894145E-2));
#11677=AXIS2_PLACEMENT_3D('',#11674,#11675,#11676);
#11678=PLANE('',#11677);
#11679=ORIENTED_EDGE('',*,*,#9363,.T.);
#11681=ORIENTED_EDGE('',*,*,#11680,.F.);
#11682=ORIENTED_EDGE('',*,*,#11309,.T.);
#11683=ORIENTED_EDGE('',*,*,#11667,.T.);
#11684=EDGE_LOOP('',(#11679,#11681,#11682,#11683));
#11685=FACE_OUTER_BOUND('',#11684,.F.);
#11687=CARTESIAN_POINT('',(7.511904520468E0,6.650657684111E0,
-1.083778992415E1));
#11688=DIRECTION('',(9.120537521272E-1,-4.099694540494E-1,9.110432323159E-3));
#11689=DIRECTION('',(-4.100706685813E-1,-9.118286370393E-1,2.026285874294E-2));
#11690=AXIS2_PLACEMENT_3D('',#11687,#11688,#11689);
#11691=PLANE('',#11690);
#11692=ORIENTED_EDGE('',*,*,#9361,.F.);
#11694=ORIENTED_EDGE('',*,*,#11693,.F.);
#11695=ORIENTED_EDGE('',*,*,#11311,.F.);
#11696=ORIENTED_EDGE('',*,*,#11680,.T.);
#11697=EDGE_LOOP('',(#11692,#11694,#11695,#11696));
#11698=FACE_OUTER_BOUND('',#11697,.F.);
#11700=CARTESIAN_POINT('',(7.533531220882E0,6.676810002568E0,
-1.083837108678E1));
#11701=DIRECTION('',(-6.436682879307E-1,7.651157086881E-1,-1.700257130622E-2));
#11702=DIRECTION('',(-7.653046028297E-1,-6.435094163276E-1,1.430020927835E-2));
#11703=AXIS2_PLACEMENT_3D('',#11700,#11701,#11702);
#11704=PLANE('',#11703);
#11705=ORIENTED_EDGE('',*,*,#9359,.F.);
#11707=ORIENTED_EDGE('',*,*,#11706,.F.);
#11708=ORIENTED_EDGE('',*,*,#11313,.F.);
#11709=ORIENTED_EDGE('',*,*,#11693,.T.);
#11710=EDGE_LOOP('',(#11705,#11707,#11708,#11709));
#11711=FACE_OUTER_BOUND('',#11710,.F.);
#11713=CARTESIAN_POINT('',(7.573494373610E0,6.698135765102E0,
-1.083884499262E1));
#11714=DIRECTION('',(-3.146341205864E-1,9.489787399383E-1,-2.108841644053E-2));
#11715=DIRECTION('',(-9.492130267557E-1,-3.145564619096E-1,6.990143642429E-3));
#11716=AXIS2_PLACEMENT_3D('',#11713,#11714,#11715);
#11717=PLANE('',#11716);
#11718=ORIENTED_EDGE('',*,*,#9357,.F.);
#11720=ORIENTED_EDGE('',*,*,#11719,.F.);
#11721=ORIENTED_EDGE('',*,*,#11315,.F.);
#11722=ORIENTED_EDGE('',*,*,#11706,.T.);
#11723=EDGE_LOOP('',(#11718,#11720,#11721,#11722));
#11724=FACE_OUTER_BOUND('',#11723,.F.);
#11726=CARTESIAN_POINT('',(7.629875652428E0,6.708779727996E0,
-1.083908152512E1));
#11727=DIRECTION('',(-8.207850539271E-2,9.963798777323E-1,-2.214177505807E-2));
#11728=DIRECTION('',(-9.966258670898E-1,-8.205824659828E-2,1.823516579934E-3));
#11729=AXIS2_PLACEMENT_3D('',#11726,#11727,#11728);
#11730=PLANE('',#11729);
#11731=ORIENTED_EDGE('',*,*,#9355,.T.);
#11733=ORIENTED_EDGE('',*,*,#11732,.F.);
#11734=ORIENTED_EDGE('',*,*,#11317,.T.);
#11735=ORIENTED_EDGE('',*,*,#11719,.T.);
#11736=EDGE_LOOP('',(#11731,#11733,#11734,#11735));
#11737=FACE_OUTER_BOUND('',#11736,.F.);
#11739=CARTESIAN_POINT('',(7.689847583120E0,6.709626326299E0,
-1.083910033842E1));
#11740=DIRECTION('',(6.529687423878E-2,9.976195864566E-1,-2.216932414083E-2));
#11741=DIRECTION('',(-9.978658818772E-1,6.528075752123E-2,-1.450683566150E-3));
#11742=AXIS2_PLACEMENT_3D('',#11739,#11740,#11741);
#11743=PLANE('',#11742);
#11744=ORIENTED_EDGE('',*,*,#9353,.T.);
#11746=ORIENTED_EDGE('',*,*,#11745,.F.);
#11747=ORIENTED_EDGE('',*,*,#11319,.T.);
#11748=ORIENTED_EDGE('',*,*,#11732,.T.);
#11749=EDGE_LOOP('',(#11744,#11746,#11747,#11748));
#11750=FACE_OUTER_BOUND('',#11749,.F.);
#11752=CARTESIAN_POINT('',(7.740038653460E0,6.702394769228E0,
-1.083893963715E1));
#11753=DIRECTION('',(2.342309331930E-1,9.719410303844E-1,-2.159868956147E-2));
#11754=DIRECTION('',(-9.721809862035E-1,2.341731198056E-1,-5.203847129277E-3));
#11755=AXIS2_PLACEMENT_3D('',#11752,#11753,#11754);
#11756=PLANE('',#11755);
#11757=ORIENTED_EDGE('',*,*,#9351,.F.);
#11759=ORIENTED_EDGE('',*,*,#11758,.F.);
#11760=ORIENTED_EDGE('',*,*,#11321,.F.);
#11761=ORIENTED_EDGE('',*,*,#11745,.T.);
#11762=EDGE_LOOP('',(#11757,#11759,#11760,#11761));
#11763=FACE_OUTER_BOUND('',#11762,.F.);
#11765=CARTESIAN_POINT('',(7.779855152297E0,6.687969491833E0,
-1.083861907543E1));
#11766=DIRECTION('',(4.615053612643E-1,8.869184545699E-1,-1.970929901413E-2));
#11767=DIRECTION('',(-8.871374197520E-1,4.613914515099E-1,-1.025314338911E-2));
#11768=AXIS2_PLACEMENT_3D('',#11765,#11766,#11767);
#11769=PLANE('',#11768);
#11770=ORIENTED_EDGE('',*,*,#9349,.F.);
#11772=ORIENTED_EDGE('',*,*,#11771,.F.);
#11773=ORIENTED_EDGE('',*,*,#11323,.F.);
#11774=ORIENTED_EDGE('',*,*,#11758,.T.);
#11775=EDGE_LOOP('',(#11770,#11772,#11773,#11774));
#11776=FACE_OUTER_BOUND('',#11775,.F.);
#11778=CARTESIAN_POINT('',(7.809734675572E0,6.667336615469E0,
-1.083816056707E1));
#11779=DIRECTION('',(6.792950766666E-1,7.336841114681E-1,-1.630409138163E-2));
#11780=DIRECTION('',(-7.338652456797E-1,6.791274115853E-1,-1.509172014332E-2));
#11781=AXIS2_PLACEMENT_3D('',#11778,#11779,#11780);
#11782=PLANE('',#11781);
#11783=ORIENTED_EDGE('',*,*,#9347,.F.);
#11785=ORIENTED_EDGE('',*,*,#11784,.F.);
#11786=ORIENTED_EDGE('',*,*,#11325,.F.);
#11787=ORIENTED_EDGE('',*,*,#11771,.T.);
#11788=EDGE_LOOP('',(#11783,#11785,#11786,#11787));
#11789=FACE_OUTER_BOUND('',#11788,.F.);
#11791=CARTESIAN_POINT('',(7.830535857247E0,6.642617365484E0,
-1.083761125040E1));
#11792=DIRECTION('',(8.464829814854E-1,5.322843672901E-1,-1.182854150671E-2));
#11793=DIRECTION('',(-5.324157793075E-1,8.462740507217E-1,-1.880608995793E-2));
#11794=AXIS2_PLACEMENT_3D('',#11791,#11792,#11793);
#11795=PLANE('',#11794);
#11796=ORIENTED_EDGE('',*,*,#9345,.F.);
#11798=ORIENTED_EDGE('',*,*,#11797,.F.);
#11799=ORIENTED_EDGE('',*,*,#11327,.F.);
#11800=ORIENTED_EDGE('',*,*,#11784,.T.);
#11801=EDGE_LOOP('',(#11796,#11798,#11799,#11800));
#11802=FACE_OUTER_BOUND('',#11801,.F.);
#11804=CARTESIAN_POINT('',(7.842658447177E0,6.614963399301E0,
-1.083699671782E1));
#11805=DIRECTION('',(9.662010765839E-1,2.577259751858E-1,-5.727243898524E-3));
#11806=DIRECTION('',(-2.577896033748E-1,9.659625967450E-1,-2.146583521669E-2));
#11807=AXIS2_PLACEMENT_3D('',#11804,#11805,#11806);
#11808=PLANE('',#11807);
#11809=ORIENTED_EDGE('',*,*,#9343,.F.);
#11811=ORIENTED_EDGE('',*,*,#11810,.F.);
#11812=ORIENTED_EDGE('',*,*,#11329,.F.);
#11813=ORIENTED_EDGE('',*,*,#11797,.T.);
#11814=EDGE_LOOP('',(#11809,#11811,#11812,#11813));
#11815=FACE_OUTER_BOUND('',#11814,.F.);
#11817=CARTESIAN_POINT('',(7.846102445362E0,6.587765839422E0,
-1.083639232760E1));
#11818=DIRECTION('',(9.993880945471E-1,-3.496902357099E-2,7.770894127826E-4));
#11819=DIRECTION('',(3.497765683210E-2,9.991414234133E-1,-2.220314261883E-2));
#11820=AXIS2_PLACEMENT_3D('',#11817,#11818,#11819);
#11821=PLANE('',#11820);
#11822=ORIENTED_EDGE('',*,*,#9341,.T.);
#11824=ORIENTED_EDGE('',*,*,#11823,.F.);
#11825=ORIENTED_EDGE('',*,*,#11331,.T.);
#11826=ORIENTED_EDGE('',*,*,#11810,.T.);
#11827=EDGE_LOOP('',(#11822,#11824,#11825,#11826));
#11828=FACE_OUTER_BOUND('',#11827,.F.);
#11830=CARTESIAN_POINT('',(7.841366947734E0,6.563845891808E0,
-1.083586077321E1));
#11831=DIRECTION('',(9.346768783339E-1,-3.554106842285E-1,7.898015204134E-3));
#11832=DIRECTION('',(3.554984291216E-1,9.344461793653E-1,-2.076547041702E-2));
#11833=AXIS2_PLACEMENT_3D('',#11830,#11831,#11832);
#11834=PLANE('',#11833);
#11835=ORIENTED_EDGE('',*,*,#9339,.F.);
#11837=ORIENTED_EDGE('',*,*,#11836,.F.);
#11838=ORIENTED_EDGE('',*,*,#11333,.F.);
#11839=ORIENTED_EDGE('',*,*,#11823,.T.);
#11840=EDGE_LOOP('',(#11835,#11837,#11838,#11839));
#11841=FACE_OUTER_BOUND('',#11840,.F.);
#11843=CARTESIAN_POINT('',(7.828920300327E0,6.542647828393E0,
-1.083538970513E1));
#11844=DIRECTION('',(7.724033892041E-1,-6.349755083856E-1,1.411056683606E-2));
#11845=DIRECTION('',(6.351322731101E-1,7.722127429263E-1,-1.716028310368E-2));
#11846=AXIS2_PLACEMENT_3D('',#11843,#11844,#11845);
#11847=PLANE('',#11846);
#11848=ORIENTED_EDGE('',*,*,#9337,.F.);
#11850=ORIENTED_EDGE('',*,*,#11849,.F.);
#11851=ORIENTED_EDGE('',*,*,#11335,.F.);
#11852=ORIENTED_EDGE('',*,*,#11836,.T.);
#11853=EDGE_LOOP('',(#11848,#11850,#11851,#11852));
#11854=FACE_OUTER_BOUND('',#11853,.F.);
#11856=CARTESIAN_POINT('',(7.809384598860E0,6.524609137309E0,
-1.083498884534E1));
#11857=DIRECTION('',(-5.811102009419E-1,8.136240093971E-1,-1.808053355956E-2));
#11858=DIRECTION('',(8.138248794190E-1,5.809667700589E-1,-1.291037280779E-2));
#11859=AXIS2_PLACEMENT_3D('',#11856,#11857,#11858);
#11860=PLANE('',#11859);
#11861=ORIENTED_EDGE('',*,*,#9335,.F.);
#11863=ORIENTED_EDGE('',*,*,#11862,.F.);
#11864=ORIENTED_EDGE('',*,*,#11337,.F.);
#11865=ORIENTED_EDGE('',*,*,#11849,.T.);
#11866=EDGE_LOOP('',(#11861,#11863,#11864,#11865));
#11867=FACE_OUTER_BOUND('',#11866,.F.);
#11869=CARTESIAN_POINT('',(7.777875230734E0,6.505541706178E0,
-1.083456512464E1));
#11870=DIRECTION('',(-4.777160344020E-1,8.782974718273E-1,-1.951772161493E-2));
#11871=DIRECTION('',(8.785143086343E-1,4.775981234944E-1,-1.061329163944E-2));
#11872=AXIS2_PLACEMENT_3D('',#11869,#11870,#11871);
#11873=PLANE('',#11872);
#11874=ORIENTED_EDGE('',*,*,#9333,.F.);
#11876=ORIENTED_EDGE('',*,*,#11875,.F.);
#11877=ORIENTED_EDGE('',*,*,#11339,.F.);
#11878=ORIENTED_EDGE('',*,*,#11862,.T.);
#11879=EDGE_LOOP('',(#11874,#11876,#11877,#11878));
#11880=FACE_OUTER_BOUND('',#11879,.F.);
#11882=CARTESIAN_POINT('',(7.698741646379E0,6.466554959521E0,
-1.083369875249E1));
#11883=DIRECTION('',(-4.291854229975E-1,9.029934702969E-1,-2.006652156456E-2));
#11884=DIRECTION('',(9.032164041283E-1,4.290794905205E-1,-9.535099799731E-3));
#11885=AXIS2_PLACEMENT_3D('',#11882,#11883,#11884);
#11886=PLANE('',#11885);
#11887=ORIENTED_EDGE('',*,*,#11341,.F.);
#11888=ORIENTED_EDGE('',*,*,#11875,.T.);
#11889=ORIENTED_EDGE('',*,*,#9331,.F.);
#11891=ORIENTED_EDGE('',*,*,#11890,.F.);
#11892=EDGE_LOOP('',(#11887,#11888,#11889,#11891));
#11893=FACE_OUTER_BOUND('',#11892,.F.);
#11895=CARTESIAN_POINT('',(7.615678621063E0,6.425895308491E0,
-1.083279520469E1));
#11896=DIRECTION('',(-4.648885091858E-1,8.851507015835E-1,-1.967001558839E-2));
#11897=DIRECTION('',(8.853692303367E-1,4.647737643973E-1,-1.032830581672E-2));
#11898=AXIS2_PLACEMENT_3D('',#11895,#11896,#11897);
#11899=PLANE('',#11898);
#11900=ORIENTED_EDGE('',*,*,#9329,.F.);
#11902=ORIENTED_EDGE('',*,*,#11901,.F.);
#11903=ORIENTED_EDGE('',*,*,#11343,.F.);
#11904=ORIENTED_EDGE('',*,*,#11890,.T.);
#11905=EDGE_LOOP('',(#11900,#11902,#11903,#11904));
#11906=FACE_OUTER_BOUND('',#11905,.F.);
#11908=CARTESIAN_POINT('',(7.573671777398E0,6.402301703114E0,
-1.083227090235E1));
#11909=DIRECTION('',(-5.213727083478E-1,8.531184478765E-1,-1.895818775339E-2));
#11910=DIRECTION('',(8.533290684080E-1,5.212440220062E-1,-1.158320045507E-2));
#11911=AXIS2_PLACEMENT_3D('',#11908,#11909,#11910);
#11912=PLANE('',#11911);
#11913=ORIENTED_EDGE('',*,*,#9327,.F.);
#11915=ORIENTED_EDGE('',*,*,#11914,.F.);
#11916=ORIENTED_EDGE('',*,*,#11345,.F.);
#11917=ORIENTED_EDGE('',*,*,#11901,.T.);
#11918=EDGE_LOOP('',(#11913,#11915,#11916,#11917));
#11919=FACE_OUTER_BOUND('',#11918,.F.);
#11921=CARTESIAN_POINT('',(7.542051332088E0,6.380190827090E0,
-1.083177954955E1));
#11922=DIRECTION('',(-6.320610215653E-1,7.747273512251E-1,-1.721616338127E-2));
#11923=DIRECTION('',(7.749186183192E-1,6.319050148948E-1,-1.404233360195E-2));
#11924=AXIS2_PLACEMENT_3D('',#11921,#11922,#11923);
#11925=PLANE('',#11924);
#11926=ORIENTED_EDGE('',*,*,#9325,.F.);
#11928=ORIENTED_EDGE('',*,*,#11927,.F.);
#11929=ORIENTED_EDGE('',*,*,#11347,.F.);
#11930=ORIENTED_EDGE('',*,*,#11914,.T.);
#11931=EDGE_LOOP('',(#11926,#11928,#11929,#11930));
#11932=FACE_OUTER_BOUND('',#11931,.F.);
#11934=CARTESIAN_POINT('',(7.517193517832E0,6.355927983611E0,
-1.083124037525E1));
#11935=DIRECTION('',(7.608419134543E-1,-6.487770996954E-1,1.441726888038E-2));
#11936=DIRECTION('',(6.489372718E-1,7.606541208008E-1,-1.690342502530E-2));
#11937=AXIS2_PLACEMENT_3D('',#11934,#11935,#11936);
#11938=PLANE('',#11937);
#11939=ORIENTED_EDGE('',*,*,#9323,.F.);
#11941=ORIENTED_EDGE('',*,*,#11940,.F.);
#11942=ORIENTED_EDGE('',*,*,#11349,.F.);
#11943=ORIENTED_EDGE('',*,*,#11927,.T.);
#11944=EDGE_LOOP('',(#11939,#11941,#11942,#11943));
#11945=FACE_OUTER_BOUND('',#11944,.F.);
#11947=CARTESIAN_POINT('',(7.497314835645E0,6.327687547258E0,
-1.083061280999E1));
#11948=DIRECTION('',(8.671728367222E-1,-4.978843811574E-1,1.106409736968E-2));
#11949=DIRECTION('',(4.980073003994E-1,8.669587992417E-1,-1.926575112184E-2));
#11950=AXIS2_PLACEMENT_3D('',#11947,#11948,#11949);
#11951=PLANE('',#11950);
#11952=ORIENTED_EDGE('',*,*,#9321,.F.);
#11954=ORIENTED_EDGE('',*,*,#11953,.F.);
#11955=ORIENTED_EDGE('',*,*,#11351,.F.);
#11956=ORIENTED_EDGE('',*,*,#11940,.T.);
#11957=EDGE_LOOP('',(#11952,#11954,#11955,#11956));
#11958=FACE_OUTER_BOUND('',#11957,.F.);
#11960=CARTESIAN_POINT('',(7.482852881465E0,6.295450599458E0,
-1.082989643338E1));
#11961=DIRECTION('',(9.475249971876E-1,-3.196027804423E-1,7.102284010680E-3));
#11962=DIRECTION('',(3.196816849690E-1,9.472911270125E-1,-2.105091396385E-2));
#11963=AXIS2_PLACEMENT_3D('',#11960,#11961,#11962);
#11964=PLANE('',#11963);
#11965=ORIENTED_EDGE('',*,*,#9319,.F.);
#11967=ORIENTED_EDGE('',*,*,#11966,.F.);
#11968=ORIENTED_EDGE('',*,*,#11353,.F.);
#11969=ORIENTED_EDGE('',*,*,#11953,.T.);
#11970=EDGE_LOOP('',(#11965,#11967,#11968,#11969));
#11971=FACE_OUTER_BOUND('',#11970,.F.);
#11973=CARTESIAN_POINT('',(7.474574039570E0,6.259425242716E0,
-1.082909586989E1));
#11974=DIRECTION('',(9.913595085134E-1,-1.311405052734E-1,2.914233453323E-3));
#11975=DIRECTION('',(1.311728816486E-1,9.911148190112E-1,-2.202477369717E-2));
#11976=AXIS2_PLACEMENT_3D('',#11973,#11974,#11975);
#11977=PLANE('',#11976);
#11978=ORIENTED_EDGE('',*,*,#9317,.T.);
#11980=ORIENTED_EDGE('',*,*,#11979,.F.);
#11981=ORIENTED_EDGE('',*,*,#11355,.T.);
#11982=ORIENTED_EDGE('',*,*,#11966,.T.);
#11983=EDGE_LOOP('',(#11978,#11980,#11981,#11982));
#11984=FACE_OUTER_BOUND('',#11983,.F.);
#11986=CARTESIAN_POINT('',(7.472844944386E0,6.219767553712E0,
-1.082821458792E1));
#11987=DIRECTION('',(9.993062256855E-1,3.723416002456E-2,-8.274257791199E-4));
#11988=DIRECTION('',(-3.724335250960E-2,9.990595747554E-1,-2.220132391044E-2));
#11989=AXIS2_PLACEMENT_3D('',#11986,#11987,#11988);
#11990=PLANE('',#11989);
#11991=ORIENTED_EDGE('',*,*,#9315,.T.);
#11993=ORIENTED_EDGE('',*,*,#11992,.F.);
#11994=ORIENTED_EDGE('',*,*,#11357,.T.);
#11995=ORIENTED_EDGE('',*,*,#11979,.T.);
#11996=EDGE_LOOP('',(#11991,#11993,#11994,#11995));
#11997=FACE_OUTER_BOUND('',#11996,.F.);
#11999=CARTESIAN_POINT('',(7.482169285753E0,6.163286680605E0,
-1.082695945740E1));
#12000=DIRECTION('',(9.725535663984E-1,2.326216629992E-1,-5.169370288254E-3));
#12001=DIRECTION('',(-2.326790933576E-1,9.723135186182E-1,-2.160696708498E-2));
#12002=AXIS2_PLACEMENT_3D('',#11999,#12000,#12001);
#12003=PLANE('',#12002);
#12004=ORIENTED_EDGE('',*,*,#9313,.F.);
#12006=ORIENTED_EDGE('',*,*,#12005,.F.);
#12007=ORIENTED_EDGE('',*,*,#11359,.F.);
#12008=ORIENTED_EDGE('',*,*,#11992,.T.);
#12009=EDGE_LOOP('',(#12004,#12006,#12007,#12008));
#12010=FACE_OUTER_BOUND('',#12009,.F.);
#12012=CARTESIAN_POINT('',(7.507944868637E0,6.096152385618E0,
-1.082546758418E1));
#12013=DIRECTION('',(8.768133054369E-1,4.807122961807E-1,-1.068249546939E-2));
#12014=DIRECTION('',(-4.808309759248E-1,8.765968884757E-1,-1.947993085207E-2));
#12015=AXIS2_PLACEMENT_3D('',#12012,#12013,#12014);
#12016=PLANE('',#12015);
#12017=ORIENTED_EDGE('',*,*,#9311,.F.);
#12019=ORIENTED_EDGE('',*,*,#12018,.F.);
#12020=ORIENTED_EDGE('',*,*,#11361,.F.);
#12021=ORIENTED_EDGE('',*,*,#12005,.T.);
#12022=EDGE_LOOP('',(#12017,#12019,#12020,#12021));
#12023=FACE_OUTER_BOUND('',#12022,.F.);
#12025=CARTESIAN_POINT('',(7.551068173492E0,6.037609407428E0,
-1.082416662911E1));
#12026=DIRECTION('',(7.235544608576E-1,6.900969243554E-1,-1.533548722263E-2));
#12027=DIRECTION('',(-6.902672976269E-1,7.233758715770E-1,-1.607501935027E-2));
#12028=AXIS2_PLACEMENT_3D('',#12025,#12026,#12027);
#12029=PLANE('',#12028);
#12030=ORIENTED_EDGE('',*,*,#9309,.F.);
#12032=ORIENTED_EDGE('',*,*,#12031,.F.);
#12033=ORIENTED_EDGE('',*,*,#11363,.F.);
#12034=ORIENTED_EDGE('',*,*,#12018,.T.);
#12035=EDGE_LOOP('',(#12030,#12032,#12033,#12034));
#12036=FACE_OUTER_BOUND('',#12035,.F.);
#12038=CARTESIAN_POINT('',(7.610817758318E0,5.989691473558E0,
-1.082310178614E1));
#12039=DIRECTION('',(5.232000620630E-1,8.519995447935E-1,-1.893332324037E-2));
#12040=DIRECTION('',(-8.522098890867E-1,5.230709246893E-1,-1.162379832481E-2));
#12041=AXIS2_PLACEMENT_3D('',#12038,#12039,#12040);
#12042=PLANE('',#12041);
#12043=ORIENTED_EDGE('',*,*,#9307,.F.);
#12045=ORIENTED_EDGE('',*,*,#12044,.F.);
#12046=ORIENTED_EDGE('',*,*,#11365,.F.);
#12047=ORIENTED_EDGE('',*,*,#12031,.T.);
#12048=EDGE_LOOP('',(#12043,#12045,#12046,#12047));
#12049=FACE_OUTER_BOUND('',#12048,.F.);
#12051=CARTESIAN_POINT('',(7.685764931505E0,5.956447121083E0,
-1.082236302275E1));
#12052=DIRECTION('',(2.903681343956E-1,9.566788274719E-1,-2.125952950194E-2));
#12053=DIRECTION('',(-9.569150153110E-1,2.902964651028E-1,-6.451032568833E-3));
#12054=AXIS2_PLACEMENT_3D('',#12051,#12052,#12053);
#12055=PLANE('',#12054);
#12056=ORIENTED_EDGE('',*,*,#9305,.F.);
#12058=ORIENTED_EDGE('',*,*,#12057,.F.);
#12059=ORIENTED_EDGE('',*,*,#11367,.F.);
#12060=ORIENTED_EDGE('',*,*,#12044,.T.);
#12061=EDGE_LOOP('',(#12056,#12058,#12059,#12060));
#12062=FACE_OUTER_BOUND('',#12061,.F.);
#12064=CARTESIAN_POINT('',(7.775202443236E0,5.939824945046E0,
-1.082199364106E1));
#12065=DIRECTION('',(8.565555698483E-2,9.960788942156E-1,-2.213508653546E-2));
#12066=DIRECTION('',(-9.963248092653E-1,8.563441529422E-2,-1.902987019858E-3));
#12067=AXIS2_PLACEMENT_3D('',#12064,#12065,#12066);
#12068=PLANE('',#12067);
#12069=ORIENTED_EDGE('',*,*,#9303,.F.);
#12071=ORIENTED_EDGE('',*,*,#12070,.F.);
#12072=ORIENTED_EDGE('',*,*,#11369,.F.);
#12073=ORIENTED_EDGE('',*,*,#12057,.T.);
#12074=EDGE_LOOP('',(#12069,#12071,#12072,#12073));
#12075=FACE_OUTER_BOUND('',#12074,.F.);
#12077=CARTESIAN_POINT('',(7.871906412812E0,5.939791837994E0,
-1.082199290535E1));
#12078=DIRECTION('',(-8.494085749670E-2,9.961400646960E-1,-2.213644585553E-2));
#12079=DIRECTION('',(-9.963859948472E-1,-8.491989221016E-2,1.887108711533E-3));
#12080=AXIS2_PLACEMENT_3D('',#12077,#12078,#12079);
#12081=PLANE('',#12080);
#12082=ORIENTED_EDGE('',*,*,#9301,.F.);
#12084=ORIENTED_EDGE('',*,*,#12083,.F.);
#12085=ORIENTED_EDGE('',*,*,#11371,.F.);
#12086=ORIENTED_EDGE('',*,*,#12070,.T.);
#12087=EDGE_LOOP('',(#12082,#12084,#12085,#12086));
#12088=FACE_OUTER_BOUND('',#12087,.F.);
#12090=CARTESIAN_POINT('',(7.959756752388E0,5.956274490979E0,
-1.082235918652E1));
#12091=DIRECTION('',(-2.988022504065E-1,9.540795041491E-1,-2.120176677926E-2));
#12092=DIRECTION('',(-9.543150502596E-1,-2.987284993881E-1,6.638411051197E-3));
#12093=AXIS2_PLACEMENT_3D('',#12090,#12091,#12092);
#12094=PLANE('',#12093);
#12095=ORIENTED_EDGE('',*,*,#9299,.F.);
#12097=ORIENTED_EDGE('',*,*,#12096,.F.);
#12098=ORIENTED_EDGE('',*,*,#11373,.F.);
#12099=ORIENTED_EDGE('',*,*,#12083,.T.);
#12100=EDGE_LOOP('',(#12095,#12097,#12098,#12099));
#12101=FACE_OUTER_BOUND('',#12100,.F.);
#12103=CARTESIAN_POINT('',(8.029859620343E0,5.989235067455E0,
-1.082309164378E1));
#12104=DIRECTION('',(-5.583483733235E-1,8.294018246031E-1,-1.843115167557E-2));
#12105=DIRECTION('',(-8.296065899009E-1,-5.582105605666E-1,1.240467915359E-2));
#12106=AXIS2_PLACEMENT_3D('',#12103,#12104,#12105);
#12107=PLANE('',#12106);
#12108=ORIENTED_EDGE('',*,*,#9297,.F.);
#12110=ORIENTED_EDGE('',*,*,#12109,.F.);
#12111=ORIENTED_EDGE('',*,*,#11375,.F.);
#12112=ORIENTED_EDGE('',*,*,#12096,.T.);
#12113=EDGE_LOOP('',(#12108,#12110,#12111,#12112));
#12114=FACE_OUTER_BOUND('',#12113,.F.);
#12116=CARTESIAN_POINT('',(8.081995035941E0,6.037358738683E0,
-1.082416105870E1));
#12117=DIRECTION('',(7.878591189052E-1,-6.157035028508E-1,1.368230006828E-2));
#12118=DIRECTION('',(-6.158555096432E-1,-7.876646578092E-1,1.750365905860E-2));
#12119=AXIS2_PLACEMENT_3D('',#12116,#12117,#12118);
#12120=PLANE('',#12119);
#12121=ORIENTED_EDGE('',*,*,#9295,.F.);
#12123=ORIENTED_EDGE('',*,*,#12122,.F.);
#12124=ORIENTED_EDGE('',*,*,#11377,.F.);
#12125=ORIENTED_EDGE('',*,*,#12109,.T.);
#12126=EDGE_LOOP('',(#12121,#12123,#12124,#12125));
#12127=FACE_OUTER_BOUND('',#12126,.F.);
#12129=CARTESIAN_POINT('',(8.115767980191E0,6.097826663649E0,
-1.082550479036E1));
#12130=DIRECTION('',(9.373016049144E-1,-3.484332762080E-1,7.742961692577E-3));
#12131=DIRECTION('',(-3.485192984969E-1,-9.370702580996E-1,2.082378352596E-2));
#12132=AXIS2_PLACEMENT_3D('',#12129,#12130,#12131);
#12133=PLANE('',#12132);
#12134=ORIENTED_EDGE('',*,*,#9293,.F.);
#12136=ORIENTED_EDGE('',*,*,#12135,.F.);
#12137=ORIENTED_EDGE('',*,*,#11379,.F.);
#12138=ORIENTED_EDGE('',*,*,#12122,.T.);
#12139=EDGE_LOOP('',(#12134,#12136,#12137,#12138));
#12140=FACE_OUTER_BOUND('',#12139,.F.);
#12142=CARTESIAN_POINT('',(8.131003414640E0,6.169186855709E0,
-1.082709057241E1));
#12143=DIRECTION('',(9.970008134183E-1,-7.737197028387E-2,1.719377119074E-3));
#12144=DIRECTION('',(-7.739107211614E-2,-9.967547315159E-1,2.215010513156E-2));
#12145=AXIS2_PLACEMENT_3D('',#12142,#12143,#12144);
#12146=PLANE('',#12145);
#12147=ORIENTED_EDGE('',*,*,#9291,.T.);
#12149=ORIENTED_EDGE('',*,*,#12148,.F.);
#12150=ORIENTED_EDGE('',*,*,#11381,.T.);
#12151=ORIENTED_EDGE('',*,*,#12135,.T.);
#12152=EDGE_LOOP('',(#12147,#12149,#12150,#12151));
#12153=FACE_OUTER_BOUND('',#12152,.F.);
#12155=CARTESIAN_POINT('',(8.044799381881E0,6.211578252847E0,
-1.082803260345E1));
#12156=DIRECTION('',(4.453870338679E-2,9.987610823444E-1,-2.219469069209E-2));
#12157=DIRECTION('',(9.990076595806E-1,-4.452771024719E-2,9.895046838187E-4));
#12158=AXIS2_PLACEMENT_3D('',#12155,#12156,#12157);
#12159=PLANE('',#12158);
#12160=ORIENTED_EDGE('',*,*,#9289,.F.);
#12161=ORIENTED_EDGE('',*,*,#10999,.T.);
#12162=ORIENTED_EDGE('',*,*,#11383,.F.);
#12163=ORIENTED_EDGE('',*,*,#12148,.T.);
#12164=EDGE_LOOP('',(#12160,#12161,#12162,#12163));
#12165=FACE_OUTER_BOUND('',#12164,.F.);
#12167=CARTESIAN_POINT('',(8.887171546299E0,5.941433008772E0,
-1.082202937581E1));
#12168=DIRECTION('',(-1.113896609989E-1,9.935315215033E-1,-2.207847825299E-2));
#12169=DIRECTION('',(-9.937768076498E-1,-1.113621675613E-1,2.474714831108E-3));
#12170=AXIS2_PLACEMENT_3D('',#12167,#12168,#12169);
#12171=PLANE('',#12170);
#12172=ORIENTED_EDGE('',*,*,#9445,.F.);
#12174=ORIENTED_EDGE('',*,*,#12173,.F.);
#12176=ORIENTED_EDGE('',*,*,#12175,.F.);
#12178=ORIENTED_EDGE('',*,*,#12177,.F.);
#12179=EDGE_LOOP('',(#12172,#12174,#12176,#12178));
#12180=FACE_OUTER_BOUND('',#12179,.F.);
#12182=CARTESIAN_POINT('',(8.981623670856E0,5.964482710218E0,
-1.082254159140E1));
#12183=DIRECTION('',(-3.729029784649E-1,9.276413214624E-1,-2.061425156328E-2));
#12184=DIRECTION('',(-9.278703404313E-1,-3.728109377424E-1,8.284687535985E-3));
#12185=AXIS2_PLACEMENT_3D('',#12182,#12183,#12184);
#12186=PLANE('',#12185);
#12187=ORIENTED_EDGE('',*,*,#9515,.F.);
#12189=ORIENTED_EDGE('',*,*,#12188,.F.);
#12191=ORIENTED_EDGE('',*,*,#12190,.F.);
#12192=ORIENTED_EDGE('',*,*,#12173,.T.);
#12193=EDGE_LOOP('',(#12187,#12189,#12191,#12192));
#12194=FACE_OUTER_BOUND('',#12193,.F.);
#12196=CARTESIAN_POINT('',(9.059267380994E0,6.010577383616E0,
-1.082356591747E1));
#12197=DIRECTION('',(-6.397297355627E-1,7.684102309801E-1,-1.707578290863E-2));
#12198=DIRECTION('',(-7.685999384835E-1,-6.395718360823E-1,1.421270746364E-2));
#12199=AXIS2_PLACEMENT_3D('',#12196,#12197,#12198);
#12200=PLANE('',#12199);
#12201=ORIENTED_EDGE('',*,*,#9513,.F.);
#12203=ORIENTED_EDGE('',*,*,#12202,.F.);
#12205=ORIENTED_EDGE('',*,*,#12204,.F.);
#12206=ORIENTED_EDGE('',*,*,#12188,.T.);
#12207=EDGE_LOOP('',(#12201,#12203,#12205,#12206));
#12208=FACE_OUTER_BOUND('',#12207,.F.);
#12210=CARTESIAN_POINT('',(9.118229293170E0,6.077711678603E0,
-1.082505779069E1));
#12211=DIRECTION('',(8.441929853450E-1,-5.359070610863E-1,1.190904581337E-2));
#12212=DIRECTION('',(-5.360393674856E-1,-8.439846198016E-1,1.875521378379E-2));
#12213=AXIS2_PLACEMENT_3D('',#12210,#12211,#12212);
#12214=PLANE('',#12213);
#12215=ORIENTED_EDGE('',*,*,#9511,.F.);
#12217=ORIENTED_EDGE('',*,*,#12216,.F.);
#12219=ORIENTED_EDGE('',*,*,#12218,.F.);
#12220=ORIENTED_EDGE('',*,*,#12202,.T.);
#12221=EDGE_LOOP('',(#12215,#12217,#12219,#12220));
#12222=FACE_OUTER_BOUND('',#12221,.F.);
#12224=CARTESIAN_POINT('',(9.154599428291E0,6.161863071319E0,
-1.082692782164E1));
#12225=DIRECTION('',(9.672521075070E-1,-2.537549255106E-1,5.638998350107E-3));
#12226=DIRECTION('',(-2.538175733145E-1,-9.670133682447E-1,2.148918594907E-2));
#12227=AXIS2_PLACEMENT_3D('',#12224,#12225,#12226);
#12228=PLANE('',#12227);
#12229=ORIENTED_EDGE('',*,*,#9509,.F.);
#12231=ORIENTED_EDGE('',*,*,#12230,.F.);
#12233=ORIENTED_EDGE('',*,*,#12232,.F.);
#12234=ORIENTED_EDGE('',*,*,#12216,.T.);
#12235=EDGE_LOOP('',(#12229,#12231,#12233,#12234));
#12236=FACE_OUTER_BOUND('',#12235,.F.);
#12238=CARTESIAN_POINT('',(9.166397960745E0,6.260964726987E0,
-1.082913008066E1));
#12239=DIRECTION('',(9.999907312087E-1,4.304456630995E-3,-9.565459178826E-5));
#12240=DIRECTION('',(4.305519328612E-3,-9.997439113282E-1,2.221653135684E-2));
#12241=AXIS2_PLACEMENT_3D('',#12238,#12239,#12240);
#12242=PLANE('',#12241);
#12243=ORIENTED_EDGE('',*,*,#9507,.T.);
#12245=ORIENTED_EDGE('',*,*,#12244,.F.);
#12247=ORIENTED_EDGE('',*,*,#12246,.T.);
#12248=ORIENTED_EDGE('',*,*,#12230,.T.);
#12249=EDGE_LOOP('',(#12243,#12245,#12247,#12248));
#12250=FACE_OUTER_BOUND('',#12249,.F.);
#12252=CARTESIAN_POINT('',(9.157229734788E0,6.361241688145E0,
-1.083135845757E1));
#12253=DIRECTION('',(9.823995161440E-1,1.867457334641E-1,-4.149905187595E-3));
#12254=DIRECTION('',(1.867918378305E-1,-9.821570381656E-1,2.182571194073E-2));
#12255=AXIS2_PLACEMENT_3D('',#12252,#12253,#12254);
#12256=PLANE('',#12255);
#12257=ORIENTED_EDGE('',*,*,#9505,.F.);
#12259=ORIENTED_EDGE('',*,*,#12258,.F.);
#12261=ORIENTED_EDGE('',*,*,#12260,.F.);
#12262=ORIENTED_EDGE('',*,*,#12244,.T.);
#12263=EDGE_LOOP('',(#12257,#12259,#12261,#12262));
#12264=FACE_OUTER_BOUND('',#12263,.F.);
#12266=CARTESIAN_POINT('',(9.132045497726E0,6.454175946738E0,
-1.083342366332E1));
#12267=DIRECTION('',(9.428002106370E-1,3.332760297441E-1,-7.406134001441E-3));
#12268=DIRECTION('',(3.333583099652E-1,-9.425675066445E-1,2.094594460121E-2));
#12269=AXIS2_PLACEMENT_3D('',#12266,#12267,#12268);
#12270=PLANE('',#12269);
#12271=ORIENTED_EDGE('',*,*,#9503,.F.);
#12273=ORIENTED_EDGE('',*,*,#12272,.F.);
#12275=ORIENTED_EDGE('',*,*,#12274,.F.);
#12276=ORIENTED_EDGE('',*,*,#12258,.T.);
#12277=EDGE_LOOP('',(#12271,#12273,#12275,#12276));
#12278=FACE_OUTER_BOUND('',#12277,.F.);
#12280=CARTESIAN_POINT('',(9.092214806505E0,6.545024451981E0,
-1.083544251899E1));
#12281=DIRECTION('',(8.854041366220E-1,4.647072965417E-1,-1.032682882197E-2));
#12282=DIRECTION('',(4.648220249220E-1,-8.851855992529E-1,1.967079110308E-2));
#12283=AXIS2_PLACEMENT_3D('',#12280,#12281,#12282);
#12284=PLANE('',#12283);
#12285=ORIENTED_EDGE('',*,*,#9501,.F.);
#12287=ORIENTED_EDGE('',*,*,#12286,.F.);
#12289=ORIENTED_EDGE('',*,*,#12288,.F.);
#12290=ORIENTED_EDGE('',*,*,#12272,.T.);
#12291=EDGE_LOOP('',(#12285,#12287,#12289,#12290));
#12292=FACE_OUTER_BOUND('',#12291,.F.);
#12294=CARTESIAN_POINT('',(9.039097756754E0,6.630928161168E0,
-1.083735149030E1));
#12295=DIRECTION('',(8.114180075339E-1,5.843220075883E-1,-1.298493348634E-2));
#12296=DIRECTION('',(5.844662668193E-1,-8.112177315814E-1,1.802706072086E-2));
#12297=AXIS2_PLACEMENT_3D('',#12294,#12295,#12296);
#12298=PLANE('',#12297);
#12299=ORIENTED_EDGE('',*,*,#9499,.F.);
#12301=ORIENTED_EDGE('',*,*,#12300,.F.);
#12303=ORIENTED_EDGE('',*,*,#12302,.F.);
#12304=ORIENTED_EDGE('',*,*,#12286,.T.);
#12305=EDGE_LOOP('',(#12299,#12301,#12303,#12304));
#12306=FACE_OUTER_BOUND('',#12305,.F.);
#12308=CARTESIAN_POINT('',(8.975483135519E0,6.706064938036E0,
-1.083902119646E1));
#12309=DIRECTION('',(7.078662012190E-1,7.061722026871E-1,-1.569271563037E-2));
#12310=DIRECTION('',(7.063465446732E-1,-7.076914841481E-1,1.572647743260E-2));
#12311=AXIS2_PLACEMENT_3D('',#12308,#12309,#12310);
#12312=PLANE('',#12311);
#12313=ORIENTED_EDGE('',*,*,#9497,.F.);
#12315=ORIENTED_EDGE('',*,*,#12314,.F.);
#12317=ORIENTED_EDGE('',*,*,#12316,.F.);
#12318=ORIENTED_EDGE('',*,*,#12300,.T.);
#12319=EDGE_LOOP('',(#12313,#12315,#12317,#12318));
#12320=FACE_OUTER_BOUND('',#12319,.F.);
#12322=CARTESIAN_POINT('',(8.902773614972E0,6.767516619812E0,
-1.084038678939E1));
#12323=DIRECTION('',(5.773151428062E-1,8.163198823109E-1,-1.814044185095E-2));
#12324=DIRECTION('',(8.165214178983E-1,-5.771726486309E-1,1.282605885723E-2));
#12325=AXIS2_PLACEMENT_3D('',#12322,#12323,#12324);
#12326=PLANE('',#12325);
#12327=ORIENTED_EDGE('',*,*,#9495,.F.);
#12329=ORIENTED_EDGE('',*,*,#12328,.F.);
#12331=ORIENTED_EDGE('',*,*,#12330,.F.);
#12332=ORIENTED_EDGE('',*,*,#12314,.T.);
#12333=EDGE_LOOP('',(#12327,#12329,#12331,#12332));
#12334=FACE_OUTER_BOUND('',#12333,.F.);
#12336=CARTESIAN_POINT('',(8.821927175759E0,6.814793692938E0,
-1.084143739101E1));
#12337=DIRECTION('',(4.277227664046E-1,9.036868656640E-1,-2.008193032396E-2));
#12338=DIRECTION('',(9.039099706825E-1,-4.276171949445E-1,9.502604305423E-3));
#12339=AXIS2_PLACEMENT_3D('',#12336,#12337,#12338);
#12340=PLANE('',#12339);
#12341=ORIENTED_EDGE('',*,*,#9493,.F.);
#12343=ORIENTED_EDGE('',*,*,#12342,.F.);
#12345=ORIENTED_EDGE('',*,*,#12344,.F.);
#12346=ORIENTED_EDGE('',*,*,#12328,.T.);
#12347=EDGE_LOOP('',(#12341,#12343,#12345,#12346));
#12348=FACE_OUTER_BOUND('',#12347,.F.);
#12350=CARTESIAN_POINT('',(8.735079758908E0,6.846735040806E0,
-1.084214719874E1));
#12351=DIRECTION('',(2.590866340139E-1,9.656156921270E-1,-2.145812651237E-2));
#12352=DIRECTION('',(9.658540863274E-1,-2.590226856887E-1,5.756059699125E-3));
#12353=AXIS2_PLACEMENT_3D('',#12350,#12351,#12352);
#12354=PLANE('',#12353);
#12355=ORIENTED_EDGE('',*,*,#9491,.F.);
#12357=ORIENTED_EDGE('',*,*,#12356,.F.);
#12359=ORIENTED_EDGE('',*,*,#12358,.F.);
#12360=ORIENTED_EDGE('',*,*,#12342,.T.);
#12361=EDGE_LOOP('',(#12355,#12357,#12359,#12360));
#12362=FACE_OUTER_BOUND('',#12361,.F.);
#12364=CARTESIAN_POINT('',(8.643383305966E0,6.862690343487E0,
-1.084250176103E1));
#12365=DIRECTION('',(8.442538029522E-2,9.961838634679E-1,-2.213741918551E-2));
#12366=DIRECTION('',(9.964298044328E-1,-8.440454223915E-2,1.875656522835E-3));
#12367=AXIS2_PLACEMENT_3D('',#12364,#12365,#12366);
#12368=PLANE('',#12367);
#12369=ORIENTED_EDGE('',*,*,#9489,.F.);
#12371=ORIENTED_EDGE('',*,*,#12370,.F.);
#12373=ORIENTED_EDGE('',*,*,#12372,.F.);
#12374=ORIENTED_EDGE('',*,*,#12356,.T.);
#12375=EDGE_LOOP('',(#12369,#12371,#12373,#12374));
#12376=FACE_OUTER_BOUND('',#12375,.F.);
#12378=CARTESIAN_POINT('',(8.556990042568E0,6.863501469790E0,
-1.084251978605E1));
#12379=DIRECTION('',(-8.051965574975E-2,9.965070003410E-1,-2.214460000491E-2));
#12380=DIRECTION('',(9.967530210829E-1,8.049978171398E-2,-1.788884026630E-3));
#12381=AXIS2_PLACEMENT_3D('',#12378,#12379,#12380);
#12382=PLANE('',#12381);
#12383=ORIENTED_EDGE('',*,*,#9487,.T.);
#12385=ORIENTED_EDGE('',*,*,#12384,.F.);
#12387=ORIENTED_EDGE('',*,*,#12386,.T.);
#12388=ORIENTED_EDGE('',*,*,#12370,.T.);
#12389=EDGE_LOOP('',(#12383,#12385,#12387,#12388));
#12390=FACE_OUTER_BOUND('',#12389,.F.);
#12392=CARTESIAN_POINT('',(8.483518868604E0,6.850821414426E0,
-1.084223800705E1));
#12393=DIRECTION('',(-2.682013989885E-1,9.631250856476E-1,-2.140277965530E-2));
#12394=DIRECTION('',(9.633628649583E-1,2.681352009390E-1,-5.958559959801E-3));
#12395=AXIS2_PLACEMENT_3D('',#12392,#12393,#12394);
#12396=PLANE('',#12395);
#12397=ORIENTED_EDGE('',*,*,#9485,.F.);
#12399=ORIENTED_EDGE('',*,*,#12398,.F.);
#12401=ORIENTED_EDGE('',*,*,#12400,.F.);
#12402=ORIENTED_EDGE('',*,*,#12384,.T.);
#12403=EDGE_LOOP('',(#12397,#12399,#12401,#12402));
#12404=FACE_OUTER_BOUND('',#12403,.F.);
#12406=CARTESIAN_POINT('',(8.420396247107E0,6.825506234884E0,
-1.084167544750E1));
#12407=DIRECTION('',(-4.790830523970E-1,8.775529232120E-1,-1.950117606901E-2));
#12408=DIRECTION('',(8.777695762021E-1,4.789648040796E-1,-1.064366229391E-2));
#12409=AXIS2_PLACEMENT_3D('',#12406,#12407,#12408);
#12410=PLANE('',#12409);
#12411=ORIENTED_EDGE('',*,*,#9483,.F.);
#12413=ORIENTED_EDGE('',*,*,#12412,.F.);
#12415=ORIENTED_EDGE('',*,*,#12414,.F.);
#12416=ORIENTED_EDGE('',*,*,#12398,.T.);
#12417=EDGE_LOOP('',(#12411,#12413,#12415,#12416));
#12418=FACE_OUTER_BOUND('',#12417,.F.);
#12420=CARTESIAN_POINT('',(8.368073966200E0,6.789126158345E0,
-1.084086700136E1));
#12421=DIRECTION('',(-6.611589246905E-1,7.500606999172E-1,-1.666801553367E-2));
#12422=DIRECTION('',(7.502458772310E-1,6.609957360111E-1,-1.468879412843E-2));
#12423=AXIS2_PLACEMENT_3D('',#12420,#12421,#12422);
#12424=PLANE('',#12423);
#12425=ORIENTED_EDGE('',*,*,#9481,.F.);
#12427=ORIENTED_EDGE('',*,*,#12426,.F.);
#12429=ORIENTED_EDGE('',*,*,#12428,.F.);
#12430=ORIENTED_EDGE('',*,*,#12412,.T.);
#12431=EDGE_LOOP('',(#12425,#12427,#12429,#12430));
#12432=FACE_OUTER_BOUND('',#12431,.F.);
#12434=CARTESIAN_POINT('',(8.327211967889E0,6.744961161618E0,
-1.083988555698E1));
#12435=DIRECTION('',(8.030222423304E-1,-5.958019633799E-1,1.324004362908E-2));
#12436=DIRECTION('',(5.959490568183E-1,8.028240386399E-1,-1.784053416451E-2));
#12437=AXIS2_PLACEMENT_3D('',#12434,#12435,#12436);
#12438=PLANE('',#12437);
#12439=ORIENTED_EDGE('',*,*,#9479,.F.);
#12441=ORIENTED_EDGE('',*,*,#12440,.F.);
#12443=ORIENTED_EDGE('',*,*,#12442,.F.);
#12444=ORIENTED_EDGE('',*,*,#12426,.T.);
#12445=EDGE_LOOP('',(#12439,#12441,#12443,#12444));
#12446=FACE_OUTER_BOUND('',#12445,.F.);
#12448=CARTESIAN_POINT('',(8.297990021288E0,6.694716265040E0,
-1.083876900372E1));
#12449=DIRECTION('',(9.155951514433E-1,-4.020021310426E-1,8.933380698435E-3));
#12450=DIRECTION('',(4.021013785770E-1,9.153691622611E-1,-2.034153700925E-2));
#12451=AXIS2_PLACEMENT_3D('',#12448,#12449,#12450);
#12452=PLANE('',#12451);
#12453=ORIENTED_EDGE('',*,*,#9477,.F.);
#12455=ORIENTED_EDGE('',*,*,#12454,.F.);
#12457=ORIENTED_EDGE('',*,*,#12456,.F.);
#12458=ORIENTED_EDGE('',*,*,#12440,.T.);
#12459=EDGE_LOOP('',(#12453,#12455,#12457,#12458));
#12460=FACE_OUTER_BOUND('',#12459,.F.);
#12462=CARTESIAN_POINT('',(8.279540030713E0,6.639893116538E0,
-1.083755071154E1));
#12463=DIRECTION('',(9.725419510088E-1,-2.326701957436E-1,5.170448793674E-3));
#12464=DIRECTION('',(2.327276380838E-1,9.723019060964E-1,-2.160670898435E-2));
#12465=AXIS2_PLACEMENT_3D('',#12462,#12463,#12464);
#12466=PLANE('',#12465);
#12467=ORIENTED_EDGE('',*,*,#9475,.F.);
#12469=ORIENTED_EDGE('',*,*,#12468,.F.);
#12471=ORIENTED_EDGE('',*,*,#12470,.F.);
#12472=ORIENTED_EDGE('',*,*,#12454,.T.);
#12473=EDGE_LOOP('',(#12467,#12469,#12471,#12472));
#12474=FACE_OUTER_BOUND('',#12473,.F.);
#12476=CARTESIAN_POINT('',(8.270009900993E0,6.583331840245E0,
-1.083629379429E1));
#12477=DIRECTION('',(9.952193647821E-1,-9.764070851212E-2,2.169793522232E-3));
#12478=DIRECTION('',(9.766481435337E-2,9.949737225801E-1,-2.211052718454E-2));
#12479=AXIS2_PLACEMENT_3D('',#12476,#12477,#12478);
#12480=PLANE('',#12479);
#12481=ORIENTED_EDGE('',*,*,#9473,.T.);
#12483=ORIENTED_EDGE('',*,*,#12482,.F.);
#12485=ORIENTED_EDGE('',*,*,#12484,.T.);
#12486=ORIENTED_EDGE('',*,*,#12468,.T.);
#12487=EDGE_LOOP('',(#12481,#12483,#12485,#12486));
#12488=FACE_OUTER_BOUND('',#12487,.F.);
#12490=CARTESIAN_POINT('',(8.268417997977E0,6.526347264901E0,
-1.083502747039E1));
#12491=DIRECTION('',(9.991292025390E-1,4.171303616067E-2,-9.269563590152E-4));
#12492=DIRECTION('',(-4.172333440454E-2,9.988825953026E-1,-2.219739100982E-2));
#12493=AXIS2_PLACEMENT_3D('',#12490,#12491,#12492);
#12494=PLANE('',#12493);
#12495=ORIENTED_EDGE('',*,*,#9471,.T.);
#12497=ORIENTED_EDGE('',*,*,#12496,.F.);
#12499=ORIENTED_EDGE('',*,*,#12498,.T.);
#12500=ORIENTED_EDGE('',*,*,#12482,.T.);
#12501=EDGE_LOOP('',(#12495,#12497,#12499,#12500));
#12502=FACE_OUTER_BOUND('',#12501,.F.);
#12504=CARTESIAN_POINT('',(8.273976649016E0,6.470734273417E0,
-1.083379162614E1));
#12505=DIRECTION('',(9.872082340861E-1,1.593968497499E-1,-3.542152216237E-3));
#12506=DIRECTION('',(-1.594362021390E-1,9.869645692090E-1,-2.193254598883E-2));
#12507=AXIS2_PLACEMENT_3D('',#12504,#12505,#12506);
#12508=PLANE('',#12507);
#12509=ORIENTED_EDGE('',*,*,#9469,.F.);
#12511=ORIENTED_EDGE('',*,*,#12510,.F.);
#12513=ORIENTED_EDGE('',*,*,#12512,.F.);
#12514=ORIENTED_EDGE('',*,*,#12496,.T.);
#12515=EDGE_LOOP('',(#12509,#12511,#12513,#12514));
#12516=FACE_OUTER_BOUND('',#12515,.F.);
#12518=CARTESIAN_POINT('',(8.285488970082E0,6.415703022408E0,
-1.083256870945E1));
#12519=DIRECTION('',(9.689719125768E-1,2.471098499295E-1,-5.491329997777E-3));
#12520=DIRECTION('',(-2.471708571764E-1,9.687327488277E-1,-2.152739443857E-2));
#12521=AXIS2_PLACEMENT_3D('',#12518,#12519,#12520);
#12522=PLANE('',#12521);
#12523=ORIENTED_EDGE('',*,*,#9467,.F.);
#12525=ORIENTED_EDGE('',*,*,#12524,.F.);
#12527=ORIENTED_EDGE('',*,*,#12526,.F.);
#12528=ORIENTED_EDGE('',*,*,#12510,.T.);
#12529=EDGE_LOOP('',(#12523,#12525,#12527,#12528));
#12530=FACE_OUTER_BOUND('',#12529,.F.);
#12532=CARTESIAN_POINT('',(8.302526826757E0,6.358711352624E0,
-1.083130222789E1));
#12533=DIRECTION('',(9.464195437986E-1,3.228599871128E-1,-7.174666373381E-3));
#12534=DIRECTION('',(-3.229396957886E-1,9.461859464750E-1,-2.102635434664E-2));
#12535=AXIS2_PLACEMENT_3D('',#12532,#12533,#12534);
#12536=PLANE('',#12535);
#12537=ORIENTED_EDGE('',*,*,#9465,.F.);
#12539=ORIENTED_EDGE('',*,*,#12538,.F.);
#12541=ORIENTED_EDGE('',*,*,#12540,.F.);
#12542=ORIENTED_EDGE('',*,*,#12524,.T.);
#12543=EDGE_LOOP('',(#12537,#12539,#12541,#12542));
#12544=FACE_OUTER_BOUND('',#12543,.F.);
#12546=CARTESIAN_POINT('',(8.328839351660E0,6.291990897501E0,
-1.082981955111E1));
#12547=DIRECTION('',(9.169978831880E-1,3.987936129900E-1,-8.862080287607E-3));
#12548=DIRECTION('',(-3.988920683953E-1,9.167715477821E-1,-2.037270106304E-2));
#12549=AXIS2_PLACEMENT_3D('',#12546,#12547,#12548);
#12550=PLANE('',#12549);
#12551=ORIENTED_EDGE('',*,*,#9463,.F.);
#12553=ORIENTED_EDGE('',*,*,#12552,.F.);
#12555=ORIENTED_EDGE('',*,*,#12554,.F.);
#12556=ORIENTED_EDGE('',*,*,#12538,.T.);
#12557=EDGE_LOOP('',(#12551,#12553,#12555,#12556));
#12558=FACE_OUTER_BOUND('',#12557,.F.);
#12560=CARTESIAN_POINT('',(8.364977679195E0,6.219968561778E0,
-1.082821905477E1));
#12561=DIRECTION('',(8.668966118558E-1,4.983649402594E-1,-1.107477643956E-2));
#12562=DIRECTION('',(-4.984879781429E-1,8.666826425547E-1,-1.925961426017E-2));
#12563=AXIS2_PLACEMENT_3D('',#12560,#12561,#12562);
#12564=PLANE('',#12563);
#12565=ORIENTED_EDGE('',*,*,#9461,.F.);
#12567=ORIENTED_EDGE('',*,*,#12566,.F.);
#12569=ORIENTED_EDGE('',*,*,#12568,.F.);
#12570=ORIENTED_EDGE('',*,*,#12552,.T.);
#12571=EDGE_LOOP('',(#12565,#12567,#12569,#12570));
#12572=FACE_OUTER_BOUND('',#12571,.F.);
#12574=CARTESIAN_POINT('',(8.407679945823E0,6.154853805434E0,
-1.082677206018E1));
#12575=DIRECTION('',(8.018262135206E-1,5.974098067067E-1,-1.327577349515E-2));
#12576=DIRECTION('',(-5.975572970948E-1,8.016283050353E-1,-1.781396235890E-2));
#12577=AXIS2_PLACEMENT_3D('',#12574,#12575,#12576);
#12578=PLANE('',#12577);
#12579=ORIENTED_EDGE('',*,*,#9459,.F.);
#12581=ORIENTED_EDGE('',*,*,#12580,.F.);
#12583=ORIENTED_EDGE('',*,*,#12582,.F.);
#12584=ORIENTED_EDGE('',*,*,#12566,.T.);
#12585=EDGE_LOOP('',(#12579,#12581,#12583,#12584));
#12586=FACE_OUTER_BOUND('',#12585,.F.);
#12588=CARTESIAN_POINT('',(8.456927228302E0,6.097022631787E0,
-1.082548692299E1));
#12589=DIRECTION('',(7.168667405530E-1,6.970381226058E-1,-1.548973605605E-2));
#12590=DIRECTION('',(-6.972102095415E-1,7.166898019497E-1,-1.592644004272E-2));
#12591=AXIS2_PLACEMENT_3D('',#12588,#12589,#12590);
#12592=PLANE('',#12591);
#12593=ORIENTED_EDGE('',*,*,#9457,.F.);
#12595=ORIENTED_EDGE('',*,*,#12594,.F.);
#12597=ORIENTED_EDGE('',*,*,#12596,.F.);
#12598=ORIENTED_EDGE('',*,*,#12580,.T.);
#12599=EDGE_LOOP('',(#12593,#12595,#12597,#12598));
#12600=FACE_OUTER_BOUND('',#12599,.F.);
#12602=CARTESIAN_POINT('',(8.512717161096E0,6.047087524021E0,
-1.082437725393E1));
#12603=DIRECTION('',(6.135946232122E-1,7.894263032715E-1,-1.754280673725E-2));
#12604=DIRECTION('',(-7.896211992880E-1,6.134431744559E-1,-1.363207058515E-2));
#12605=AXIS2_PLACEMENT_3D('',#12602,#12603,#12604);
#12606=PLANE('',#12605);
#12607=ORIENTED_EDGE('',*,*,#9455,.F.);
#12609=ORIENTED_EDGE('',*,*,#12608,.F.);
#12611=ORIENTED_EDGE('',*,*,#12610,.F.);
#12612=ORIENTED_EDGE('',*,*,#12594,.T.);
#12613=EDGE_LOOP('',(#12607,#12609,#12611,#12612));
#12614=FACE_OUTER_BOUND('',#12613,.F.);
#12616=CARTESIAN_POINT('',(8.575009532992E0,6.005261313935E0,
-1.082344778259E1));
#12617=DIRECTION('',(4.994896068840E-1,8.661060519702E-1,-1.924680117340E-2));
#12618=DIRECTION('',(-8.663198789217E-1,4.993663217765E-1,-1.109702935825E-2));
#12619=AXIS2_PLACEMENT_3D('',#12616,#12617,#12618);
#12620=PLANE('',#12619);
#12621=ORIENTED_EDGE('',*,*,#9453,.F.);
#12623=ORIENTED_EDGE('',*,*,#12622,.F.);
#12625=ORIENTED_EDGE('',*,*,#12624,.F.);
#12626=ORIENTED_EDGE('',*,*,#12608,.T.);
#12627=EDGE_LOOP('',(#12621,#12623,#12625,#12626));
#12628=FACE_OUTER_BOUND('',#12627,.F.);
#12630=CARTESIAN_POINT('',(8.643404594139E0,5.972258171219E0,
-1.082271437942E1));
#12631=DIRECTION('',(3.684307869658E-1,9.294257213072E-1,-2.065390491547E-2));
#12632=DIRECTION('',(-9.296551808148E-1,3.683398500806E-1,-8.185329978730E-3));
#12633=AXIS2_PLACEMENT_3D('',#12630,#12631,#12632);
#12634=PLANE('',#12633);
#12635=ORIENTED_EDGE('',*,*,#9451,.F.);
#12637=ORIENTED_EDGE('',*,*,#12636,.F.);
#12639=ORIENTED_EDGE('',*,*,#12638,.F.);
#12640=ORIENTED_EDGE('',*,*,#12622,.T.);
#12641=EDGE_LOOP('',(#12635,#12637,#12639,#12640));
#12642=FACE_OUTER_BOUND('',#12641,.F.);
#12644=CARTESIAN_POINT('',(8.717015325802E0,5.949707442518E0,
-1.082221325211E1));
#12645=DIRECTION('',(2.168145792093E-1,9.759718528083E-1,-2.168826337489E-2));
#12646=DIRECTION('',(-9.762128037689E-1,2.167610645652E-1,-4.816912523160E-3));
#12647=AXIS2_PLACEMENT_3D('',#12644,#12645,#12646);
#12648=PLANE('',#12647);
#12649=ORIENTED_EDGE('',*,*,#9449,.F.);
#12651=ORIENTED_EDGE('',*,*,#12650,.F.);
#12653=ORIENTED_EDGE('',*,*,#12652,.F.);
#12654=ORIENTED_EDGE('',*,*,#12636,.T.);
#12655=EDGE_LOOP('',(#12649,#12651,#12653,#12654));
#12656=FACE_OUTER_BOUND('',#12655,.F.);
#12658=CARTESIAN_POINT('',(8.795368651084E0,5.938472279760E0,
-1.082196358183E1));
#12659=DIRECTION('',(6.925740006756E-2,9.973525939393E-1,-2.216339094980E-2));
#12660=DIRECTION('',(-9.975988234435E-1,6.924030580680E-2,-1.538673421995E-3));
#12661=AXIS2_PLACEMENT_3D('',#12658,#12659,#12660);
#12662=PLANE('',#12661);
#12663=ORIENTED_EDGE('',*,*,#9447,.T.);
#12664=ORIENTED_EDGE('',*,*,#12177,.T.);
#12666=ORIENTED_EDGE('',*,*,#12665,.T.);
#12667=ORIENTED_EDGE('',*,*,#12650,.T.);
#12668=EDGE_LOOP('',(#12663,#12664,#12666,#12667));
#12669=FACE_OUTER_BOUND('',#12668,.F.);
#12671=CARTESIAN_POINT('',(8.716925441042E0,6.401395861333E0,
-1.082224830370E1));
#12672=DIRECTION('',(0.E0,2.221673728174E-2,9.997531778317E-1));
#12673=DIRECTION('',(1.E0,0.E0,0.E0));
#12674=AXIS2_PLACEMENT_3D('',#12671,#12672,#12673);
#12675=PLANE('',#12674);
#12676=ORIENTED_EDGE('',*,*,#12175,.T.);
#12677=ORIENTED_EDGE('',*,*,#12190,.T.);
#12678=ORIENTED_EDGE('',*,*,#12204,.T.);
#12679=ORIENTED_EDGE('',*,*,#12218,.T.);
#12680=ORIENTED_EDGE('',*,*,#12232,.T.);
#12681=ORIENTED_EDGE('',*,*,#12246,.F.);
#12682=ORIENTED_EDGE('',*,*,#12260,.T.);
#12683=ORIENTED_EDGE('',*,*,#12274,.T.);
#12684=ORIENTED_EDGE('',*,*,#12288,.T.);
#12685=ORIENTED_EDGE('',*,*,#12302,.T.);
#12686=ORIENTED_EDGE('',*,*,#12316,.T.);
#12687=ORIENTED_EDGE('',*,*,#12330,.T.);
#12688=ORIENTED_EDGE('',*,*,#12344,.T.);
#12689=ORIENTED_EDGE('',*,*,#12358,.T.);
#12690=ORIENTED_EDGE('',*,*,#12372,.T.);
#12691=ORIENTED_EDGE('',*,*,#12386,.F.);
#12692=ORIENTED_EDGE('',*,*,#12400,.T.);
#12693=ORIENTED_EDGE('',*,*,#12414,.T.);
#12694=ORIENTED_EDGE('',*,*,#12428,.T.);
#12695=ORIENTED_EDGE('',*,*,#12442,.T.);
#12696=ORIENTED_EDGE('',*,*,#12456,.T.);
#12697=ORIENTED_EDGE('',*,*,#12470,.T.);
#12698=ORIENTED_EDGE('',*,*,#12484,.F.);
#12699=ORIENTED_EDGE('',*,*,#12498,.F.);
#12700=ORIENTED_EDGE('',*,*,#12512,.T.);
#12701=ORIENTED_EDGE('',*,*,#12526,.T.);
#12702=ORIENTED_EDGE('',*,*,#12540,.T.);
#12703=ORIENTED_EDGE('',*,*,#12554,.T.);
#12704=ORIENTED_EDGE('',*,*,#12568,.T.);
#12705=ORIENTED_EDGE('',*,*,#12582,.T.);
#12706=ORIENTED_EDGE('',*,*,#12596,.T.);
#12707=ORIENTED_EDGE('',*,*,#12610,.T.);
#12708=ORIENTED_EDGE('',*,*,#12624,.T.);
#12709=ORIENTED_EDGE('',*,*,#12638,.T.);
#12710=ORIENTED_EDGE('',*,*,#12652,.T.);
#12711=ORIENTED_EDGE('',*,*,#12665,.F.);
#12712=EDGE_LOOP('',(#12676,#12677,#12678,#12679,#12680,#12681,#12682,#12683,
#12684,#12685,#12686,#12687,#12688,#12689,#12690,#12691,#12692,#12693,#12694,
#12695,#12696,#12697,#12698,#12699,#12700,#12701,#12702,#12703,#12704,#12705,
#12706,#12707,#12708,#12709,#12710,#12711));
#12713=FACE_OUTER_BOUND('',#12712,.F.);
#12715=ORIENTED_EDGE('',*,*,#12714,.T.);
#12717=ORIENTED_EDGE('',*,*,#12716,.T.);
#12719=ORIENTED_EDGE('',*,*,#12718,.T.);
#12721=ORIENTED_EDGE('',*,*,#12720,.T.);
#12723=ORIENTED_EDGE('',*,*,#12722,.T.);
#12725=ORIENTED_EDGE('',*,*,#12724,.T.);
#12727=ORIENTED_EDGE('',*,*,#12726,.T.);
#12729=ORIENTED_EDGE('',*,*,#12728,.T.);
#12731=ORIENTED_EDGE('',*,*,#12730,.T.);
#12733=ORIENTED_EDGE('',*,*,#12732,.T.);
#12735=ORIENTED_EDGE('',*,*,#12734,.T.);
#12737=ORIENTED_EDGE('',*,*,#12736,.T.);
#12739=ORIENTED_EDGE('',*,*,#12738,.T.);
#12741=ORIENTED_EDGE('',*,*,#12740,.T.);
#12743=ORIENTED_EDGE('',*,*,#12742,.T.);
#12745=ORIENTED_EDGE('',*,*,#12744,.T.);
#12747=ORIENTED_EDGE('',*,*,#12746,.T.);
#12749=ORIENTED_EDGE('',*,*,#12748,.T.);
#12751=ORIENTED_EDGE('',*,*,#12750,.T.);
#12753=ORIENTED_EDGE('',*,*,#12752,.T.);
#12755=ORIENTED_EDGE('',*,*,#12754,.T.);
#12757=ORIENTED_EDGE('',*,*,#12756,.T.);
#12759=ORIENTED_EDGE('',*,*,#12758,.T.);
#12761=ORIENTED_EDGE('',*,*,#12760,.T.);
#12763=ORIENTED_EDGE('',*,*,#12762,.T.);
#12765=ORIENTED_EDGE('',*,*,#12764,.T.);
#12767=ORIENTED_EDGE('',*,*,#12766,.T.);
#12768=EDGE_LOOP('',(#12715,#12717,#12719,#12721,#12723,#12725,#12727,#12729,
#12731,#12733,#12735,#12737,#12739,#12741,#12743,#12745,#12747,#12749,#12751,
#12753,#12755,#12757,#12759,#12761,#12763,#12765,#12767));
#12769=FACE_BOUND('',#12768,.F.);
#12771=CARTESIAN_POINT('',(8.678234864916E0,6.125407321287E0,
-1.082611769386E1));
#12772=DIRECTION('',(4.744837700463E-1,8.800469824812E-1,-1.955659961306E-2));
#12773=DIRECTION('',(8.802642512125E-1,-4.743666569326E-1,1.054148129451E-2));
#12774=AXIS2_PLACEMENT_3D('',#12771,#12772,#12773);
#12775=PLANE('',#12774);
#12777=ORIENTED_EDGE('',*,*,#12776,.F.);
#12779=ORIENTED_EDGE('',*,*,#12778,.F.);
#12780=ORIENTED_EDGE('',*,*,#12714,.F.);
#12782=ORIENTED_EDGE('',*,*,#12781,.F.);
#12783=EDGE_LOOP('',(#12777,#12779,#12780,#12782));
#12784=FACE_OUTER_BOUND('',#12783,.F.);
#12786=CARTESIAN_POINT('',(8.717344114139E0,6.400951526588E0,
-1.084224336726E1));
#12787=DIRECTION('',(0.E0,2.221673728515E-2,9.997531778316E-1));
#12788=DIRECTION('',(0.E0,-9.997531778316E-1,2.221673728515E-2));
#12789=AXIS2_PLACEMENT_3D('',#12786,#12787,#12788);
#12790=PLANE('',#12789);
#12791=ORIENTED_EDGE('',*,*,#12776,.T.);
#12793=ORIENTED_EDGE('',*,*,#12792,.T.);
#12795=ORIENTED_EDGE('',*,*,#12794,.F.);
#12797=ORIENTED_EDGE('',*,*,#12796,.T.);
#12799=ORIENTED_EDGE('',*,*,#12798,.T.);
#12801=ORIENTED_EDGE('',*,*,#12800,.T.);
#12803=ORIENTED_EDGE('',*,*,#12802,.T.);
#12805=ORIENTED_EDGE('',*,*,#12804,.F.);
#12807=ORIENTED_EDGE('',*,*,#12806,.T.);
#12809=ORIENTED_EDGE('',*,*,#12808,.T.);
#12811=ORIENTED_EDGE('',*,*,#12810,.T.);
#12813=ORIENTED_EDGE('',*,*,#12812,.T.);
#12815=ORIENTED_EDGE('',*,*,#12814,.T.);
#12817=ORIENTED_EDGE('',*,*,#12816,.T.);
#12819=ORIENTED_EDGE('',*,*,#12818,.T.);
#12821=ORIENTED_EDGE('',*,*,#12820,.T.);
#12823=ORIENTED_EDGE('',*,*,#12822,.F.);
#12825=ORIENTED_EDGE('',*,*,#12824,.T.);
#12827=ORIENTED_EDGE('',*,*,#12826,.T.);
#12829=ORIENTED_EDGE('',*,*,#12828,.T.);
#12831=ORIENTED_EDGE('',*,*,#12830,.T.);
#12833=ORIENTED_EDGE('',*,*,#12832,.T.);
#12835=ORIENTED_EDGE('',*,*,#12834,.F.);
#12837=ORIENTED_EDGE('',*,*,#12836,.T.);
#12839=ORIENTED_EDGE('',*,*,#12838,.T.);
#12841=ORIENTED_EDGE('',*,*,#12840,.T.);
#12843=ORIENTED_EDGE('',*,*,#12842,.T.);
#12844=EDGE_LOOP('',(#12791,#12793,#12795,#12797,#12799,#12801,#12803,#12805,
#12807,#12809,#12811,#12813,#12815,#12817,#12819,#12821,#12823,#12825,#12827,
#12829,#12831,#12833,#12835,#12837,#12839,#12841,#12843));
#12845=FACE_OUTER_BOUND('',#12844,.F.);
#12847=CARTESIAN_POINT('',(8.760505265082E0,6.097299313547E0,
-1.082549307147E1));
#12848=DIRECTION('',(1.607123806686E-1,9.867576682192E-1,-2.192794815628E-2));
#12849=DIRECTION('',(9.870012820153E-1,-1.606727132897E-1,3.570504769944E-3));
#12850=AXIS2_PLACEMENT_3D('',#12847,#12848,#12849);
#12851=PLANE('',#12850);
#12852=ORIENTED_EDGE('',*,*,#12792,.F.);
#12853=ORIENTED_EDGE('',*,*,#12781,.T.);
#12854=ORIENTED_EDGE('',*,*,#12766,.F.);
#12856=ORIENTED_EDGE('',*,*,#12855,.T.);
#12857=EDGE_LOOP('',(#12852,#12853,#12854,#12856));
#12858=FACE_OUTER_BOUND('',#12857,.F.);
#12860=CARTESIAN_POINT('',(8.831050459636E0,6.093633874231E0,
-1.082541161727E1));
#12861=DIRECTION('',(-1.216721267745E-1,9.923253585452E-1,-2.205167463698E-2));
#12862=DIRECTION('',(9.925703469106E-1,1.216420953966E-1,-2.703157665015E-3));
#12863=AXIS2_PLACEMENT_3D('',#12860,#12861,#12862);
#12864=PLANE('',#12863);
#12865=ORIENTED_EDGE('',*,*,#12794,.T.);
#12866=ORIENTED_EDGE('',*,*,#12855,.F.);
#12867=ORIENTED_EDGE('',*,*,#12764,.F.);
#12869=ORIENTED_EDGE('',*,*,#12868,.T.);
#12870=EDGE_LOOP('',(#12865,#12866,#12867,#12869));
#12871=FACE_OUTER_BOUND('',#12870,.F.);
#12873=CARTESIAN_POINT('',(8.881584510695E0,6.107077759764E0,
-1.082571037027E1));
#12874=DIRECTION('',(-3.997368725419E-1,9.164036876805E-1,-2.036452641246E-2));
#12875=DIRECTION('',(9.166299322684E-1,3.996382086185E-1,-8.880849160588E-3));
#12876=AXIS2_PLACEMENT_3D('',#12873,#12874,#12875);
#12877=PLANE('',#12876);
#12878=ORIENTED_EDGE('',*,*,#12796,.F.);
#12879=ORIENTED_EDGE('',*,*,#12868,.F.);
#12880=ORIENTED_EDGE('',*,*,#12762,.F.);
#12882=ORIENTED_EDGE('',*,*,#12881,.T.);
#12883=EDGE_LOOP('',(#12878,#12879,#12880,#12882));
#12884=FACE_OUTER_BOUND('',#12883,.F.);
#12886=CARTESIAN_POINT('',(8.923636296840E0,6.133996273137E0,
-1.082630855946E1));
#12887=DIRECTION('',(-6.648158976639E-1,7.468228658008E-1,-1.659606370044E-2));
#12888=DIRECTION('',(7.470072437489E-1,6.646518063613E-1,-1.477004019695E-2));
#12889=AXIS2_PLACEMENT_3D('',#12886,#12887,#12888);
#12890=PLANE('',#12889);
#12891=ORIENTED_EDGE('',*,*,#12798,.F.);
#12892=ORIENTED_EDGE('',*,*,#12881,.F.);
#12893=ORIENTED_EDGE('',*,*,#12760,.F.);
#12895=ORIENTED_EDGE('',*,*,#12894,.T.);
#12896=EDGE_LOOP('',(#12891,#12892,#12893,#12895));
#12897=FACE_OUTER_BOUND('',#12896,.F.);
#12899=CARTESIAN_POINT('',(8.955843357110E0,6.173490790821E0,
-1.082718621541E1));
#12900=DIRECTION('',(8.626830746370E-1,-5.056200797029E-1,1.123600178197E-2));
#12901=DIRECTION('',(5.057449087582E-1,8.624701453303E-1,-1.916600320972E-2));
#12902=AXIS2_PLACEMENT_3D('',#12899,#12900,#12901);
#12903=PLANE('',#12902);
#12904=ORIENTED_EDGE('',*,*,#12800,.F.);
#12905=ORIENTED_EDGE('',*,*,#12894,.F.);
#12906=ORIENTED_EDGE('',*,*,#12758,.F.);
#12908=ORIENTED_EDGE('',*,*,#12907,.T.);
#12909=EDGE_LOOP('',(#12904,#12905,#12906,#12908));
#12910=FACE_OUTER_BOUND('',#12909,.F.);
#12912=CARTESIAN_POINT('',(8.975547000841E0,6.223910682652E0,
-1.082830665745E1));
#12913=DIRECTION('',(9.743324043131E-1,-2.250585543624E-1,5.001301207456E-3));
#12914=DIRECTION('',(2.251141175170E-1,9.740919174766E-1,-2.164648704093E-2));
#12915=AXIS2_PLACEMENT_3D('',#12912,#12913,#12914);
#12916=PLANE('',#12915);
#12917=ORIENTED_EDGE('',*,*,#12802,.F.);
#12918=ORIENTED_EDGE('',*,*,#12907,.F.);
#12919=ORIENTED_EDGE('',*,*,#12756,.F.);
#12921=ORIENTED_EDGE('',*,*,#12920,.T.);
#12922=EDGE_LOOP('',(#12917,#12918,#12919,#12921));
#12923=FACE_OUTER_BOUND('',#12922,.F.);
#12925=CARTESIAN_POINT('',(8.981479382496E0,6.284520495819E0,
-1.082965354219E1));
#12926=DIRECTION('',(9.998921970701E-1,1.467950355150E-2,-3.262111904258E-4));
#12927=DIRECTION('',(-1.468312767292E-2,9.996454015097E-1,-2.221434226264E-2));
#12928=AXIS2_PLACEMENT_3D('',#12925,#12926,#12927);
#12929=PLANE('',#12928);
#12930=ORIENTED_EDGE('',*,*,#12804,.T.);
#12931=ORIENTED_EDGE('',*,*,#12920,.F.);
#12932=ORIENTED_EDGE('',*,*,#12754,.F.);
#12934=ORIENTED_EDGE('',*,*,#12933,.T.);
#12935=EDGE_LOOP('',(#12930,#12931,#12932,#12934));
#12936=FACE_OUTER_BOUND('',#12935,.F.);
#12938=CARTESIAN_POINT('',(8.974924905125E0,6.349389312911E0,
-1.083109507145E1));
#12939=DIRECTION('',(9.824963723439E-1,1.862357391934E-1,-4.138571986056E-3));
#12940=DIRECTION('',(-1.862817176510E-1,9.822538704580E-1,-2.182786382600E-2));
#12941=AXIS2_PLACEMENT_3D('',#12938,#12939,#12940);
#12942=PLANE('',#12941);
#12943=ORIENTED_EDGE('',*,*,#12806,.F.);
#12944=ORIENTED_EDGE('',*,*,#12933,.F.);
#12945=ORIENTED_EDGE('',*,*,#12752,.F.);
#12947=ORIENTED_EDGE('',*,*,#12946,.T.);
#12948=EDGE_LOOP('',(#12943,#12944,#12945,#12947));
#12949=FACE_OUTER_BOUND('',#12948,.F.);
#12951=CARTESIAN_POINT('',(8.957709644663E0,6.413983813191E0,
-1.083253050479E1));
#12952=DIRECTION('',(9.462027269376E-1,3.234945457888E-1,-7.188767683336E-3));
#12953=DIRECTION('',(-3.235744111266E-1,9.459691831287E-1,-2.102153740657E-2));
#12954=AXIS2_PLACEMENT_3D('',#12951,#12952,#12953);
#12955=PLANE('',#12954);
#12956=ORIENTED_EDGE('',*,*,#12808,.F.);
#12957=ORIENTED_EDGE('',*,*,#12946,.F.);
#12958=ORIENTED_EDGE('',*,*,#12750,.F.);
#12960=ORIENTED_EDGE('',*,*,#12959,.T.);
#12961=EDGE_LOOP('',(#12956,#12957,#12958,#12960));
#12962=FACE_OUTER_BOUND('',#12961,.F.);
#12964=CARTESIAN_POINT('',(8.930377639320E0,6.479696863637E0,
-1.083399079481E1));
#12965=DIRECTION('',(8.985439914527E-1,4.387751383458E-1,-9.750558639283E-3));
#12966=DIRECTION('',(-4.388834645144E-1,8.983222108767E-1,-1.996271578421E-2));
#12967=AXIS2_PLACEMENT_3D('',#12964,#12965,#12966);
#12968=PLANE('',#12967);
#12969=ORIENTED_EDGE('',*,*,#12810,.F.);
#12970=ORIENTED_EDGE('',*,*,#12959,.F.);
#12971=ORIENTED_EDGE('',*,*,#12748,.F.);
#12973=ORIENTED_EDGE('',*,*,#12972,.T.);
#12974=EDGE_LOOP('',(#12969,#12970,#12971,#12973));
#12975=FACE_OUTER_BOUND('',#12974,.F.);
#12977=CARTESIAN_POINT('',(8.894385965475E0,6.543494426495E0,
-1.083540851842E1));
#12978=DIRECTION('',(8.400947403021E-1,5.423058131017E-1,-1.205124030563E-2));
#12979=DIRECTION('',(-5.424396992448E-1,8.398873862959E-1,-1.866416417279E-2));
#12980=AXIS2_PLACEMENT_3D('',#12977,#12978,#12979);
#12981=PLANE('',#12980);
#12982=ORIENTED_EDGE('',*,*,#12812,.F.);
#12983=ORIENTED_EDGE('',*,*,#12972,.F.);
#12984=ORIENTED_EDGE('',*,*,#12746,.F.);
#12986=ORIENTED_EDGE('',*,*,#12985,.T.);
#12987=EDGE_LOOP('',(#12982,#12983,#12984,#12986));
#12988=FACE_OUTER_BOUND('',#12987,.F.);
#12990=CARTESIAN_POINT('',(8.852783602323E0,6.599114512620E0,
-1.083664452034E1));
#12991=DIRECTION('',(7.532394888233E-1,6.575840123886E-1,-1.461297807066E-2));
#12992=DIRECTION('',(-6.577463587715E-1,7.530535726198E-1,-1.673452381691E-2));
#12993=AXIS2_PLACEMENT_3D('',#12990,#12991,#12992);
#12994=PLANE('',#12993);
#12995=ORIENTED_EDGE('',*,*,#12814,.F.);
#12996=ORIENTED_EDGE('',*,*,#12985,.F.);
#12997=ORIENTED_EDGE('',*,*,#12744,.F.);
#12999=ORIENTED_EDGE('',*,*,#12998,.T.);
#13000=EDGE_LOOP('',(#12995,#12996,#12997,#12999));
#13001=FACE_OUTER_BOUND('',#13000,.F.);
#13003=CARTESIAN_POINT('',(8.807138798772E0,6.643352818294E0,
-1.083762759380E1));
#13004=DIRECTION('',(6.288342760305E-1,7.773474440819E-1,-1.727438764420E-2));
#13005=DIRECTION('',(-7.775393580322E-1,6.286790657906E-1,-1.397064592234E-2));
#13006=AXIS2_PLACEMENT_3D('',#13003,#13004,#13005);
#13007=PLANE('',#13006);
#13008=ORIENTED_EDGE('',*,*,#12816,.F.);
#13009=ORIENTED_EDGE('',*,*,#12998,.F.);
#13010=ORIENTED_EDGE('',*,*,#12742,.F.);
#13012=ORIENTED_EDGE('',*,*,#13011,.T.);
#13013=EDGE_LOOP('',(#13008,#13009,#13010,#13012));
#13014=FACE_OUTER_BOUND('',#13013,.F.);
#13016=CARTESIAN_POINT('',(8.758407169940E0,6.676348866771E0,
-1.083836083932E1));
#13017=DIRECTION('',(4.827780582197E-1,8.755265871855E-1,-1.945614640530E-2));
#13018=DIRECTION('',(-8.757427399080E-1,4.826588978916E-1,-1.072575332999E-2));
#13019=AXIS2_PLACEMENT_3D('',#13016,#13017,#13018);
#13020=PLANE('',#13019);
#13021=ORIENTED_EDGE('',*,*,#12818,.F.);
#13022=ORIENTED_EDGE('',*,*,#13011,.F.);
#13023=ORIENTED_EDGE('',*,*,#12740,.F.);
#13025=ORIENTED_EDGE('',*,*,#13024,.T.);
#13026=EDGE_LOOP('',(#13021,#13022,#13023,#13025));
#13027=FACE_OUTER_BOUND('',#13026,.F.);
#13029=CARTESIAN_POINT('',(8.708613483921E0,6.698313125101E0,
-1.083884893395E1));
#13030=DIRECTION('',(3.144422335897E-1,9.490423071943E-1,-2.108982907413E-2));
#13031=DIRECTION('',(-9.492766097061E-1,3.143646222752E-1,-6.985880523423E-3));
#13032=AXIS2_PLACEMENT_3D('',#13029,#13030,#13031);
#13033=PLANE('',#13032);
#13034=ORIENTED_EDGE('',*,*,#12820,.F.);
#13035=ORIENTED_EDGE('',*,*,#13024,.F.);
#13036=ORIENTED_EDGE('',*,*,#12738,.F.);
#13038=ORIENTED_EDGE('',*,*,#13037,.T.);
#13039=EDGE_LOOP('',(#13034,#13035,#13036,#13038));
#13040=FACE_OUTER_BOUND('',#13039,.F.);
#13042=CARTESIAN_POINT('',(8.658774855625E0,6.709316537487E0,
-1.083909345423E1));
#13043=DIRECTION('',(1.098622503944E-1,9.937014943797E-1,-2.208225545189E-2));
#13044=DIRECTION('',(-9.939468224902E-1,1.098351339541E-1,-2.440780818914E-3));
#13045=AXIS2_PLACEMENT_3D('',#13042,#13043,#13044);
#13046=PLANE('',#13045);
#13047=ORIENTED_EDGE('',*,*,#12822,.T.);
#13048=ORIENTED_EDGE('',*,*,#13037,.F.);
#13049=ORIENTED_EDGE('',*,*,#12736,.F.);
#13051=ORIENTED_EDGE('',*,*,#13050,.T.);
#13052=EDGE_LOOP('',(#13047,#13048,#13049,#13051));
#13053=FACE_OUTER_BOUND('',#13052,.F.);
#13055=CARTESIAN_POINT('',(8.605518248378E0,6.708583449624E0,
-1.083907716338E1));
#13056=DIRECTION('',(-1.222494102547E-1,9.922544405743E-1,-2.205009870593E-2));
#13057=DIRECTION('',(-9.924994114318E-1,-1.222192363900E-1,2.715983037889E-3));
#13058=AXIS2_PLACEMENT_3D('',#13055,#13056,#13057);
#13059=PLANE('',#13058);
#13060=ORIENTED_EDGE('',*,*,#12824,.F.);
#13061=ORIENTED_EDGE('',*,*,#13050,.F.);
#13062=ORIENTED_EDGE('',*,*,#12734,.F.);
#13064=ORIENTED_EDGE('',*,*,#13063,.T.);
#13065=EDGE_LOOP('',(#13060,#13061,#13062,#13064));
#13066=FACE_OUTER_BOUND('',#13065,.F.);
#13068=CARTESIAN_POINT('',(8.553600447983E0,6.694647685585E0,
-1.083876747974E1));
#13069=DIRECTION('',(-4.049984173291E-1,9.140917119919E-1,-2.031314915781E-2));
#13070=DIRECTION('',(-9.143173857917E-1,-4.048984547413E-1,8.997743448717E-3));
#13071=AXIS2_PLACEMENT_3D('',#13068,#13069,#13070);
#13072=PLANE('',#13071);
#13073=ORIENTED_EDGE('',*,*,#12826,.F.);
#13074=ORIENTED_EDGE('',*,*,#13063,.F.);
#13075=ORIENTED_EDGE('',*,*,#12732,.F.);
#13077=ORIENTED_EDGE('',*,*,#13076,.T.);
#13078=EDGE_LOOP('',(#13073,#13074,#13075,#13077));
#13079=FACE_OUTER_BOUND('',#13078,.F.);
#13081=CARTESIAN_POINT('',(8.511122892750E0,6.666813994657E0,
-1.083814895327E1));
#13082=DIRECTION('',(-6.773917916322E-1,7.354408628312E-1,-1.634313028317E-2));
#13083=DIRECTION('',(-7.356224307546E-1,-6.772245963220E-1,1.504943544396E-2));
#13084=AXIS2_PLACEMENT_3D('',#13081,#13082,#13083);
#13085=PLANE('',#13084);
#13086=ORIENTED_EDGE('',*,*,#12828,.F.);
#13087=ORIENTED_EDGE('',*,*,#13076,.F.);
#13088=ORIENTED_EDGE('',*,*,#12730,.F.);
#13090=ORIENTED_EDGE('',*,*,#13089,.T.);
#13091=EDGE_LOOP('',(#13086,#13087,#13088,#13090));
#13092=FACE_OUTER_BOUND('',#13091,.F.);
#13094=CARTESIAN_POINT('',(8.479029370743E0,6.626908001854E0,
-1.083726215343E1));
#13095=DIRECTION('',(8.626366410183E-1,-5.056992567666E-1,1.123776127227E-2));
#13096=DIRECTION('',(-5.058241053693E-1,-8.624237231724E-1,1.916497160704E-2));
#13097=AXIS2_PLACEMENT_3D('',#13094,#13095,#13096);
#13098=PLANE('',#13097);
#13099=ORIENTED_EDGE('',*,*,#12830,.F.);
#13100=ORIENTED_EDGE('',*,*,#13089,.F.);
#13101=ORIENTED_EDGE('',*,*,#12728,.F.);
#13103=ORIENTED_EDGE('',*,*,#13102,.T.);
#13104=EDGE_LOOP('',(#13099,#13100,#13101,#13103));
#13105=FACE_OUTER_BOUND('',#13104,.F.);
#13107=CARTESIAN_POINT('',(8.459273688742E0,6.578514743308E0,
-1.083618674769E1));
#13108=DIRECTION('',(9.694558565586E-1,-2.452053231578E-1,5.449007186525E-3));
#13109=DIRECTION('',(-2.452658602094E-1,-9.692165733623E-1,2.153814605550E-2));
#13110=AXIS2_PLACEMENT_3D('',#13107,#13108,#13109);
#13111=PLANE('',#13110);
#13112=ORIENTED_EDGE('',*,*,#12832,.F.);
#13113=ORIENTED_EDGE('',*,*,#13102,.F.);
#13114=ORIENTED_EDGE('',*,*,#12726,.F.);
#13116=ORIENTED_EDGE('',*,*,#13115,.T.);
#13117=EDGE_LOOP('',(#13112,#13113,#13114,#13116));
#13118=FACE_OUTER_BOUND('',#13117,.F.);
#13120=CARTESIAN_POINT('',(8.452832749633E0,6.523417278195E0,
-1.083496235957E1));
#13121=DIRECTION('',(9.999933703158E-1,3.640436768120E-3,-8.089859483735E-5));
#13122=DIRECTION('',(3.641335530451E-3,-9.997465497836E-1,2.221659000262E-2));
#13123=AXIS2_PLACEMENT_3D('',#13120,#13121,#13122);
#13124=PLANE('',#13123);
#13125=ORIENTED_EDGE('',*,*,#12834,.T.);
#13126=ORIENTED_EDGE('',*,*,#13115,.F.);
#13127=ORIENTED_EDGE('',*,*,#12724,.F.);
#13129=ORIENTED_EDGE('',*,*,#13128,.T.);
#13130=EDGE_LOOP('',(#13125,#13126,#13127,#13129));
#13131=FACE_OUTER_BOUND('',#13130,.F.);
#13133=CARTESIAN_POINT('',(8.463141090482E0,6.445201532383E0,
-1.083322423188E1));
#13134=DIRECTION('',(9.790091092237E-1,2.037661896077E-1,-4.528137552280E-3));
#13135=DIRECTION('',(2.038164960373E-1,-9.787674680721E-1,2.175038819782E-2));
#13136=AXIS2_PLACEMENT_3D('',#13133,#13134,#13135);
#13137=PLANE('',#13136);
#13138=ORIENTED_EDGE('',*,*,#12836,.F.);
#13139=ORIENTED_EDGE('',*,*,#13128,.F.);
#13140=ORIENTED_EDGE('',*,*,#12722,.F.);
#13142=ORIENTED_EDGE('',*,*,#13141,.T.);
#13143=EDGE_LOOP('',(#13138,#13139,#13140,#13142));
#13144=FACE_OUTER_BOUND('',#13143,.F.);
#13146=CARTESIAN_POINT('',(8.492687094759E0,6.349989971961E0,
-1.083110841943E1));
#13147=DIRECTION('',(9.225019677464E-1,3.858971112251E-1,-8.575491368813E-3));
#13148=DIRECTION('',(3.859923827022E-1,-9.222742738113E-1,2.049498381923E-2));
#13149=AXIS2_PLACEMENT_3D('',#13146,#13147,#13148);
#13150=PLANE('',#13149);
#13151=ORIENTED_EDGE('',*,*,#12838,.F.);
#13152=ORIENTED_EDGE('',*,*,#13141,.F.);
#13153=ORIENTED_EDGE('',*,*,#12720,.F.);
#13155=ORIENTED_EDGE('',*,*,#13154,.T.);
#13156=EDGE_LOOP('',(#13151,#13152,#13153,#13155));
#13157=FACE_OUTER_BOUND('',#13156,.F.);
#13159=CARTESIAN_POINT('',(8.540465474004E0,6.260295488885E0,
-1.082911520870E1));
#13160=DIRECTION('',(8.369551794005E-1,5.471363600297E-1,-1.215858577698E-2));
#13161=DIRECTION('',(5.472714387529E-1,-8.367486003080E-1,1.859441335109E-2));
#13162=AXIS2_PLACEMENT_3D('',#13159,#13160,#13161);
#13163=PLANE('',#13162);
#13164=ORIENTED_EDGE('',*,*,#12840,.F.);
#13165=ORIENTED_EDGE('',*,*,#13154,.F.);
#13166=ORIENTED_EDGE('',*,*,#12718,.F.);
#13168=ORIENTED_EDGE('',*,*,#13167,.T.);
#13169=EDGE_LOOP('',(#13164,#13165,#13166,#13168));
#13170=FACE_OUTER_BOUND('',#13169,.F.);
#13172=CARTESIAN_POINT('',(8.604004402865E0,6.181656443821E0,
-1.082736767437E1));
#13173=DIRECTION('',(7.077966280051E-1,7.062419015091E-1,-1.569426447609E-2));
#13174=DIRECTION('',(7.064162607023E-1,-7.076219281054E-1,1.572493178877E-2));
#13175=AXIS2_PLACEMENT_3D('',#13172,#13173,#13174);
#13176=PLANE('',#13175);
#13177=ORIENTED_EDGE('',*,*,#12842,.F.);
#13178=ORIENTED_EDGE('',*,*,#13167,.F.);
#13179=ORIENTED_EDGE('',*,*,#12716,.F.);
#13180=ORIENTED_EDGE('',*,*,#12778,.T.);
#13181=EDGE_LOOP('',(#13177,#13178,#13179,#13180));
#13182=FACE_OUTER_BOUND('',#13181,.F.);
#13184=CARTESIAN_POINT('',(6.776953878051E0,6.098384756461E0,
-1.082551719243E1));
#13185=DIRECTION('',(2.642361754617E-1,9.642199554714E-1,-2.142711011903E-2));
#13186=DIRECTION('',(9.644580050875E-1,-2.641709561169E-1,5.870465649797E-3));
#13187=AXIS2_PLACEMENT_3D('',#13184,#13185,#13186);
#13188=PLANE('',#13187);
#13189=ORIENTED_EDGE('',*,*,#9519,.F.);
#13191=ORIENTED_EDGE('',*,*,#13190,.F.);
#13193=ORIENTED_EDGE('',*,*,#13192,.F.);
#13195=ORIENTED_EDGE('',*,*,#13194,.F.);
#13196=EDGE_LOOP('',(#13189,#13191,#13193,#13195));
#13197=FACE_OUTER_BOUND('',#13196,.F.);
#13199=CARTESIAN_POINT('',(6.721409945025E0,6.119050739878E0,
-1.082597643650E1));
#13200=DIRECTION('',(4.283863764496E-1,9.033726301820E-1,-2.007494733496E-2));
#13201=DIRECTION('',(9.035956576215E-1,-4.282806411948E-1,9.517347602231E-3));
#13202=AXIS2_PLACEMENT_3D('',#13199,#13200,#13201);
#13203=PLANE('',#13202);
#13204=ORIENTED_EDGE('',*,*,#9637,.F.);
#13206=ORIENTED_EDGE('',*,*,#13205,.F.);
#13208=ORIENTED_EDGE('',*,*,#13207,.F.);
#13209=ORIENTED_EDGE('',*,*,#13190,.T.);
#13210=EDGE_LOOP('',(#13204,#13206,#13208,#13209));
#13211=FACE_OUTER_BOUND('',#13210,.F.);
#13213=CARTESIAN_POINT('',(6.668978856516E0,6.150379604562E0,
-1.082667263349E1));
#13214=DIRECTION('',(5.903606303326E-1,8.069403752634E-1,-1.793200834135E-2));
#13215=DIRECTION('',(8.071395952085E-1,-5.902149162417E-1,1.311588702579E-2));
#13216=AXIS2_PLACEMENT_3D('',#13213,#13214,#13215);
#13217=PLANE('',#13216);
#13218=ORIENTED_EDGE('',*,*,#9635,.F.);
#13220=ORIENTED_EDGE('',*,*,#13219,.F.);
#13222=ORIENTED_EDGE('',*,*,#13221,.F.);
#13223=ORIENTED_EDGE('',*,*,#13205,.T.);
#13224=EDGE_LOOP('',(#13218,#13220,#13222,#13223));
#13225=FACE_OUTER_BOUND('',#13224,.F.);
#13227=CARTESIAN_POINT('',(6.621602592452E0,6.192832486512E0,
-1.082761603087E1));
#13228=DIRECTION('',(7.348034448565E-1,6.781126879197E-1,-1.506917082454E-2));
#13229=DIRECTION('',(6.782801024850E-1,-7.346220790774E-1,1.632493506887E-2));
#13230=AXIS2_PLACEMENT_3D('',#13227,#13228,#13229);
#13231=PLANE('',#13230);
#13232=ORIENTED_EDGE('',*,*,#9633,.F.);
#13234=ORIENTED_EDGE('',*,*,#13233,.F.);
#13236=ORIENTED_EDGE('',*,*,#13235,.F.);
#13237=ORIENTED_EDGE('',*,*,#13219,.T.);
#13238=EDGE_LOOP('',(#13232,#13234,#13236,#13237));
#13239=FACE_OUTER_BOUND('',#13238,.F.);
#13241=CARTESIAN_POINT('',(6.580168171365E0,6.246593840167E0,
-1.082881072762E1));
#13242=DIRECTION('',(8.395468585656E-1,5.431531880256E-1,-1.207007084646E-2));
#13243=DIRECTION('',(5.432872833709E-1,-8.393396397895E-1,1.865199199846E-2));
#13244=AXIS2_PLACEMENT_3D('',#13241,#13242,#13243);
#13245=PLANE('',#13244);
#13246=ORIENTED_EDGE('',*,*,#9631,.F.);
#13248=ORIENTED_EDGE('',*,*,#13247,.F.);
#13250=ORIENTED_EDGE('',*,*,#13249,.F.);
#13251=ORIENTED_EDGE('',*,*,#13233,.T.);
#13252=EDGE_LOOP('',(#13246,#13248,#13250,#13251));
#13253=FACE_OUTER_BOUND('',#13252,.F.);
#13255=CARTESIAN_POINT('',(6.545432516008E0,6.309795473667E0,
-1.083021520836E1));
#13256=DIRECTION('',(9.075311587559E-1,4.198810951837E-1,-9.330691002957E-3));
#13257=DIRECTION('',(4.199847567320E-1,-9.073071599476E-1,2.016238132202E-2));
#13258=AXIS2_PLACEMENT_3D('',#13255,#13256,#13257);
#13259=PLANE('',#13258);
#13260=ORIENTED_EDGE('',*,*,#9629,.F.);
#13262=ORIENTED_EDGE('',*,*,#13261,.F.);
#13264=ORIENTED_EDGE('',*,*,#13263,.F.);
#13265=ORIENTED_EDGE('',*,*,#13247,.T.);
#13266=EDGE_LOOP('',(#13260,#13262,#13264,#13265));
#13267=FACE_OUTER_BOUND('',#13266,.F.);
#13269=CARTESIAN_POINT('',(6.518937856455E0,6.378760123565E0,
-1.083174775614E1));
#13270=DIRECTION('',(9.552032251684E-1,2.958776220616E-1,-6.575058260128E-3));
#13271=DIRECTION('',(2.959506692473E-1,-9.549674598367E-1,2.122149912428E-2));
#13272=AXIS2_PLACEMENT_3D('',#13269,#13270,#13271);
#13273=PLANE('',#13272);
#13274=ORIENTED_EDGE('',*,*,#9627,.F.);
#13276=ORIENTED_EDGE('',*,*,#13275,.F.);
#13278=ORIENTED_EDGE('',*,*,#13277,.F.);
#13279=ORIENTED_EDGE('',*,*,#13261,.T.);
#13280=EDGE_LOOP('',(#13274,#13276,#13278,#13279));
#13281=FACE_OUTER_BOUND('',#13280,.F.);
#13283=CARTESIAN_POINT('',(6.501424557752E0,6.451704731083E0,
-1.083336874742E1));
#13284=DIRECTION('',(9.852112982465E-1,1.713015085780E-1,-3.806700186049E-3));
#13285=DIRECTION('',(1.713438000262E-1,-9.849681262567E-1,2.188818062024E-2));
#13286=AXIS2_PLACEMENT_3D('',#13283,#13284,#13285);
#13287=PLANE('',#13286);
#13288=ORIENTED_EDGE('',*,*,#9625,.F.);
#13290=ORIENTED_EDGE('',*,*,#13289,.F.);
#13292=ORIENTED_EDGE('',*,*,#13291,.F.);
#13293=ORIENTED_EDGE('',*,*,#13275,.T.);
#13294=EDGE_LOOP('',(#13288,#13290,#13292,#13293));
#13295=FACE_OUTER_BOUND('',#13294,.F.);
#13297=CARTESIAN_POINT('',(6.493919196327E0,6.523771997992E0,
-1.083497024224E1));
#13298=DIRECTION('',(9.995923093877E-1,2.854492312805E-2,-6.343316243055E-4));
#13299=DIRECTION('',(2.855197038728E-2,-9.993455878459E-1,2.220767974922E-2));
#13300=AXIS2_PLACEMENT_3D('',#13297,#13298,#13299);
#13301=PLANE('',#13300);
#13302=ORIENTED_EDGE('',*,*,#9623,.T.);
#13304=ORIENTED_EDGE('',*,*,#13303,.F.);
#13306=ORIENTED_EDGE('',*,*,#13305,.T.);
#13307=ORIENTED_EDGE('',*,*,#13289,.T.);
#13308=EDGE_LOOP('',(#13302,#13304,#13306,#13307));
#13309=FACE_OUTER_BOUND('',#13308,.F.);
#13311=CARTESIAN_POINT('',(6.498403963324E0,6.586372972443E0,
-1.083636137500E1));
#13312=DIRECTION('',(9.814259233064E-1,-1.917941386859E-1,4.262091974896E-3));
#13313=DIRECTION('',(-1.918414894184E-1,-9.811836856323E-1,2.180408188333E-2));
#13314=AXIS2_PLACEMENT_3D('',#13311,#13312,#13313);
#13315=PLANE('',#13314);
#13316=ORIENTED_EDGE('',*,*,#9621,.F.);
#13318=ORIENTED_EDGE('',*,*,#13317,.F.);
#13320=ORIENTED_EDGE('',*,*,#13319,.F.);
#13321=ORIENTED_EDGE('',*,*,#13303,.T.);
#13322=EDGE_LOOP('',(#13316,#13318,#13320,#13321));
#13323=FACE_OUTER_BOUND('',#13322,.F.);
#13325=CARTESIAN_POINT('',(6.515810819755E0,6.635771270919E0,
-1.083745911497E1));
#13326=DIRECTION('',(8.734735882039E-1,-4.867513634053E-1,1.081669696587E-2));
#13327=DIRECTION('',(-4.868715340931E-1,-8.732579955587E-1,1.940573323926E-2));
#13328=AXIS2_PLACEMENT_3D('',#13325,#13326,#13327);
#13329=PLANE('',#13328);
#13330=ORIENTED_EDGE('',*,*,#9619,.F.);
#13332=ORIENTED_EDGE('',*,*,#13331,.F.);
#13334=ORIENTED_EDGE('',*,*,#13333,.F.);
#13335=ORIENTED_EDGE('',*,*,#13317,.T.);
#13336=EDGE_LOOP('',(#13330,#13332,#13334,#13335));
#13337=FACE_OUTER_BOUND('',#13336,.F.);
#13339=CARTESIAN_POINT('',(6.545905592703E0,6.672264857898E0,
-1.083827008357E1));
#13340=DIRECTION('',(-6.391591818294E-1,7.688846452915E-1,-1.708632547144E-2));
#13341=DIRECTION('',(-7.690744699203E-1,-6.390014231746E-1,1.420003161006E-2));
#13342=AXIS2_PLACEMENT_3D('',#13339,#13340,#13341);
#13343=PLANE('',#13342);
#13344=ORIENTED_EDGE('',*,*,#9617,.F.);
#13346=ORIENTED_EDGE('',*,*,#13345,.F.);
#13348=ORIENTED_EDGE('',*,*,#13347,.F.);
#13349=ORIENTED_EDGE('',*,*,#13331,.T.);
#13350=EDGE_LOOP('',(#13344,#13346,#13348,#13349));
#13351=FACE_OUTER_BOUND('',#13350,.F.);
#13353=CARTESIAN_POINT('',(6.588236494044E0,6.696390543072E0,
-1.083880620990E1));
#13354=DIRECTION('',(-3.502593615964E-1,9.364215662897E-1,-2.080936811975E-2));
#13355=DIRECTION('',(-9.366527529528E-1,-3.501729098219E-1,7.781620191110E-3));
#13356=AXIS2_PLACEMENT_3D('',#13353,#13354,#13355);
#13357=PLANE('',#13356);
#13358=ORIENTED_EDGE('',*,*,#9615,.F.);
#13360=ORIENTED_EDGE('',*,*,#13359,.F.);
#13362=ORIENTED_EDGE('',*,*,#13361,.F.);
#13363=ORIENTED_EDGE('',*,*,#13345,.T.);
#13364=EDGE_LOOP('',(#13358,#13360,#13362,#13363));
#13365=FACE_OUTER_BOUND('',#13364,.F.);
#13367=CARTESIAN_POINT('',(6.642600100757E0,6.708432102438E0,
-1.083907380011E1));
#13368=DIRECTION('',(-9.907920776628E-2,9.948339421868E-1,-2.210742095872E-2));
#13369=DIRECTION('',(-9.950795498795E-1,-9.905475282148E-2,2.201216724730E-3));
#13370=AXIS2_PLACEMENT_3D('',#13367,#13368,#13369);
#13371=PLANE('',#13370);
#13372=ORIENTED_EDGE('',*,*,#9613,.T.);
#13374=ORIENTED_EDGE('',*,*,#13373,.F.);
#13376=ORIENTED_EDGE('',*,*,#13375,.T.);
#13377=ORIENTED_EDGE('',*,*,#13359,.T.);
#13378=EDGE_LOOP('',(#13372,#13374,#13376,#13377));
#13379=FACE_OUTER_BOUND('',#13378,.F.);
#13381=CARTESIAN_POINT('',(6.692883421188E0,6.710494207721E0,
-1.083911962467E1));
#13382=DIRECTION('',(4.692810052929E-2,9.986517195487E-1,-2.219226043174E-2));
#13383=DIRECTION('',(-9.988982697856E-1,4.691651763471E-2,-1.042589237934E-3));
#13384=AXIS2_PLACEMENT_3D('',#13381,#13382,#13383);
#13385=PLANE('',#13384);
#13386=ORIENTED_EDGE('',*,*,#9611,.T.);
#13388=ORIENTED_EDGE('',*,*,#13387,.F.);
#13390=ORIENTED_EDGE('',*,*,#13389,.T.);
#13391=ORIENTED_EDGE('',*,*,#13373,.T.);
#13392=EDGE_LOOP('',(#13386,#13388,#13390,#13391));
#13393=FACE_OUTER_BOUND('',#13392,.F.);
#13395=CARTESIAN_POINT('',(6.733636611897E0,6.706722352406E0,
-1.083903580567E1));
#13396=DIRECTION('',(1.356395288063E-1,9.905137130786E-1,-2.201141586738E-2));
#13397=DIRECTION('',(-9.907582541797E-1,1.356060499640E-1,-3.013467760975E-3));
#13398=AXIS2_PLACEMENT_3D('',#13395,#13396,#13397);
#13399=PLANE('',#13398);
#13400=ORIENTED_EDGE('',*,*,#9609,.T.);
#13402=ORIENTED_EDGE('',*,*,#13401,.F.);
#13404=ORIENTED_EDGE('',*,*,#13403,.T.);
#13405=ORIENTED_EDGE('',*,*,#13387,.T.);
#13406=EDGE_LOOP('',(#13400,#13402,#13404,#13405));
#13407=FACE_OUTER_BOUND('',#13406,.F.);
#13409=CARTESIAN_POINT('',(6.775567763387E0,6.699183371270E0,
-1.083886827276E1));
#13410=DIRECTION('',(2.163095389420E-1,9.760838563488E-1,-2.169075236071E-2));
#13411=DIRECTION('',(-9.763248349616E-1,2.162561489530E-1,-4.805692177912E-3));
#13412=AXIS2_PLACEMENT_3D('',#13409,#13410,#13411);
#13413=PLANE('',#13412);
#13414=ORIENTED_EDGE('',*,*,#9607,.F.);
#13416=ORIENTED_EDGE('',*,*,#13415,.F.);
#13418=ORIENTED_EDGE('',*,*,#13417,.F.);
#13419=ORIENTED_EDGE('',*,*,#13401,.T.);
#13420=EDGE_LOOP('',(#13414,#13416,#13418,#13419));
#13421=FACE_OUTER_BOUND('',#13420,.F.);
#13423=CARTESIAN_POINT('',(6.817401934328E0,6.688539408376E0,
-1.083863174024E1));
#13424=DIRECTION('',(2.772450064105E-1,9.605621074101E-1,-2.134582461169E-2));
#13425=DIRECTION('',(-9.607992539654E-1,2.771765761977E-1,-6.159479434428E-3));
#13426=AXIS2_PLACEMENT_3D('',#13423,#13424,#13425);
#13427=PLANE('',#13426);
#13428=ORIENTED_EDGE('',*,*,#9605,.F.);
#13430=ORIENTED_EDGE('',*,*,#13429,.F.);
#13432=ORIENTED_EDGE('',*,*,#13431,.F.);
#13433=ORIENTED_EDGE('',*,*,#13415,.T.);
#13434=EDGE_LOOP('',(#13428,#13430,#13432,#13433));
#13435=FACE_OUTER_BOUND('',#13434,.F.);
#13437=CARTESIAN_POINT('',(6.856716971903E0,6.675901919452E0,
-1.083835090716E1));
#13438=DIRECTION('',(3.367878917561E-1,9.413481384620E-1,-2.091884749624E-2));
#13439=DIRECTION('',(-9.415805414124E-1,3.367047650379E-1,-7.482328132062E-3));
#13440=AXIS2_PLACEMENT_3D('',#13437,#13438,#13439);
#13441=PLANE('',#13440);
#13442=ORIENTED_EDGE('',*,*,#9603,.F.);
#13444=ORIENTED_EDGE('',*,*,#13443,.F.);
#13446=ORIENTED_EDGE('',*,*,#13445,.F.);
#13447=ORIENTED_EDGE('',*,*,#13429,.T.);
#13448=EDGE_LOOP('',(#13442,#13444,#13446,#13447));
#13449=FACE_OUTER_BOUND('',#13448,.F.);
#13451=CARTESIAN_POINT('',(6.892360934367E0,6.661724946056E0,
-1.083803586330E1));
#13452=DIRECTION('',(4.045698486925E-1,9.142813802370E-1,-2.031736402480E-2));
#13453=DIRECTION('',(-9.145071008630E-1,4.044699918848E-1,-8.988222059955E-3));
#13454=AXIS2_PLACEMENT_3D('',#13451,#13452,#13453);
#13455=PLANE('',#13454);
#13456=ORIENTED_EDGE('',*,*,#9601,.F.);
#13458=ORIENTED_EDGE('',*,*,#13457,.F.);
#13460=ORIENTED_EDGE('',*,*,#13459,.F.);
#13461=ORIENTED_EDGE('',*,*,#13443,.T.);
#13462=EDGE_LOOP('',(#13456,#13458,#13460,#13461));
#13463=FACE_OUTER_BOUND('',#13462,.F.);
#13465=CARTESIAN_POINT('',(6.930526395526E0,6.587422943558E0,
-1.083638470769E1));
#13466=DIRECTION('',(9.529240086774E-1,3.031343855181E-1,-6.736319670084E-3));
#13467=DIRECTION('',(-3.032092242761E-1,9.526888059071E-1,-2.117086236252E-2));
#13468=AXIS2_PLACEMENT_3D('',#13465,#13466,#13467);
#13469=PLANE('',#13468);
#13470=ORIENTED_EDGE('',*,*,#9599,.F.);
#13472=ORIENTED_EDGE('',*,*,#13471,.F.);
#13474=ORIENTED_EDGE('',*,*,#13473,.F.);
#13475=ORIENTED_EDGE('',*,*,#13457,.T.);
#13476=EDGE_LOOP('',(#13470,#13472,#13474,#13475));
#13477=FACE_OUTER_BOUND('',#13476,.F.);
#13479=CARTESIAN_POINT('',(6.836963655030E0,6.520593707689E0,
-1.083489961356E1));
#13480=DIRECTION('',(0.E0,9.997531778322E-1,-2.221673725846E-2));
#13481=DIRECTION('',(1.E0,0.E0,0.E0));
#13482=AXIS2_PLACEMENT_3D('',#13479,#13480,#13481);
#13483=PLANE('',#13482);
#13484=ORIENTED_EDGE('',*,*,#9597,.T.);
#13486=ORIENTED_EDGE('',*,*,#13485,.F.);
#13488=ORIENTED_EDGE('',*,*,#13487,.T.);
#13489=ORIENTED_EDGE('',*,*,#13471,.T.);
#13490=EDGE_LOOP('',(#13484,#13486,#13488,#13489));
#13491=FACE_OUTER_BOUND('',#13490,.F.);
#13493=CARTESIAN_POINT('',(6.746213355481E0,6.445385986822E0,
-1.083322833087E1));
#13494=DIRECTION('',(9.523890220820E-1,3.048102188197E-1,-6.773560424736E-3));
#13495=DIRECTION('',(-3.048854713130E-1,9.521539513586E-1,-2.115897668701E-2));
#13496=AXIS2_PLACEMENT_3D('',#13493,#13494,#13495);
#13497=PLANE('',#13496);
#13498=ORIENTED_EDGE('',*,*,#9595,.F.);
#13500=ORIENTED_EDGE('',*,*,#13499,.F.);
#13502=ORIENTED_EDGE('',*,*,#13501,.F.);
#13503=ORIENTED_EDGE('',*,*,#13485,.T.);
#13504=EDGE_LOOP('',(#13498,#13500,#13502,#13503));
#13505=FACE_OUTER_BOUND('',#13504,.F.);
#13507=CARTESIAN_POINT('',(6.971679336086E0,6.370178265955E0,
-1.083155704819E1));
#13508=DIRECTION('',(0.E0,9.997531778322E-1,-2.221673725846E-2));
#13509=DIRECTION('',(-1.E0,0.E0,0.E0));
#13510=AXIS2_PLACEMENT_3D('',#13507,#13508,#13509);
#13511=PLANE('',#13510);
#13512=ORIENTED_EDGE('',*,*,#9593,.T.);
#13514=ORIENTED_EDGE('',*,*,#13513,.F.);
#13516=ORIENTED_EDGE('',*,*,#13515,.T.);
#13517=ORIENTED_EDGE('',*,*,#13499,.T.);
#13518=EDGE_LOOP('',(#13512,#13514,#13516,#13517));
#13519=FACE_OUTER_BOUND('',#13518,.F.);
#13521=CARTESIAN_POINT('',(7.111014610778E0,6.563226314385E0,
-1.083584700482E1));
#13522=DIRECTION('',(9.520540401067E-1,3.058543913570E-1,-6.796764244209E-3));
#13523=DIRECTION('',(3.059299016385E-1,-9.518190520640E-1,2.115153449568E-2));
#13524=AXIS2_PLACEMENT_3D('',#13521,#13522,#13523);
#13525=PLANE('',#13524);
#13526=ORIENTED_EDGE('',*,*,#9591,.F.);
#13528=ORIENTED_EDGE('',*,*,#13527,.F.);
#13530=ORIENTED_EDGE('',*,*,#13529,.F.);
#13531=ORIENTED_EDGE('',*,*,#13513,.T.);
#13532=EDGE_LOOP('',(#13526,#13528,#13530,#13531));
#13533=FACE_OUTER_BOUND('',#13532,.F.);
#13535=CARTESIAN_POINT('',(7.021787618059E0,6.770796596822E0,
-1.084045967776E1));
#13536=DIRECTION('',(4.713649150850E-1,8.817205907684E-1,-1.959379090360E-2));
#13537=DIRECTION('',(8.819382726852E-1,-4.712485717742E-1,1.047219049761E-2));
#13538=AXIS2_PLACEMENT_3D('',#13535,#13536,#13537);
#13539=PLANE('',#13538);
#13540=ORIENTED_EDGE('',*,*,#9589,.F.);
#13542=ORIENTED_EDGE('',*,*,#13541,.F.);
#13544=ORIENTED_EDGE('',*,*,#13543,.F.);
#13545=ORIENTED_EDGE('',*,*,#13527,.T.);
#13546=EDGE_LOOP('',(#13540,#13542,#13544,#13545));
#13547=FACE_OUTER_BOUND('',#13546,.F.);
#13549=CARTESIAN_POINT('',(6.964036782292E0,6.798308675006E0,
-1.084107105728E1));
#13550=DIRECTION('',(3.911331040976E-1,9.201069624642E-1,-2.044682136350E-2));
#13551=DIRECTION('',(9.203341213271E-1,-3.910365637755E-1,8.689701469312E-3));
#13552=AXIS2_PLACEMENT_3D('',#13549,#13550,#13551);
#13553=PLANE('',#13552);
#13554=ORIENTED_EDGE('',*,*,#9587,.F.);
#13556=ORIENTED_EDGE('',*,*,#13555,.F.);
#13558=ORIENTED_EDGE('',*,*,#13557,.F.);
#13559=ORIENTED_EDGE('',*,*,#13541,.T.);
#13560=EDGE_LOOP('',(#13554,#13556,#13558,#13559));
#13561=FACE_OUTER_BOUND('',#13560,.F.);
#13563=CARTESIAN_POINT('',(6.899494930707E0,6.822748878685E0,
-1.084161417292E1));
#13564=DIRECTION('',(3.194920736592E-1,9.473550623029E-1,-2.105233473811E-2));
#13565=DIRECTION('',(9.475889482623E-1,-3.194132159328E-1,7.098071466940E-3));
#13566=AXIS2_PLACEMENT_3D('',#13563,#13564,#13565);
#13567=PLANE('',#13566);
#13568=ORIENTED_EDGE('',*,*,#9585,.F.);
#13570=ORIENTED_EDGE('',*,*,#13569,.F.);
#13572=ORIENTED_EDGE('',*,*,#13571,.F.);
#13573=ORIENTED_EDGE('',*,*,#13555,.T.);
#13574=EDGE_LOOP('',(#13568,#13570,#13572,#13573));
#13575=FACE_OUTER_BOUND('',#13574,.F.);
#13577=CARTESIAN_POINT('',(6.829860408586E0,6.843031764544E0,
-1.084206490371E1));
#13578=DIRECTION('',(2.404447302994E-1,9.704232499918E-1,-2.156496108499E-2));
#13579=DIRECTION('',(9.706628310960E-1,-2.403853832088E-1,5.341897444579E-3));
#13580=AXIS2_PLACEMENT_3D('',#13577,#13578,#13579);
#13581=PLANE('',#13580);
#13582=ORIENTED_EDGE('',*,*,#9583,.F.);
#13584=ORIENTED_EDGE('',*,*,#13583,.F.);
#13586=ORIENTED_EDGE('',*,*,#13585,.F.);
#13587=ORIENTED_EDGE('',*,*,#13569,.T.);
#13588=EDGE_LOOP('',(#13582,#13584,#13586,#13587));
#13589=FACE_OUTER_BOUND('',#13588,.F.);
#13591=CARTESIAN_POINT('',(6.758480233569E0,6.857177995634E0,
-1.084237926440E1));
#13592=DIRECTION('',(1.471967669966E-1,9.888630960789E-1,-2.197473547105E-2));
#13593=DIRECTION('',(9.891072296701E-1,-1.471604355720E-1,3.270231874582E-3));
#13594=AXIS2_PLACEMENT_3D('',#13591,#13592,#13593);
#13595=PLANE('',#13594);
#13596=ORIENTED_EDGE('',*,*,#9581,.F.);
#13598=ORIENTED_EDGE('',*,*,#13597,.F.);
#13600=ORIENTED_EDGE('',*,*,#13599,.F.);
#13601=ORIENTED_EDGE('',*,*,#13583,.T.);
#13602=EDGE_LOOP('',(#13596,#13598,#13600,#13601));
#13603=FACE_OUTER_BOUND('',#13602,.F.);
#13605=CARTESIAN_POINT('',(6.686977058769E0,6.864267664706E0,
-1.084253681261E1));
#13606=DIRECTION('',(4.957544597231E-2,9.985238629269E-1,-2.218941914949E-2));
#13607=DIRECTION('',(9.987703815976E-1,-4.956320965312E-2,1.101404664255E-3));
#13608=AXIS2_PLACEMENT_3D('',#13605,#13606,#13607);
#13609=PLANE('',#13608);
#13610=ORIENTED_EDGE('',*,*,#9579,.T.);
#13612=ORIENTED_EDGE('',*,*,#13611,.F.);
#13614=ORIENTED_EDGE('',*,*,#13613,.T.);
#13615=ORIENTED_EDGE('',*,*,#13597,.T.);
#13616=EDGE_LOOP('',(#13610,#13612,#13614,#13615));
#13617=FACE_OUTER_BOUND('',#13616,.F.);
#13619=CARTESIAN_POINT('',(6.600347257124E0,6.861853204371E0,
-1.084248315793E1));
#13620=DIRECTION('',(-8.216286625550E-2,9.963729281970E-1,-2.214162064789E-2));
#13621=DIRECTION('',(9.966189158393E-1,8.214258663826E-2,-1.825390833266E-3));
#13622=AXIS2_PLACEMENT_3D('',#13619,#13620,#13621);
#13623=PLANE('',#13622);
#13624=ORIENTED_EDGE('',*,*,#9577,.F.);
#13626=ORIENTED_EDGE('',*,*,#13625,.F.);
#13628=ORIENTED_EDGE('',*,*,#13627,.F.);
#13629=ORIENTED_EDGE('',*,*,#13611,.T.);
#13630=EDGE_LOOP('',(#13624,#13626,#13628,#13629));
#13631=FACE_OUTER_BOUND('',#13630,.F.);
#13633=CARTESIAN_POINT('',(6.508232131286E0,6.845093869827E0,
-1.084211072828E1));
#13634=DIRECTION('',(-2.913841274727E-1,9.563700196049E-1,-2.125266707679E-2));
#13635=DIRECTION('',(9.566061312040E-1,2.913122074107E-1,-6.473604601536E-3));
#13636=AXIS2_PLACEMENT_3D('',#13633,#13634,#13635);
#13637=PLANE('',#13636);
#13638=ORIENTED_EDGE('',*,*,#9575,.F.);
#13640=ORIENTED_EDGE('',*,*,#13639,.F.);
#13642=ORIENTED_EDGE('',*,*,#13641,.F.);
#13643=ORIENTED_EDGE('',*,*,#13625,.T.);
#13644=EDGE_LOOP('',(#13638,#13640,#13642,#13643));
#13645=FACE_OUTER_BOUND('',#13644,.F.);
#13647=CARTESIAN_POINT('',(6.435226937825E0,6.811577565487E0,
-1.084136592151E1));
#13648=DIRECTION('',(-5.510198487019E-1,8.342861656147E-1,-1.853969256700E-2));
#13649=DIRECTION('',(8.344921367733E-1,5.508838447880E-1,-1.224186321963E-2));
#13650=AXIS2_PLACEMENT_3D('',#13647,#13648,#13649);
#13651=PLANE('',#13650);
#13652=ORIENTED_EDGE('',*,*,#9573,.F.);
#13654=ORIENTED_EDGE('',*,*,#13653,.F.);
#13656=ORIENTED_EDGE('',*,*,#13655,.F.);
#13657=ORIENTED_EDGE('',*,*,#13639,.T.);
#13658=EDGE_LOOP('',(#13652,#13654,#13656,#13657));
#13659=FACE_OUTER_BOUND('',#13658,.F.);
#13661=CARTESIAN_POINT('',(6.374171661371E0,6.751109640521E0,
-1.084002218985E1));
#13662=DIRECTION('',(8.031492126242E-1,-5.956308791233E-1,1.323624175988E-2));
#13663=DIRECTION('',(5.957779303239E-1,8.029509775940E-1,-1.784335506049E-2));
#13664=AXIS2_PLACEMENT_3D('',#13661,#13662,#13663);
#13665=PLANE('',#13664);
#13666=ORIENTED_EDGE('',*,*,#9571,.F.);
#13668=ORIENTED_EDGE('',*,*,#13667,.F.);
#13670=ORIENTED_EDGE('',*,*,#13669,.F.);
#13671=ORIENTED_EDGE('',*,*,#13653,.T.);
#13672=EDGE_LOOP('',(#13666,#13668,#13670,#13671));
#13673=FACE_OUTER_BOUND('',#13672,.F.);
#13675=CARTESIAN_POINT('',(6.330123491698E0,6.661753323817E0,
-1.083803649392E1));
#13676=DIRECTION('',(9.590351312383E-1,-2.832172420309E-1,6.293716488816E-3));
#13677=DIRECTION('',(2.832871635828E-1,9.587984201074E-1,-2.130663156659E-2));
#13678=AXIS2_PLACEMENT_3D('',#13675,#13676,#13677);
#13679=PLANE('',#13678);
#13680=ORIENTED_EDGE('',*,*,#9569,.F.);
#13682=ORIENTED_EDGE('',*,*,#13681,.F.);
#13684=ORIENTED_EDGE('',*,*,#13683,.F.);
#13685=ORIENTED_EDGE('',*,*,#13667,.T.);
#13686=EDGE_LOOP('',(#13680,#13682,#13684,#13685));
#13687=FACE_OUTER_BOUND('',#13686,.F.);
#13689=CARTESIAN_POINT('',(6.315323287861E0,6.551797238001E0,
-1.083559302535E1));
#13690=DIRECTION('',(9.999992078366E-1,-1.258389497138E-3,2.796421107440E-5));
#13691=DIRECTION('',(1.258700172244E-3,9.997523858632E-1,-2.221671971202E-2));
#13692=AXIS2_PLACEMENT_3D('',#13689,#13690,#13691);
#13693=PLANE('',#13692);
#13694=ORIENTED_EDGE('',*,*,#9567,.T.);
#13696=ORIENTED_EDGE('',*,*,#13695,.F.);
#13698=ORIENTED_EDGE('',*,*,#13697,.T.);
#13699=ORIENTED_EDGE('',*,*,#13681,.T.);
#13700=EDGE_LOOP('',(#13694,#13696,#13698,#13699));
#13701=FACE_OUTER_BOUND('',#13700,.F.);
#13703=CARTESIAN_POINT('',(6.322956380134E0,6.448516981393E0,
-1.083329790853E1));
#13704=DIRECTION('',(9.844285758192E-1,1.757416490075E-1,-3.905369978413E-3));
#13705=DIRECTION('',(-1.757850366514E-1,9.841855970238E-1,-2.187079103139E-2));
#13706=AXIS2_PLACEMENT_3D('',#13703,#13704,#13705);
#13707=PLANE('',#13706);
#13708=ORIENTED_EDGE('',*,*,#9565,.F.);
#13710=ORIENTED_EDGE('',*,*,#13709,.F.);
#13712=ORIENTED_EDGE('',*,*,#13711,.F.);
#13713=ORIENTED_EDGE('',*,*,#13695,.T.);
#13714=EDGE_LOOP('',(#13708,#13710,#13712,#13713));
#13715=FACE_OUTER_BOUND('',#13714,.F.);
#13717=CARTESIAN_POINT('',(6.344027215486E0,6.363431492748E0,
-1.083140711990E1));
#13718=DIRECTION('',(9.528021833535E-1,3.035168970598E-1,-6.744819935470E-3));
#13719=DIRECTION('',(-3.035918302536E-1,9.525670106529E-1,-2.116815577749E-2));
#13720=AXIS2_PLACEMENT_3D('',#13717,#13718,#13719);
#13721=PLANE('',#13720);
#13722=ORIENTED_EDGE('',*,*,#9563,.F.);
#13724=ORIENTED_EDGE('',*,*,#13723,.F.);
#13726=ORIENTED_EDGE('',*,*,#13725,.F.);
#13727=ORIENTED_EDGE('',*,*,#13709,.T.);
#13728=EDGE_LOOP('',(#13722,#13724,#13726,#13727));
#13729=FACE_OUTER_BOUND('',#13728,.F.);
#13731=CARTESIAN_POINT('',(6.376409314211E0,6.280791206743E0,
-1.082957066910E1));
#13732=DIRECTION('',(9.060540321764E-1,4.230575690422E-1,-9.401279323340E-3));
#13733=DIRECTION('',(-4.231620148085E-1,9.058303979551E-1,-2.012956441723E-2));
#13734=AXIS2_PLACEMENT_3D('',#13731,#13732,#13733);
#13735=PLANE('',#13734);
#13736=ORIENTED_EDGE('',*,*,#9561,.F.);
#13738=ORIENTED_EDGE('',*,*,#13737,.F.);
#13740=ORIENTED_EDGE('',*,*,#13739,.F.);
#13741=ORIENTED_EDGE('',*,*,#13723,.T.);
#13742=EDGE_LOOP('',(#13736,#13738,#13740,#13741));
#13743=FACE_OUTER_BOUND('',#13742,.F.);
#13745=CARTESIAN_POINT('',(6.424268116494E0,6.195414847659E0,
-1.082767341667E1));
#13746=DIRECTION('',(8.401449540183E-1,5.422280567153E-1,-1.204951237E-2));
#13747=DIRECTION('',(-5.423619236613E-1,8.399375876191E-1,-1.866527971953E-2));
#13748=AXIS2_PLACEMENT_3D('',#13745,#13746,#13747);
#13749=PLANE('',#13748);
#13750=ORIENTED_EDGE('',*,*,#9559,.F.);
#13752=ORIENTED_EDGE('',*,*,#13751,.F.);
#13754=ORIENTED_EDGE('',*,*,#13753,.F.);
#13755=ORIENTED_EDGE('',*,*,#13737,.T.);
#13756=EDGE_LOOP('',(#13750,#13752,#13754,#13755));
#13757=FACE_OUTER_BOUND('',#13756,.F.);
#13759=CARTESIAN_POINT('',(6.486955507582E0,6.113332654466E0,
-1.082584936793E1));
#13760=DIRECTION('',(7.416978786187E-1,6.705685658040E-1,-1.490152368274E-2));
#13761=DIRECTION('',(-6.707341178533E-1,7.415148111393E-1,-1.647810694542E-2));
#13762=AXIS2_PLACEMENT_3D('',#13759,#13760,#13761);
#13763=PLANE('',#13762);
#13764=ORIENTED_EDGE('',*,*,#9557,.F.);
#13766=ORIENTED_EDGE('',*,*,#13765,.F.);
#13768=ORIENTED_EDGE('',*,*,#13767,.F.);
#13769=ORIENTED_EDGE('',*,*,#13751,.T.);
#13770=EDGE_LOOP('',(#13764,#13766,#13768,#13769));
#13771=FACE_OUTER_BOUND('',#13770,.F.);
#13773=CARTESIAN_POINT('',(6.559688681835E0,6.045704116227E0,
-1.082434651153E1));
#13774=DIRECTION('',(6.135847324645E-1,7.894339871240E-1,-1.754297750851E-2));
#13775=DIRECTION('',(-7.896288850380E-1,6.134332861493E-1,-1.363185085128E-2));
#13776=AXIS2_PLACEMENT_3D('',#13773,#13774,#13775);
#13777=PLANE('',#13776);
#13778=ORIENTED_EDGE('',*,*,#9555,.F.);
#13780=ORIENTED_EDGE('',*,*,#13779,.F.);
#13782=ORIENTED_EDGE('',*,*,#13781,.F.);
#13783=ORIENTED_EDGE('',*,*,#13765,.T.);
#13784=EDGE_LOOP('',(#13778,#13780,#13782,#13783));
#13785=FACE_OUTER_BOUND('',#13784,.F.);
#13787=CARTESIAN_POINT('',(6.641758024308E0,5.993321440874E0,
-1.082318245208E1));
#13788=DIRECTION('',(4.568734579468E-1,8.893121427999E-1,-1.976249205984E-2));
#13789=DIRECTION('',(-8.895316989426E-1,4.567606914494E-1,-1.015023757916E-2));
#13790=AXIS2_PLACEMENT_3D('',#13787,#13788,#13789);
#13791=PLANE('',#13790);
#13792=ORIENTED_EDGE('',*,*,#9553,.F.);
#13794=ORIENTED_EDGE('',*,*,#13793,.F.);
#13796=ORIENTED_EDGE('',*,*,#13795,.F.);
#13797=ORIENTED_EDGE('',*,*,#13779,.T.);
#13798=EDGE_LOOP('',(#13792,#13794,#13796,#13797));
#13799=FACE_OUTER_BOUND('',#13798,.F.);
#13801=CARTESIAN_POINT('',(6.731656785881E0,5.957842353010E0,
-1.082239402790E1));
#13802=DIRECTION('',(2.739749532534E-1,9.614994493329E-1,-2.136665445016E-2));
#13803=DIRECTION('',(-9.617368273025E-1,2.739073301613E-1,-6.086829562977E-3));
#13804=AXIS2_PLACEMENT_3D('',#13801,#13802,#13803);
#13805=PLANE('',#13804);
#13806=ORIENTED_EDGE('',*,*,#9551,.F.);
#13808=ORIENTED_EDGE('',*,*,#13807,.F.);
#13810=ORIENTED_EDGE('',*,*,#13809,.F.);
#13811=ORIENTED_EDGE('',*,*,#13793,.T.);
#13812=EDGE_LOOP('',(#13806,#13808,#13810,#13811));
#13813=FACE_OUTER_BOUND('',#13812,.F.);
#13815=CARTESIAN_POINT('',(6.828587832386E0,5.940103991552E0,
-1.082199984209E1));
#13816=DIRECTION('',(8.797597055728E-2,9.958767320360E-1,-2.213059406652E-2));
#13817=DIRECTION('',(-9.961225971759E-1,8.795425613803E-2,-1.954538999731E-3));
#13818=AXIS2_PLACEMENT_3D('',#13815,#13816,#13817);
#13819=PLANE('',#13818);
#13820=ORIENTED_EDGE('',*,*,#9549,.F.);
#13822=ORIENTED_EDGE('',*,*,#13821,.F.);
#13824=ORIENTED_EDGE('',*,*,#13823,.F.);
#13825=ORIENTED_EDGE('',*,*,#13807,.T.);
#13826=EDGE_LOOP('',(#13820,#13822,#13824,#13825));
#13827=FACE_OUTER_BOUND('',#13826,.F.);
#13829=CARTESIAN_POINT('',(6.926907358885E0,5.939690151487E0,
-1.082199064565E1));
#13830=DIRECTION('',(-8.330502064382E-2,9.962781315742E-1,-2.213951405629E-2));
#13831=DIRECTION('',(-9.965240958128E-1,-8.328445911777E-2,1.850765767925E-3));
#13832=AXIS2_PLACEMENT_3D('',#13829,#13830,#13831);
#13833=PLANE('',#13832);
#13834=ORIENTED_EDGE('',*,*,#9547,.F.);
#13836=ORIENTED_EDGE('',*,*,#13835,.F.);
#13838=ORIENTED_EDGE('',*,*,#13837,.F.);
#13839=ORIENTED_EDGE('',*,*,#13821,.T.);
#13840=EDGE_LOOP('',(#13834,#13836,#13838,#13839));
#13841=FACE_OUTER_BOUND('',#13840,.F.);
#13843=CARTESIAN_POINT('',(7.015367967326E0,5.955784977220E0,
-1.082234830844E1));
#13844=DIRECTION('',(-2.866987526044E-1,9.577843246302E-1,-2.128409612338E-2));
#13845=DIRECTION('',(-9.580207853982E-1,-2.866279889968E-1,6.369510858095E-3));
#13846=AXIS2_PLACEMENT_3D('',#13843,#13844,#13845);
#13847=PLANE('',#13846);
#13848=ORIENTED_EDGE('',*,*,#9545,.F.);
#13850=ORIENTED_EDGE('',*,*,#13849,.F.);
#13852=ORIENTED_EDGE('',*,*,#13851,.F.);
#13853=ORIENTED_EDGE('',*,*,#13835,.T.);
#13854=EDGE_LOOP('',(#13848,#13850,#13852,#13853));
#13855=FACE_OUTER_BOUND('',#13854,.F.);
#13857=CARTESIAN_POINT('',(7.088337680027E0,5.988010101087E0,
-1.082306442230E1));
#13858=DIRECTION('',(-5.257384978004E-1,8.504362853552E-1,-1.889858412127E-2));
#13859=DIRECTION('',(-8.506462437057E-1,-5.256087338836E-1,1.168019412106E-2));
#13860=AXIS2_PLACEMENT_3D('',#13857,#13858,#13859);
#13861=PLANE('',#13860);
#13862=ORIENTED_EDGE('',*,*,#9543,.F.);
#13864=ORIENTED_EDGE('',*,*,#13863,.F.);
#13866=ORIENTED_EDGE('',*,*,#13865,.F.);
#13867=ORIENTED_EDGE('',*,*,#13849,.T.);
#13868=EDGE_LOOP('',(#13862,#13864,#13866,#13867));
#13869=FACE_OUTER_BOUND('',#13868,.F.);
#13871=CARTESIAN_POINT('',(7.145686400613E0,6.035951682822E0,
-1.082412979079E1));
#13872=DIRECTION('',(7.470374443856E-1,-6.646178788376E-1,1.476928621059E-2));
#13873=DIRECTION('',(-6.647819617632E-1,-7.468530589833E-1,1.659673466225E-2));
#13874=AXIS2_PLACEMENT_3D('',#13871,#13872,#13873);
#13875=PLANE('',#13874);
#13876=ORIENTED_EDGE('',*,*,#9541,.F.);
#13878=ORIENTED_EDGE('',*,*,#13877,.F.);
#13880=ORIENTED_EDGE('',*,*,#13879,.F.);
#13881=ORIENTED_EDGE('',*,*,#13863,.T.);
#13882=EDGE_LOOP('',(#13876,#13878,#13880,#13881));
#13883=FACE_OUTER_BOUND('',#13882,.F.);
#13885=CARTESIAN_POINT('',(7.187328975383E0,6.098909741817E0,
-1.082552885876E1));
#13886=DIRECTION('',(9.013120418926E-1,-4.330634928318E-1,9.623633183304E-3));
#13887=DIRECTION('',(-4.331704088917E-1,-9.010895781001E-1,2.002421284365E-2));
#13888=AXIS2_PLACEMENT_3D('',#13885,#13886,#13887);
#13889=PLANE('',#13888);
#13890=ORIENTED_EDGE('',*,*,#9539,.F.);
#13892=ORIENTED_EDGE('',*,*,#13891,.F.);
#13894=ORIENTED_EDGE('',*,*,#13893,.F.);
#13895=ORIENTED_EDGE('',*,*,#13877,.T.);
#13896=EDGE_LOOP('',(#13890,#13892,#13894,#13895));
#13897=FACE_OUTER_BOUND('',#13896,.F.);
#13899=CARTESIAN_POINT('',(7.213289058245E0,6.176602867019E0,
-1.082725537266E1));
#13900=DIRECTION('',(9.780856665216E-1,-2.081514661956E-1,4.625588132112E-3));
#13901=DIRECTION('',(-2.082028552757E-1,-9.778442532964E-1,2.172987230066E-2));
#13902=AXIS2_PLACEMENT_3D('',#13899,#13900,#13901);
#13903=PLANE('',#13902);
#13904=ORIENTED_EDGE('',*,*,#9537,.F.);
#13906=ORIENTED_EDGE('',*,*,#13905,.F.);
#13908=ORIENTED_EDGE('',*,*,#13907,.F.);
#13909=ORIENTED_EDGE('',*,*,#13891,.T.);
#13910=EDGE_LOOP('',(#13904,#13906,#13908,#13909));
#13911=FACE_OUTER_BOUND('',#13910,.F.);
#13913=CARTESIAN_POINT('',(7.135020886861E0,6.228971353693E0,
-1.082841911681E1));
#13914=DIRECTION('',(1.120296799838E-1,9.934595926255E-1,-2.207687983348E-2));
#13915=DIRECTION('',(9.937048610139E-1,-1.120020285758E-1,2.488933944504E-3));
#13916=AXIS2_PLACEMENT_3D('',#13913,#13914,#13915);
#13917=PLANE('',#13916);
#13918=ORIENTED_EDGE('',*,*,#9535,.F.);
#13920=ORIENTED_EDGE('',*,*,#13919,.F.);
#13922=ORIENTED_EDGE('',*,*,#13921,.F.);
#13923=ORIENTED_EDGE('',*,*,#13905,.T.);
#13924=EDGE_LOOP('',(#13918,#13920,#13922,#13923));
#13925=FACE_OUTER_BOUND('',#13924,.F.);
#13927=CARTESIAN_POINT('',(7.041134088888E0,6.215532197854E0,
-1.082812046890E1));
#13928=DIRECTION('',(9.624955087450E-1,-2.712306522570E-1,6.027347835184E-3));
#13929=DIRECTION('',(2.712976145226E-1,9.622579435156E-1,-2.138350989561E-2));
#13930=AXIS2_PLACEMENT_3D('',#13927,#13928,#13929);
#13931=PLANE('',#13930);
#13932=ORIENTED_EDGE('',*,*,#9533,.F.);
#13934=ORIENTED_EDGE('',*,*,#13933,.F.);
#13936=ORIENTED_EDGE('',*,*,#13935,.F.);
#13937=ORIENTED_EDGE('',*,*,#13919,.T.);
#13938=EDGE_LOOP('',(#13932,#13934,#13936,#13937));
#13939=FACE_OUTER_BOUND('',#13938,.F.);
#13941=CARTESIAN_POINT('',(7.024491251202E0,6.173110058210E0,
-1.082717775468E1));
#13942=DIRECTION('',(8.848731589776E-1,-4.657170655777E-1,1.034926812270E-2));
#13943=DIRECTION('',(4.658320432527E-1,8.846547526642E-1,-1.965899457549E-2));
#13944=AXIS2_PLACEMENT_3D('',#13941,#13942,#13943);
#13945=PLANE('',#13944);
#13946=ORIENTED_EDGE('',*,*,#9531,.F.);
#13948=ORIENTED_EDGE('',*,*,#13947,.F.);
#13950=ORIENTED_EDGE('',*,*,#13949,.F.);
#13951=ORIENTED_EDGE('',*,*,#13933,.T.);
#13952=EDGE_LOOP('',(#13946,#13948,#13950,#13951));
#13953=FACE_OUTER_BOUND('',#13952,.F.);
#13955=CARTESIAN_POINT('',(7.000771186308E0,6.138993094619E0,
-1.082641959994E1));
#13956=DIRECTION('',(7.393745554625E-1,-6.731281548863E-1,1.495840345632E-2));
#13957=DIRECTION('',(6.732943388553E-1,7.391920614309E-1,-1.642649027800E-2));
#13958=AXIS2_PLACEMENT_3D('',#13955,#13956,#13957);
#13959=PLANE('',#13958);
#13960=ORIENTED_EDGE('',*,*,#9529,.F.);
#13962=ORIENTED_EDGE('',*,*,#13961,.F.);
#13964=ORIENTED_EDGE('',*,*,#13963,.F.);
#13965=ORIENTED_EDGE('',*,*,#13947,.T.);
#13966=EDGE_LOOP('',(#13960,#13962,#13964,#13965));
#13967=FACE_OUTER_BOUND('',#13966,.F.);
#13969=CARTESIAN_POINT('',(6.969950240701E0,6.113292452974E0,
-1.082584847457E1));
#13970=DIRECTION('',(-5.296314654310E-1,8.480185034782E-1,-1.884485563513E-2));
#13971=DIRECTION('',(8.482278649192E-1,5.295007406439E-1,-1.176668314054E-2));
#13972=AXIS2_PLACEMENT_3D('',#13969,#13970,#13971);
#13973=PLANE('',#13972);
#13974=ORIENTED_EDGE('',*,*,#9527,.F.);
#13976=ORIENTED_EDGE('',*,*,#13975,.F.);
#13978=ORIENTED_EDGE('',*,*,#13977,.F.);
#13979=ORIENTED_EDGE('',*,*,#13961,.T.);
#13980=EDGE_LOOP('',(#13974,#13976,#13978,#13979));
#13981=FACE_OUTER_BOUND('',#13980,.F.);
#13983=CARTESIAN_POINT('',(6.932269683092E0,6.096152385819E0,
-1.082546758419E1));
#13984=DIRECTION('',(-2.987326460468E-1,9.541012895618E-1,-2.120225088167E-2));
#13985=DIRECTION('',(9.543368410503E-1,2.986589122071E-1,-6.636864725210E-3));
#13986=AXIS2_PLACEMENT_3D('',#13983,#13984,#13985);
#13987=PLANE('',#13986);
#13988=ORIENTED_EDGE('',*,*,#9525,.F.);
#13990=ORIENTED_EDGE('',*,*,#13989,.F.);
#13992=ORIENTED_EDGE('',*,*,#13991,.F.);
#13993=ORIENTED_EDGE('',*,*,#13975,.T.);
#13994=EDGE_LOOP('',(#13988,#13990,#13992,#13993));
#13995=FACE_OUTER_BOUND('',#13994,.F.);
#13997=CARTESIAN_POINT('',(6.887902186605E0,6.087603635261E0,
-1.082527761196E1));
#13998=DIRECTION('',(-8.904036734964E-2,9.957821763756E-1,-2.212849282963E-2));
#13999=DIRECTION('',(9.960280181713E-1,8.901839021331E-2,-1.978186439619E-3));
#14000=AXIS2_PLACEMENT_3D('',#13997,#13998,#13999);
#14001=PLANE('',#14000);
#14002=ORIENTED_EDGE('',*,*,#9523,.T.);
#14004=ORIENTED_EDGE('',*,*,#14003,.F.);
#14006=ORIENTED_EDGE('',*,*,#14005,.T.);
#14007=ORIENTED_EDGE('',*,*,#13989,.T.);
#14008=EDGE_LOOP('',(#14002,#14004,#14006,#14007));
#14009=FACE_OUTER_BOUND('',#14008,.F.);
#14011=CARTESIAN_POINT('',(6.834640848495E0,6.088052947125E0,
-1.082528759666E1));
#14012=DIRECTION('',(8.753586650822E-2,9.959154937824E-1,-2.213145541470E-2));
#14013=DIRECTION('',(9.961613684914E-1,-8.751426071458E-2,1.944761405547E-3));
#14014=AXIS2_PLACEMENT_3D('',#14011,#14012,#14013);
#14015=PLANE('',#14014);
#14016=ORIENTED_EDGE('',*,*,#9521,.T.);
#14017=ORIENTED_EDGE('',*,*,#13194,.T.);
#14019=ORIENTED_EDGE('',*,*,#14018,.T.);
#14020=ORIENTED_EDGE('',*,*,#14003,.T.);
#14021=EDGE_LOOP('',(#14016,#14017,#14019,#14020));
#14022=FACE_OUTER_BOUND('',#14021,.F.);
#14024=CARTESIAN_POINT('',(6.768795670813E0,6.401078978082E0,
-1.082224126185E1));
#14025=DIRECTION('',(0.E0,2.221673728174E-2,9.997531778317E-1));
#14026=DIRECTION('',(1.E0,0.E0,0.E0));
#14027=AXIS2_PLACEMENT_3D('',#14024,#14025,#14026);
#14028=PLANE('',#14027);
#14029=ORIENTED_EDGE('',*,*,#13192,.T.);
#14030=ORIENTED_EDGE('',*,*,#13207,.T.);
#14031=ORIENTED_EDGE('',*,*,#13221,.T.);
#14032=ORIENTED_EDGE('',*,*,#13235,.T.);
#14033=ORIENTED_EDGE('',*,*,#13249,.T.);
#14034=ORIENTED_EDGE('',*,*,#13263,.T.);
#14035=ORIENTED_EDGE('',*,*,#13277,.T.);
#14036=ORIENTED_EDGE('',*,*,#13291,.T.);
#14037=ORIENTED_EDGE('',*,*,#13305,.F.);
#14038=ORIENTED_EDGE('',*,*,#13319,.T.);
#14039=ORIENTED_EDGE('',*,*,#13333,.T.);
#14040=ORIENTED_EDGE('',*,*,#13347,.T.);
#14041=ORIENTED_EDGE('',*,*,#13361,.T.);
#14042=ORIENTED_EDGE('',*,*,#13375,.F.);
#14043=ORIENTED_EDGE('',*,*,#13389,.F.);
#14044=ORIENTED_EDGE('',*,*,#13403,.F.);
#14045=ORIENTED_EDGE('',*,*,#13417,.T.);
#14046=ORIENTED_EDGE('',*,*,#13431,.T.);
#14047=ORIENTED_EDGE('',*,*,#13445,.T.);
#14048=ORIENTED_EDGE('',*,*,#13459,.T.);
#14049=ORIENTED_EDGE('',*,*,#13473,.T.);
#14050=ORIENTED_EDGE('',*,*,#13487,.F.);
#14051=ORIENTED_EDGE('',*,*,#13501,.T.);
#14052=ORIENTED_EDGE('',*,*,#13515,.F.);
#14053=ORIENTED_EDGE('',*,*,#13529,.T.);
#14054=ORIENTED_EDGE('',*,*,#13543,.T.);
#14055=ORIENTED_EDGE('',*,*,#13557,.T.);
#14056=ORIENTED_EDGE('',*,*,#13571,.T.);
#14057=ORIENTED_EDGE('',*,*,#13585,.T.);
#14058=ORIENTED_EDGE('',*,*,#13599,.T.);
#14059=ORIENTED_EDGE('',*,*,#13613,.F.);
#14060=ORIENTED_EDGE('',*,*,#13627,.T.);
#14061=ORIENTED_EDGE('',*,*,#13641,.T.);
#14062=ORIENTED_EDGE('',*,*,#13655,.T.);
#14063=ORIENTED_EDGE('',*,*,#13669,.T.);
#14064=ORIENTED_EDGE('',*,*,#13683,.T.);
#14065=ORIENTED_EDGE('',*,*,#13697,.F.);
#14066=ORIENTED_EDGE('',*,*,#13711,.T.);
#14067=ORIENTED_EDGE('',*,*,#13725,.T.);
#14068=ORIENTED_EDGE('',*,*,#13739,.T.);
#14069=ORIENTED_EDGE('',*,*,#13753,.T.);
#14070=ORIENTED_EDGE('',*,*,#13767,.T.);
#14071=ORIENTED_EDGE('',*,*,#13781,.T.);
#14072=ORIENTED_EDGE('',*,*,#13795,.T.);
#14073=ORIENTED_EDGE('',*,*,#13809,.T.);
#14074=ORIENTED_EDGE('',*,*,#13823,.T.);
#14075=ORIENTED_EDGE('',*,*,#13837,.T.);
#14076=ORIENTED_EDGE('',*,*,#13851,.T.);
#14077=ORIENTED_EDGE('',*,*,#13865,.T.);
#14078=ORIENTED_EDGE('',*,*,#13879,.T.);
#14079=ORIENTED_EDGE('',*,*,#13893,.T.);
#14080=ORIENTED_EDGE('',*,*,#13907,.T.);
#14081=ORIENTED_EDGE('',*,*,#13921,.T.);
#14082=ORIENTED_EDGE('',*,*,#13935,.T.);
#14083=ORIENTED_EDGE('',*,*,#13949,.T.);
#14084=ORIENTED_EDGE('',*,*,#13963,.T.);
#14085=ORIENTED_EDGE('',*,*,#13977,.T.);
#14086=ORIENTED_EDGE('',*,*,#13991,.T.);
#14087=ORIENTED_EDGE('',*,*,#14005,.F.);
#14088=ORIENTED_EDGE('',*,*,#14018,.F.);
#14089=EDGE_LOOP('',(#14029,#14030,#14031,#14032,#14033,#14034,#14035,#14036,
#14037,#14038,#14039,#14040,#14041,#14042,#14043,#14044,#14045,#14046,#14047,
#14048,#14049,#14050,#14051,#14052,#14053,#14054,#14055,#14056,#14057,#14058,
#14059,#14060,#14061,#14062,#14063,#14064,#14065,#14066,#14067,#14068,#14069,
#14070,#14071,#14072,#14073,#14074,#14075,#14076,#14077,#14078,#14079,#14080,
#14081,#14082,#14083,#14084,#14085,#14086,#14087,#14088));
#14090=FACE_OUTER_BOUND('',#14089,.F.);
#14092=CARTESIAN_POINT('',(3.282346365590E0,5.501086095658E0,
-1.081224388885E1));
#14093=DIRECTION('',(-7.069132645519E-1,7.071256674952E-1,-1.571390372024E-2));
#14094=DIRECTION('',(-7.073002448753E-1,-7.067387826869E-1,1.570530628667E-2));
#14095=AXIS2_PLACEMENT_3D('',#14092,#14093,#14094);
#14096=PLANE('',#14095);
#14097=ORIENTED_EDGE('',*,*,#9641,.F.);
#14099=ORIENTED_EDGE('',*,*,#14098,.F.);
#14101=ORIENTED_EDGE('',*,*,#14100,.F.);
#14103=ORIENTED_EDGE('',*,*,#14102,.F.);
#14104=EDGE_LOOP('',(#14097,#14099,#14101,#14103));
#14105=FACE_OUTER_BOUND('',#14104,.F.);
#14107=CARTESIAN_POINT('',(3.732592688910E0,6.400863922001E0,
-1.083223895166E1));
#14108=DIRECTION('',(1.E0,0.E0,0.E0));
#14109=DIRECTION('',(0.E0,-9.997531778315E-1,2.221673728814E-2));
#14110=AXIS2_PLACEMENT_3D('',#14107,#14108,#14109);
#14111=PLANE('',#14110);
#14112=ORIENTED_EDGE('',*,*,#9649,.T.);
#14114=ORIENTED_EDGE('',*,*,#14113,.F.);
#14116=ORIENTED_EDGE('',*,*,#14115,.F.);
#14117=ORIENTED_EDGE('',*,*,#14098,.T.);
#14118=EDGE_LOOP('',(#14112,#14114,#14116,#14117));
#14119=FACE_OUTER_BOUND('',#14118,.F.);
#14121=CARTESIAN_POINT('',(2.832592722623E0,6.850752835173E0,
-1.084223648306E1));
#14122=DIRECTION('',(0.E0,9.997531778311E-1,-2.221673730652E-2));
#14123=DIRECTION('',(1.E0,0.E0,0.E0));
#14124=AXIS2_PLACEMENT_3D('',#14121,#14122,#14123);
#14125=PLANE('',#14124);
#14126=ORIENTED_EDGE('',*,*,#9647,.T.);
#14128=ORIENTED_EDGE('',*,*,#14127,.F.);
#14130=ORIENTED_EDGE('',*,*,#14129,.F.);
#14131=ORIENTED_EDGE('',*,*,#14113,.T.);
#14132=EDGE_LOOP('',(#14126,#14128,#14130,#14131));
#14133=FACE_OUTER_BOUND('',#14132,.F.);
#14135=CARTESIAN_POINT('',(1.932592756336E0,6.400863922001E0,
-1.083223895166E1));
#14136=DIRECTION('',(1.E0,0.E0,0.E0));
#14137=DIRECTION('',(0.E0,9.997531778315E-1,-2.221673728814E-2));
#14138=AXIS2_PLACEMENT_3D('',#14135,#14136,#14137);
#14139=PLANE('',#14138);
#14140=ORIENTED_EDGE('',*,*,#9645,.T.);
#14142=ORIENTED_EDGE('',*,*,#14141,.F.);
#14144=ORIENTED_EDGE('',*,*,#14143,.F.);
#14145=ORIENTED_EDGE('',*,*,#14127,.T.);
#14146=EDGE_LOOP('',(#14140,#14142,#14144,#14145));
#14147=FACE_OUTER_BOUND('',#14146,.F.);
#14149=CARTESIAN_POINT('',(2.382346399303E0,5.501086095658E0,
-1.081224388885E1));
#14150=DIRECTION('',(7.073003507959E-1,7.067386767350E-1,-1.570530390857E-2));
#14151=DIRECTION('',(-7.069131585733E-1,7.071257733895E-1,-1.571390607729E-2));
#14152=AXIS2_PLACEMENT_3D('',#14149,#14150,#14151);
#14153=PLANE('',#14152);
#14154=ORIENTED_EDGE('',*,*,#9643,.F.);
#14155=ORIENTED_EDGE('',*,*,#14102,.T.);
#14157=ORIENTED_EDGE('',*,*,#14156,.F.);
#14158=ORIENTED_EDGE('',*,*,#14141,.T.);
#14159=EDGE_LOOP('',(#14154,#14155,#14157,#14158));
#14160=FACE_OUTER_BOUND('',#14159,.F.);
#14162=CARTESIAN_POINT('',(2.832592722623E0,5.951197176202E0,
-1.081224388848E1));
#14163=DIRECTION('',(0.E0,2.221673728522E-2,9.997531778316E-1));
#14164=DIRECTION('',(1.E0,0.E0,0.E0));
#14165=AXIS2_PLACEMENT_3D('',#14162,#14163,#14164);
#14166=PLANE('',#14165);
#14167=ORIENTED_EDGE('',*,*,#14100,.T.);
#14168=ORIENTED_EDGE('',*,*,#14115,.T.);
#14169=ORIENTED_EDGE('',*,*,#14129,.T.);
#14170=ORIENTED_EDGE('',*,*,#14143,.T.);
#14171=ORIENTED_EDGE('',*,*,#14156,.T.);
#14172=EDGE_LOOP('',(#14167,#14168,#14169,#14170,#14171));
#14173=FACE_OUTER_BOUND('',#14172,.F.);
#14175=ORIENTED_EDGE('',*,*,#14174,.F.);
#14177=ORIENTED_EDGE('',*,*,#14176,.T.);
#14179=ORIENTED_EDGE('',*,*,#14178,.T.);
#14180=EDGE_LOOP('',(#14175,#14177,#14179));
#14181=FACE_BOUND('',#14180,.F.);
#14183=CARTESIAN_POINT('',(2.831208500708E0,5.950975008829E0,
-1.082224142025E1));
#14184=DIRECTION('',(0.E0,9.997531778311E-1,-2.221673730648E-2));
#14185=DIRECTION('',(1.E0,0.E0,0.E0));
#14186=AXIS2_PLACEMENT_3D('',#14183,#14184,#14185);
#14187=PLANE('',#14186);
#14189=ORIENTED_EDGE('',*,*,#14188,.T.);
#14191=ORIENTED_EDGE('',*,*,#14190,.F.);
#14192=ORIENTED_EDGE('',*,*,#14174,.T.);
#14194=ORIENTED_EDGE('',*,*,#14193,.F.);
#14195=EDGE_LOOP('',(#14189,#14191,#14192,#14194));
#14196=FACE_OUTER_BOUND('',#14195,.F.);
#14198=CARTESIAN_POINT('',(2.831208500707E0,6.381943504575E0,
-1.084182096677E1));
#14199=DIRECTION('',(0.E0,2.221673728515E-2,9.997531778316E-1));
#14200=DIRECTION('',(0.E0,-9.997531778316E-1,2.221673728515E-2));
#14201=AXIS2_PLACEMENT_3D('',#14198,#14199,#14200);
#14202=PLANE('',#14201);
#14203=ORIENTED_EDGE('',*,*,#14188,.F.);
#14205=ORIENTED_EDGE('',*,*,#14204,.T.);
#14207=ORIENTED_EDGE('',*,*,#14206,.T.);
#14208=EDGE_LOOP('',(#14203,#14205,#14207));
#14209=FACE_OUTER_BOUND('',#14208,.F.);
#14211=CARTESIAN_POINT('',(3.263860508616E0,6.382165671949E0,
-1.083182343499E1));
#14212=DIRECTION('',(7.071067811868E-1,7.069322515577E-1,-1.570960557130E-2));
#14213=DIRECTION('',(-7.071067811863E-1,7.069322515578E-1,-1.570960559164E-2));
#14214=AXIS2_PLACEMENT_3D('',#14211,#14212,#14213);
#14215=PLANE('',#14214);
#14216=ORIENTED_EDGE('',*,*,#14204,.F.);
#14217=ORIENTED_EDGE('',*,*,#14193,.T.);
#14218=ORIENTED_EDGE('',*,*,#14178,.F.);
#14220=ORIENTED_EDGE('',*,*,#14219,.T.);
#14221=EDGE_LOOP('',(#14216,#14217,#14218,#14220));
#14222=FACE_OUTER_BOUND('',#14221,.F.);
#14224=CARTESIAN_POINT('',(2.399911383899E0,6.382165671949E0,
-1.083182343499E1));
#14225=DIRECTION('',(-7.059969904450E-1,7.080400297394E-1,-1.573422286419E-2));
#14226=DIRECTION('',(-7.082148328598E-1,-7.058227347368E-1,1.568494966754E-2));
#14227=AXIS2_PLACEMENT_3D('',#14224,#14225,#14226);
#14228=PLANE('',#14227);
#14229=ORIENTED_EDGE('',*,*,#14206,.F.);
#14230=ORIENTED_EDGE('',*,*,#14219,.F.);
#14231=ORIENTED_EDGE('',*,*,#14176,.F.);
#14232=ORIENTED_EDGE('',*,*,#14190,.T.);
#14233=EDGE_LOOP('',(#14229,#14230,#14231,#14232));
#14234=FACE_OUTER_BOUND('',#14233,.F.);
#14236=CARTESIAN_POINT('',(1.875E0,3.730349362741E-14,-6.9E0));
#14237=DIRECTION('',(0.E0,1.E0,0.E0));
#14238=DIRECTION('',(0.E0,0.E0,1.E0));
#14239=AXIS2_PLACEMENT_3D('',#14236,#14237,#14238);
#14240=PLANE('',#14239);
#14242=ORIENTED_EDGE('',*,*,#14241,.F.);
#14244=ORIENTED_EDGE('',*,*,#14243,.F.);
#14246=ORIENTED_EDGE('',*,*,#14245,.F.);
#14248=ORIENTED_EDGE('',*,*,#14247,.F.);
#14249=ORIENTED_EDGE('',*,*,#9230,.T.);
#14251=ORIENTED_EDGE('',*,*,#14250,.F.);
#14253=ORIENTED_EDGE('',*,*,#14252,.T.);
#14255=ORIENTED_EDGE('',*,*,#14254,.F.);
#14257=ORIENTED_EDGE('',*,*,#14256,.F.);
#14259=ORIENTED_EDGE('',*,*,#14258,.F.);
#14261=ORIENTED_EDGE('',*,*,#14260,.T.);
#14263=ORIENTED_EDGE('',*,*,#14262,.F.);
#14265=ORIENTED_EDGE('',*,*,#14264,.F.);
#14267=ORIENTED_EDGE('',*,*,#14266,.F.);
#14269=ORIENTED_EDGE('',*,*,#14268,.T.);
#14271=ORIENTED_EDGE('',*,*,#14270,.F.);
#14273=ORIENTED_EDGE('',*,*,#14272,.F.);
#14275=ORIENTED_EDGE('',*,*,#14274,.F.);
#14277=ORIENTED_EDGE('',*,*,#14276,.T.);
#14279=ORIENTED_EDGE('',*,*,#14278,.F.);
#14280=EDGE_LOOP('',(#14242,#14244,#14246,#14248,#14249,#14251,#14253,#14255,
#14257,#14259,#14261,#14263,#14265,#14267,#14269,#14271,#14273,#14275,#14277,
#14279));
#14281=FACE_OUTER_BOUND('',#14280,.F.);
#14283=CARTESIAN_POINT('',(2.55E1,2.E-1,-9.8E0));
#14284=DIRECTION('',(0.E0,0.E0,1.E0));
#14285=DIRECTION('',(0.E0,-1.E0,0.E0));
#14286=AXIS2_PLACEMENT_3D('',#14283,#14284,#14285);
#14287=PLANE('',#14286);
#14289=ORIENTED_EDGE('',*,*,#14288,.F.);
#14291=ORIENTED_EDGE('',*,*,#14290,.F.);
#14292=ORIENTED_EDGE('',*,*,#14241,.T.);
#14294=ORIENTED_EDGE('',*,*,#14293,.F.);
#14295=EDGE_LOOP('',(#14289,#14291,#14292,#14294));
#14296=FACE_OUTER_BOUND('',#14295,.F.);
#14298=CARTESIAN_POINT('',(2.55E1,4.E-1,-6.65E0));
#14299=DIRECTION('',(0.E0,1.E0,0.E0));
#14300=DIRECTION('',(0.E0,0.E0,-1.E0));
#14301=AXIS2_PLACEMENT_3D('',#14298,#14299,#14300);
#14302=PLANE('',#14301);
#14304=ORIENTED_EDGE('',*,*,#14303,.F.);
#14306=ORIENTED_EDGE('',*,*,#14305,.F.);
#14307=ORIENTED_EDGE('',*,*,#14288,.T.);
#14309=ORIENTED_EDGE('',*,*,#14308,.F.);
#14310=EDGE_LOOP('',(#14304,#14306,#14307,#14309));
#14311=FACE_OUTER_BOUND('',#14310,.F.);
#14313=CARTESIAN_POINT('',(2.55E1,1.6E0,-3.5E0));
#14314=DIRECTION('',(0.E0,0.E0,1.E0));
#14315=DIRECTION('',(0.E0,-1.E0,0.E0));
#14316=AXIS2_PLACEMENT_3D('',#14313,#14314,#14315);
#14317=PLANE('',#14316);
#14319=ORIENTED_EDGE('',*,*,#14318,.F.);
#14321=ORIENTED_EDGE('',*,*,#14320,.F.);
#14322=ORIENTED_EDGE('',*,*,#14303,.T.);
#14324=ORIENTED_EDGE('',*,*,#14323,.F.);
#14325=EDGE_LOOP('',(#14319,#14321,#14322,#14324));
#14326=FACE_OUTER_BOUND('',#14325,.F.);
#14328=ORIENTED_EDGE('',*,*,#14327,.F.);
#14330=ORIENTED_EDGE('',*,*,#14329,.T.);
#14332=ORIENTED_EDGE('',*,*,#14331,.F.);
#14334=ORIENTED_EDGE('',*,*,#14333,.T.);
#14336=ORIENTED_EDGE('',*,*,#14335,.F.);
#14338=ORIENTED_EDGE('',*,*,#14337,.T.);
#14340=ORIENTED_EDGE('',*,*,#14339,.F.);
#14342=ORIENTED_EDGE('',*,*,#14341,.T.);
#14343=EDGE_LOOP('',(#14328,#14330,#14332,#14334,#14336,#14338,#14340,#14342));
#14344=FACE_BOUND('',#14343,.F.);
#14346=CARTESIAN_POINT('',(2.6075E1,1.6E0,-2.250000000001E0));
#14347=DIRECTION('',(0.E0,1.E0,0.E0));
#14348=DIRECTION('',(0.E0,0.E0,1.E0));
#14349=AXIS2_PLACEMENT_3D('',#14346,#14347,#14348);
#14350=PLANE('',#14349);
#14352=ORIENTED_EDGE('',*,*,#14351,.F.);
#14354=ORIENTED_EDGE('',*,*,#14353,.F.);
#14355=ORIENTED_EDGE('',*,*,#14327,.T.);
#14357=ORIENTED_EDGE('',*,*,#14356,.F.);
#14358=EDGE_LOOP('',(#14352,#14354,#14355,#14357));
#14359=FACE_OUTER_BOUND('',#14358,.F.);
#14361=CARTESIAN_POINT('',(2.602196699141E1,1.699999999999E0,
-5.000000000008E-1));
#14362=DIRECTION('',(0.E0,9.805806756911E-1,-1.961161351375E-1));
#14363=DIRECTION('',(-1.E0,0.E0,0.E0));
#14364=AXIS2_PLACEMENT_3D('',#14361,#14362,#14363);
#14365=PLANE('',#14364);
#14367=ORIENTED_EDGE('',*,*,#14366,.F.);
#14369=ORIENTED_EDGE('',*,*,#14368,.F.);
#14371=ORIENTED_EDGE('',*,*,#14370,.F.);
#14372=ORIENTED_EDGE('',*,*,#14351,.T.);
#14374=ORIENTED_EDGE('',*,*,#14373,.F.);
#14376=ORIENTED_EDGE('',*,*,#14375,.F.);
#14377=EDGE_LOOP('',(#14367,#14369,#14371,#14372,#14374,#14376));
#14378=FACE_OUTER_BOUND('',#14377,.F.);
#14380=CARTESIAN_POINT('',(2.61E1,2.1E0,0.E0));
#14381=DIRECTION('',(0.E0,0.E0,1.E0));
#14382=DIRECTION('',(0.E0,1.E0,0.E0));
#14383=AXIS2_PLACEMENT_3D('',#14380,#14381,#14382);
#14384=PLANE('',#14383);
#14386=ORIENTED_EDGE('',*,*,#14385,.F.);
#14388=ORIENTED_EDGE('',*,*,#14387,.F.);
#14389=ORIENTED_EDGE('',*,*,#14366,.T.);
#14391=ORIENTED_EDGE('',*,*,#14390,.F.);
#14392=EDGE_LOOP('',(#14386,#14388,#14389,#14391));
#14393=FACE_OUTER_BOUND('',#14392,.F.);
#14395=CARTESIAN_POINT('',(2.602196699141E1,2.500000000001E0,
-5.000000000008E-1));
#14396=DIRECTION('',(0.E0,9.805806756911E-1,1.961161351375E-1));
#14397=DIRECTION('',(-1.E0,0.E0,0.E0));
#14398=AXIS2_PLACEMENT_3D('',#14395,#14396,#14397);
#14399=PLANE('',#14398);
#14401=ORIENTED_EDGE('',*,*,#14400,.F.);
#14403=ORIENTED_EDGE('',*,*,#14402,.F.);
#14405=ORIENTED_EDGE('',*,*,#14404,.F.);
#14406=ORIENTED_EDGE('',*,*,#14385,.T.);
#14408=ORIENTED_EDGE('',*,*,#14407,.F.);
#14410=ORIENTED_EDGE('',*,*,#14409,.F.);
#14411=EDGE_LOOP('',(#14401,#14403,#14405,#14406,#14408,#14410));
#14412=FACE_OUTER_BOUND('',#14411,.F.);
#14414=CARTESIAN_POINT('',(2.6075E1,2.6E0,-2.250000000001E0));
#14415=DIRECTION('',(0.E0,1.E0,0.E0));
#14416=DIRECTION('',(0.E0,0.E0,-1.E0));
#14417=AXIS2_PLACEMENT_3D('',#14414,#14415,#14416);
#14418=PLANE('',#14417);
#14419=ORIENTED_EDGE('',*,*,#14335,.T.);
#14421=ORIENTED_EDGE('',*,*,#14420,.F.);
#14422=ORIENTED_EDGE('',*,*,#14400,.T.);
#14424=ORIENTED_EDGE('',*,*,#14423,.F.);
#14425=EDGE_LOOP('',(#14419,#14421,#14422,#14424));
#14426=FACE_OUTER_BOUND('',#14425,.F.);
#14428=CARTESIAN_POINT('',(2.66E1,2.45E0,-3.554393398282E0));
#14429=DIRECTION('',(0.E0,0.E0,1.E0));
#14430=DIRECTION('',(-1.E0,0.E0,0.E0));
#14431=AXIS2_PLACEMENT_3D('',#14428,#14429,#14430);
#14432=CYLINDRICAL_SURFACE('',#14431,1.5E-1);
#14433=ORIENTED_EDGE('',*,*,#14420,.T.);
#14434=ORIENTED_EDGE('',*,*,#14333,.F.);
#14436=ORIENTED_EDGE('',*,*,#14435,.F.);
#14438=ORIENTED_EDGE('',*,*,#14437,.F.);
#14439=ORIENTED_EDGE('',*,*,#14402,.T.);
#14440=EDGE_LOOP('',(#14433,#14434,#14436,#14438,#14439));
#14441=FACE_OUTER_BOUND('',#14440,.F.);
#14443=CARTESIAN_POINT('',(2.675E1,2.1E0,-2.250000000001E0));
#14444=DIRECTION('',(1.E0,0.E0,0.E0));
#14445=DIRECTION('',(0.E0,0.E0,-1.E0));
#14446=AXIS2_PLACEMENT_3D('',#14443,#14444,#14445);
#14447=PLANE('',#14446);
#14448=ORIENTED_EDGE('',*,*,#14435,.T.);
#14449=ORIENTED_EDGE('',*,*,#14331,.T.);
#14451=ORIENTED_EDGE('',*,*,#14450,.F.);
#14453=ORIENTED_EDGE('',*,*,#14452,.F.);
#14454=EDGE_LOOP('',(#14448,#14449,#14451,#14453));
#14455=FACE_OUTER_BOUND('',#14454,.F.);
#14457=CARTESIAN_POINT('',(2.66E1,1.75E0,-7.259366876083E-1));
#14458=DIRECTION('',(0.E0,0.E0,-1.E0));
#14459=DIRECTION('',(1.E0,0.E0,0.E0));
#14460=AXIS2_PLACEMENT_3D('',#14457,#14458,#14459);
#14461=CYLINDRICAL_SURFACE('',#14460,1.5E-1);
#14462=ORIENTED_EDGE('',*,*,#14450,.T.);
#14463=ORIENTED_EDGE('',*,*,#14329,.F.);
#14464=ORIENTED_EDGE('',*,*,#14353,.T.);
#14465=ORIENTED_EDGE('',*,*,#14370,.T.);
#14467=ORIENTED_EDGE('',*,*,#14466,.F.);
#14468=EDGE_LOOP('',(#14462,#14463,#14464,#14465,#14467));
#14469=FACE_OUTER_BOUND('',#14468,.F.);
#14471=CARTESIAN_POINT('',(2.665E1,2.1E0,-5.000000000009E-1));
#14472=DIRECTION('',(9.805806756923E-1,0.E0,1.961161351315E-1));
#14473=DIRECTION('',(0.E0,1.E0,0.E0));
#14474=AXIS2_PLACEMENT_3D('',#14471,#14472,#14473);
#14475=PLANE('',#14474);
#14476=ORIENTED_EDGE('',*,*,#14452,.T.);
#14477=ORIENTED_EDGE('',*,*,#14466,.T.);
#14478=ORIENTED_EDGE('',*,*,#14368,.T.);
#14479=ORIENTED_EDGE('',*,*,#14387,.T.);
#14480=ORIENTED_EDGE('',*,*,#14404,.T.);
#14481=ORIENTED_EDGE('',*,*,#14437,.T.);
#14482=EDGE_LOOP('',(#14476,#14477,#14478,#14479,#14480,#14481));
#14483=FACE_OUTER_BOUND('',#14482,.F.);
#14485=CARTESIAN_POINT('',(2.59E1,2.45E0,-7.259366876095E-1));
#14486=DIRECTION('',(0.E0,0.E0,-1.E0));
#14487=DIRECTION('',(1.E0,0.E0,0.E0));
#14488=AXIS2_PLACEMENT_3D('',#14485,#14486,#14487);
#14489=CYLINDRICAL_SURFACE('',#14488,1.5E-1);
#14490=ORIENTED_EDGE('',*,*,#14423,.T.);
#14491=ORIENTED_EDGE('',*,*,#14409,.T.);
#14493=ORIENTED_EDGE('',*,*,#14492,.F.);
#14495=ORIENTED_EDGE('',*,*,#14494,.T.);
#14496=ORIENTED_EDGE('',*,*,#14337,.F.);
#14497=EDGE_LOOP('',(#14490,#14491,#14493,#14495,#14496));
#14498=FACE_OUTER_BOUND('',#14497,.F.);
#14500=CARTESIAN_POINT('',(2.585E1,2.1E0,-5.000000000053E-1));
#14501=DIRECTION('',(9.805806756923E-1,0.E0,-1.961161351314E-1));
#14502=DIRECTION('',(0.E0,1.E0,0.E0));
#14503=AXIS2_PLACEMENT_3D('',#14500,#14501,#14502);
#14504=PLANE('',#14503);
#14506=ORIENTED_EDGE('',*,*,#14505,.T.);
#14507=ORIENTED_EDGE('',*,*,#14492,.T.);
#14508=ORIENTED_EDGE('',*,*,#14407,.T.);
#14509=ORIENTED_EDGE('',*,*,#14390,.T.);
#14510=ORIENTED_EDGE('',*,*,#14375,.T.);
#14512=ORIENTED_EDGE('',*,*,#14511,.T.);
#14513=EDGE_LOOP('',(#14506,#14507,#14508,#14509,#14510,#14512));
#14514=FACE_OUTER_BOUND('',#14513,.F.);
#14516=CARTESIAN_POINT('',(2.575E1,2.1E0,-2.250000000002E0));
#14517=DIRECTION('',(1.E0,0.E0,0.E0));
#14518=DIRECTION('',(0.E0,0.E0,-1.E0));
#14519=AXIS2_PLACEMENT_3D('',#14516,#14517,#14518);
#14520=PLANE('',#14519);
#14521=ORIENTED_EDGE('',*,*,#14494,.F.);
#14522=ORIENTED_EDGE('',*,*,#14505,.F.);
#14524=ORIENTED_EDGE('',*,*,#14523,.T.);
#14525=ORIENTED_EDGE('',*,*,#14339,.T.);
#14526=EDGE_LOOP('',(#14521,#14522,#14524,#14525));
#14527=FACE_OUTER_BOUND('',#14526,.F.);
#14529=CARTESIAN_POINT('',(2.59E1,1.75E0,-3.554393398282E0));
#14530=DIRECTION('',(0.E0,0.E0,1.E0));
#14531=DIRECTION('',(-1.E0,0.E0,0.E0));
#14532=AXIS2_PLACEMENT_3D('',#14529,#14530,#14531);
#14533=CYLINDRICAL_SURFACE('',#14532,1.5E-1);
#14534=ORIENTED_EDGE('',*,*,#14523,.F.);
#14535=ORIENTED_EDGE('',*,*,#14511,.F.);
#14536=ORIENTED_EDGE('',*,*,#14373,.T.);
#14537=ORIENTED_EDGE('',*,*,#14356,.T.);
#14538=ORIENTED_EDGE('',*,*,#14341,.F.);
#14539=EDGE_LOOP('',(#14534,#14535,#14536,#14537,#14538));
#14540=FACE_OUTER_BOUND('',#14539,.F.);
#14542=CARTESIAN_POINT('',(2.55E1,3.1E0,-3.3E0));
#14543=DIRECTION('',(0.E0,-5.547001962258E-1,8.320502943374E-1));
#14544=DIRECTION('',(1.E0,0.E0,0.E0));
#14545=AXIS2_PLACEMENT_3D('',#14542,#14543,#14544);
#14546=PLANE('',#14545);
#14548=ORIENTED_EDGE('',*,*,#14547,.F.);
#14550=ORIENTED_EDGE('',*,*,#14549,.F.);
#14551=ORIENTED_EDGE('',*,*,#14318,.T.);
#14553=ORIENTED_EDGE('',*,*,#14552,.F.);
#14554=EDGE_LOOP('',(#14548,#14550,#14551,#14553));
#14555=FACE_OUTER_BOUND('',#14554,.F.);
#14557=CARTESIAN_POINT('',(1.875E0,6.E0,-3.1E0));
#14558=DIRECTION('',(0.E0,0.E0,1.E0));
#14559=DIRECTION('',(0.E0,1.E0,0.E0));
#14560=AXIS2_PLACEMENT_3D('',#14557,#14558,#14559);
#14561=PLANE('',#14560);
#14563=ORIENTED_EDGE('',*,*,#14562,.T.);
#14565=ORIENTED_EDGE('',*,*,#14564,.F.);
#14566=ORIENTED_EDGE('',*,*,#14245,.T.);
#14568=ORIENTED_EDGE('',*,*,#14567,.F.);
#14569=ORIENTED_EDGE('',*,*,#14547,.T.);
#14571=ORIENTED_EDGE('',*,*,#14570,.F.);
#14572=ORIENTED_EDGE('',*,*,#14276,.F.);
#14574=ORIENTED_EDGE('',*,*,#14573,.F.);
#14576=ORIENTED_EDGE('',*,*,#14575,.F.);
#14578=ORIENTED_EDGE('',*,*,#14577,.F.);
#14579=ORIENTED_EDGE('',*,*,#14268,.F.);
#14581=ORIENTED_EDGE('',*,*,#14580,.F.);
#14583=ORIENTED_EDGE('',*,*,#14582,.F.);
#14585=ORIENTED_EDGE('',*,*,#14584,.F.);
#14586=ORIENTED_EDGE('',*,*,#14260,.F.);
#14588=ORIENTED_EDGE('',*,*,#14587,.F.);
#14590=ORIENTED_EDGE('',*,*,#14589,.F.);
#14592=ORIENTED_EDGE('',*,*,#14591,.F.);
#14593=ORIENTED_EDGE('',*,*,#14252,.F.);
#14595=ORIENTED_EDGE('',*,*,#14594,.F.);
#14596=EDGE_LOOP('',(#14563,#14565,#14566,#14568,#14569,#14571,#14572,#14574,
#14576,#14578,#14579,#14581,#14583,#14585,#14586,#14588,#14590,#14592,#14593,
#14595));
#14597=FACE_OUTER_BOUND('',#14596,.F.);
#14599=CARTESIAN_POINT('',(1.875E0,1.2E1,-7.004025141580E0));
#14600=DIRECTION('',(0.E0,1.E0,0.E0));
#14601=DIRECTION('',(0.E0,0.E0,-1.E0));
#14602=AXIS2_PLACEMENT_3D('',#14599,#14600,#14601);
#14603=PLANE('',#14602);
#14605=ORIENTED_EDGE('',*,*,#14604,.F.);
#14607=ORIENTED_EDGE('',*,*,#14606,.F.);
#14609=ORIENTED_EDGE('',*,*,#14608,.F.);
#14611=ORIENTED_EDGE('',*,*,#14610,.T.);
#14613=ORIENTED_EDGE('',*,*,#14612,.T.);
#14615=ORIENTED_EDGE('',*,*,#14614,.T.);
#14617=ORIENTED_EDGE('',*,*,#14616,.F.);
#14619=ORIENTED_EDGE('',*,*,#14618,.F.);
#14621=ORIENTED_EDGE('',*,*,#14620,.F.);
#14622=ORIENTED_EDGE('',*,*,#14562,.F.);
#14624=ORIENTED_EDGE('',*,*,#14623,.F.);
#14626=ORIENTED_EDGE('',*,*,#14625,.F.);
#14628=ORIENTED_EDGE('',*,*,#14627,.T.);
#14630=ORIENTED_EDGE('',*,*,#14629,.F.);
#14632=ORIENTED_EDGE('',*,*,#14631,.F.);
#14634=ORIENTED_EDGE('',*,*,#14633,.F.);
#14636=ORIENTED_EDGE('',*,*,#14635,.F.);
#14638=ORIENTED_EDGE('',*,*,#14637,.F.);
#14640=ORIENTED_EDGE('',*,*,#14639,.F.);
#14642=ORIENTED_EDGE('',*,*,#14641,.F.);
#14644=ORIENTED_EDGE('',*,*,#14643,.F.);
#14646=ORIENTED_EDGE('',*,*,#14645,.F.);
#14648=ORIENTED_EDGE('',*,*,#14647,.F.);
#14650=ORIENTED_EDGE('',*,*,#14649,.F.);
#14652=ORIENTED_EDGE('',*,*,#14651,.F.);
#14654=ORIENTED_EDGE('',*,*,#14653,.F.);
#14656=ORIENTED_EDGE('',*,*,#14655,.F.);
#14658=ORIENTED_EDGE('',*,*,#14657,.F.);
#14660=ORIENTED_EDGE('',*,*,#14659,.F.);
#14662=ORIENTED_EDGE('',*,*,#14661,.F.);
#14664=ORIENTED_EDGE('',*,*,#14663,.F.);
#14666=ORIENTED_EDGE('',*,*,#14665,.F.);
#14668=ORIENTED_EDGE('',*,*,#14667,.F.);
#14670=ORIENTED_EDGE('',*,*,#14669,.F.);
#14672=ORIENTED_EDGE('',*,*,#14671,.F.);
#14674=ORIENTED_EDGE('',*,*,#14673,.F.);
#14675=EDGE_LOOP('',(#14605,#14607,#14609,#14611,#14613,#14615,#14617,#14619,
#14621,#14622,#14624,#14626,#14628,#14630,#14632,#14634,#14636,#14638,#14640,
#14642,#14644,#14646,#14648,#14650,#14652,#14654,#14656,#14658,#14660,#14662,
#14664,#14666,#14668,#14670,#14672,#14674));
#14676=FACE_OUTER_BOUND('',#14675,.F.);
#14678=CARTESIAN_POINT('',(2.625E1,1.134999974668E1,-6.897825058615E0));
#14679=DIRECTION('',(0.E0,1.E0,0.E0));
#14680=DIRECTION('',(0.E0,0.E0,-1.E0));
#14681=AXIS2_PLACEMENT_3D('',#14678,#14679,#14680);
#14682=CONICAL_SURFACE('',#14681,3.099999941542E0,1.299461679199E1);
#14684=ORIENTED_EDGE('',*,*,#14683,.F.);
#14686=ORIENTED_EDGE('',*,*,#14685,.F.);
#14687=ORIENTED_EDGE('',*,*,#14604,.T.);
#14689=ORIENTED_EDGE('',*,*,#14688,.F.);
#14690=EDGE_LOOP('',(#14684,#14686,#14687,#14689));
#14691=FACE_OUTER_BOUND('',#14690,.F.);
#14693=CARTESIAN_POINT('',(2.625E1,1.0846E1,-6.897825058615E0));
#14694=DIRECTION('',(0.E0,-1.E0,0.E0));
#14695=DIRECTION('',(0.E0,0.E0,1.E0));
#14696=AXIS2_PLACEMENT_3D('',#14693,#14694,#14695);
#14697=CYLINDRICAL_SURFACE('',#14696,2.95E0);
#14699=ORIENTED_EDGE('',*,*,#14698,.T.);
#14701=ORIENTED_EDGE('',*,*,#14700,.F.);
#14702=ORIENTED_EDGE('',*,*,#14683,.T.);
#14704=ORIENTED_EDGE('',*,*,#14703,.F.);
#14705=EDGE_LOOP('',(#14699,#14701,#14702,#14704));
#14706=FACE_OUTER_BOUND('',#14705,.F.);
#14708=CARTESIAN_POINT('',(2.275E0,3.4E0,-6.886412529308E0));
#14709=DIRECTION('',(0.E0,1.E0,0.E0));
#14710=DIRECTION('',(0.E0,0.E0,-1.E0));
#14711=AXIS2_PLACEMENT_3D('',#14708,#14709,#14710);
#14712=PLANE('',#14711);
#14714=ORIENTED_EDGE('',*,*,#14713,.F.);
#14716=ORIENTED_EDGE('',*,*,#14715,.F.);
#14718=ORIENTED_EDGE('',*,*,#14717,.T.);
#14720=ORIENTED_EDGE('',*,*,#14719,.T.);
#14722=ORIENTED_EDGE('',*,*,#14721,.F.);
#14724=ORIENTED_EDGE('',*,*,#14723,.F.);
#14726=ORIENTED_EDGE('',*,*,#14725,.F.);
#14727=ORIENTED_EDGE('',*,*,#14698,.F.);
#14729=ORIENTED_EDGE('',*,*,#14728,.F.);
#14731=ORIENTED_EDGE('',*,*,#14730,.F.);
#14733=ORIENTED_EDGE('',*,*,#14732,.F.);
#14735=ORIENTED_EDGE('',*,*,#14734,.F.);
#14737=ORIENTED_EDGE('',*,*,#14736,.F.);
#14739=ORIENTED_EDGE('',*,*,#14738,.F.);
#14741=ORIENTED_EDGE('',*,*,#14740,.F.);
#14743=ORIENTED_EDGE('',*,*,#14742,.F.);
#14745=ORIENTED_EDGE('',*,*,#14744,.F.);
#14747=ORIENTED_EDGE('',*,*,#14746,.F.);
#14749=ORIENTED_EDGE('',*,*,#14748,.F.);
#14751=ORIENTED_EDGE('',*,*,#14750,.F.);
#14753=ORIENTED_EDGE('',*,*,#14752,.F.);
#14755=ORIENTED_EDGE('',*,*,#14754,.F.);
#14757=ORIENTED_EDGE('',*,*,#14756,.F.);
#14759=ORIENTED_EDGE('',*,*,#14758,.F.);
#14761=ORIENTED_EDGE('',*,*,#14760,.F.);
#14763=ORIENTED_EDGE('',*,*,#14762,.F.);
#14765=ORIENTED_EDGE('',*,*,#14764,.F.);
#14767=ORIENTED_EDGE('',*,*,#14766,.F.);
#14769=ORIENTED_EDGE('',*,*,#14768,.T.);
#14771=ORIENTED_EDGE('',*,*,#14770,.T.);
#14773=ORIENTED_EDGE('',*,*,#14772,.T.);
#14775=ORIENTED_EDGE('',*,*,#14774,.F.);
#14777=ORIENTED_EDGE('',*,*,#14776,.F.);
#14779=ORIENTED_EDGE('',*,*,#14778,.F.);
#14781=ORIENTED_EDGE('',*,*,#14780,.T.);
#14783=ORIENTED_EDGE('',*,*,#14782,.F.);
#14785=ORIENTED_EDGE('',*,*,#14784,.F.);
#14787=ORIENTED_EDGE('',*,*,#14786,.F.);
#14789=ORIENTED_EDGE('',*,*,#14788,.T.);
#14791=ORIENTED_EDGE('',*,*,#14790,.F.);
#14793=ORIENTED_EDGE('',*,*,#14792,.F.);
#14795=ORIENTED_EDGE('',*,*,#14794,.F.);
#14797=ORIENTED_EDGE('',*,*,#14796,.T.);
#14799=ORIENTED_EDGE('',*,*,#14798,.F.);
#14800=EDGE_LOOP('',(#14714,#14716,#14718,#14720,#14722,#14724,#14726,#14727,
#14729,#14731,#14733,#14735,#14737,#14739,#14741,#14743,#14745,#14747,#14749,
#14751,#14753,#14755,#14757,#14759,#14761,#14763,#14765,#14767,#14769,#14771,
#14773,#14775,#14777,#14779,#14781,#14783,#14785,#14787,#14789,#14791,#14793,
#14795,#14797,#14799));
#14801=FACE_OUTER_BOUND('',#14800,.F.);
#14803=ORIENTED_EDGE('',*,*,#14802,.T.);
#14805=ORIENTED_EDGE('',*,*,#14804,.T.);
#14806=EDGE_LOOP('',(#14803,#14805));
#14807=FACE_BOUND('',#14806,.F.);
#14809=ORIENTED_EDGE('',*,*,#14808,.T.);
#14811=ORIENTED_EDGE('',*,*,#14810,.T.);
#14812=EDGE_LOOP('',(#14809,#14811));
#14813=FACE_BOUND('',#14812,.F.);
#14815=ORIENTED_EDGE('',*,*,#14814,.T.);
#14817=ORIENTED_EDGE('',*,*,#14816,.T.);
#14818=EDGE_LOOP('',(#14815,#14817));
#14819=FACE_BOUND('',#14818,.F.);
#14821=ORIENTED_EDGE('',*,*,#14820,.T.);
#14823=ORIENTED_EDGE('',*,*,#14822,.T.);
#14824=EDGE_LOOP('',(#14821,#14823));
#14825=FACE_BOUND('',#14824,.F.);
#14827=CARTESIAN_POINT('',(2.582300960162E1,4.E0,-8.825E0));
#14828=DIRECTION('',(1.E0,0.E0,0.E0));
#14829=DIRECTION('',(0.E0,-1.E0,0.E0));
#14830=AXIS2_PLACEMENT_3D('',#14827,#14828,#14829);
#14831=CYLINDRICAL_SURFACE('',#14830,1.E0);
#14833=ORIENTED_EDGE('',*,*,#14832,.T.);
#14835=ORIENTED_EDGE('',*,*,#14834,.T.);
#14837=ORIENTED_EDGE('',*,*,#14836,.F.);
#14838=ORIENTED_EDGE('',*,*,#14713,.T.);
#14840=ORIENTED_EDGE('',*,*,#14839,.F.);
#14841=EDGE_LOOP('',(#14833,#14835,#14837,#14838,#14840));
#14842=FACE_OUTER_BOUND('',#14841,.F.);
#14844=CARTESIAN_POINT('',(2.275E0,4.5E0,-9.825E0));
#14845=DIRECTION('',(0.E0,0.E0,1.E0));
#14846=DIRECTION('',(0.E0,1.E0,0.E0));
#14847=AXIS2_PLACEMENT_3D('',#14844,#14845,#14846);
#14848=PLANE('',#14847);
#14850=ORIENTED_EDGE('',*,*,#14849,.T.);
#14852=ORIENTED_EDGE('',*,*,#14851,.T.);
#14853=ORIENTED_EDGE('',*,*,#14717,.F.);
#14855=ORIENTED_EDGE('',*,*,#14854,.F.);
#14856=ORIENTED_EDGE('',*,*,#14834,.F.);
#14857=ORIENTED_EDGE('',*,*,#14832,.F.);
#14859=ORIENTED_EDGE('',*,*,#14858,.F.);
#14860=ORIENTED_EDGE('',*,*,#14796,.F.);
#14862=ORIENTED_EDGE('',*,*,#14861,.F.);
#14864=ORIENTED_EDGE('',*,*,#14863,.F.);
#14866=ORIENTED_EDGE('',*,*,#14865,.F.);
#14868=ORIENTED_EDGE('',*,*,#14867,.F.);
#14869=ORIENTED_EDGE('',*,*,#14788,.F.);
#14871=ORIENTED_EDGE('',*,*,#14870,.F.);
#14873=ORIENTED_EDGE('',*,*,#14872,.F.);
#14875=ORIENTED_EDGE('',*,*,#14874,.F.);
#14877=ORIENTED_EDGE('',*,*,#14876,.F.);
#14878=ORIENTED_EDGE('',*,*,#14780,.F.);
#14880=ORIENTED_EDGE('',*,*,#14879,.F.);
#14882=ORIENTED_EDGE('',*,*,#14881,.F.);
#14884=ORIENTED_EDGE('',*,*,#14883,.F.);
#14886=ORIENTED_EDGE('',*,*,#14885,.F.);
#14887=ORIENTED_EDGE('',*,*,#14772,.F.);
#14889=ORIENTED_EDGE('',*,*,#14888,.T.);
#14890=EDGE_LOOP('',(#14850,#14852,#14853,#14855,#14856,#14857,#14859,#14860,
#14862,#14864,#14866,#14868,#14869,#14871,#14873,#14875,#14877,#14878,#14880,
#14882,#14884,#14886,#14887,#14889));
#14891=FACE_OUTER_BOUND('',#14890,.F.);
#14893=CARTESIAN_POINT('',(2.275E0,5.8E0,-9.8775E0));
#14894=DIRECTION('',(0.E0,2.538981284137E-1,9.672309653790E-1));
#14895=DIRECTION('',(0.E0,9.672309653790E-1,-2.538981284137E-1));
#14896=AXIS2_PLACEMENT_3D('',#14893,#14894,#14895);
#14897=PLANE('',#14896);
#14898=ORIENTED_EDGE('',*,*,#9143,.T.);
#14900=ORIENTED_EDGE('',*,*,#14899,.F.);
#14901=ORIENTED_EDGE('',*,*,#14849,.F.);
#14903=ORIENTED_EDGE('',*,*,#14902,.F.);
#14904=EDGE_LOOP('',(#14898,#14900,#14901,#14903));
#14905=FACE_OUTER_BOUND('',#14904,.F.);
#14907=CARTESIAN_POINT('',(2.92E1,7.05E0,-7.39E0));
#14908=DIRECTION('',(1.E0,0.E0,0.E0));
#14909=DIRECTION('',(0.E0,1.E0,0.E0));
#14910=AXIS2_PLACEMENT_3D('',#14907,#14908,#14909);
#14911=PLANE('',#14910);
#14912=ORIENTED_EDGE('',*,*,#14851,.F.);
#14913=ORIENTED_EDGE('',*,*,#14899,.T.);
#14914=ORIENTED_EDGE('',*,*,#9141,.T.);
#14916=ORIENTED_EDGE('',*,*,#14915,.F.);
#14918=ORIENTED_EDGE('',*,*,#14917,.F.);
#14919=ORIENTED_EDGE('',*,*,#14719,.F.);
#14920=EDGE_LOOP('',(#14912,#14913,#14914,#14916,#14918,#14919));
#14921=FACE_OUTER_BOUND('',#14920,.F.);
#14923=CARTESIAN_POINT('',(2.935E1,1.135E1,-7.54E0));
#14924=DIRECTION('',(9.743911956956E-1,-2.248595066945E-1,0.E0));
#14925=DIRECTION('',(0.E0,0.E0,1.E0));
#14926=AXIS2_PLACEMENT_3D('',#14923,#14924,#14925);
#14927=PLANE('',#14926);
#14929=ORIENTED_EDGE('',*,*,#14928,.F.);
#14930=ORIENTED_EDGE('',*,*,#14915,.T.);
#14932=ORIENTED_EDGE('',*,*,#14931,.F.);
#14933=ORIENTED_EDGE('',*,*,#14612,.F.);
#14934=EDGE_LOOP('',(#14929,#14930,#14932,#14933));
#14935=FACE_OUTER_BOUND('',#14934,.F.);
#14937=CARTESIAN_POINT('',(2.9125E1,7.7E0,-4.85E0));
#14938=DIRECTION('',(0.E0,0.E0,1.E0));
#14939=DIRECTION('',(0.E0,1.E0,0.E0));
#14940=AXIS2_PLACEMENT_3D('',#14937,#14938,#14939);
#14941=PLANE('',#14940);
#14942=ORIENTED_EDGE('',*,*,#14917,.T.);
#14943=ORIENTED_EDGE('',*,*,#14928,.T.);
#14944=ORIENTED_EDGE('',*,*,#14610,.F.);
#14946=ORIENTED_EDGE('',*,*,#14945,.F.);
#14947=ORIENTED_EDGE('',*,*,#14721,.T.);
#14948=EDGE_LOOP('',(#14942,#14943,#14944,#14946,#14947));
#14949=FACE_OUTER_BOUND('',#14948,.F.);
#14951=CARTESIAN_POINT('',(2.875E1,7.7E0,-4.575E0));
#14952=DIRECTION('',(1.E0,0.E0,0.E0));
#14953=DIRECTION('',(0.E0,0.E0,-1.E0));
#14954=AXIS2_PLACEMENT_3D('',#14951,#14952,#14953);
#14955=PLANE('',#14954);
#14956=ORIENTED_EDGE('',*,*,#14945,.T.);
#14957=ORIENTED_EDGE('',*,*,#14608,.T.);
#14959=ORIENTED_EDGE('',*,*,#14958,.T.);
#14961=ORIENTED_EDGE('',*,*,#14960,.T.);
#14962=ORIENTED_EDGE('',*,*,#14723,.T.);
#14963=EDGE_LOOP('',(#14956,#14957,#14959,#14961,#14962));
#14964=FACE_OUTER_BOUND('',#14963,.F.);
#14966=CARTESIAN_POINT('',(2.842499992253E1,1.135000005034E1,
-4.449999988384E0));
#14967=DIRECTION('',(0.E0,-2.248595066991E-1,9.743911956945E-1));
#14968=DIRECTION('',(-1.E0,0.E0,0.E0));
#14969=AXIS2_PLACEMENT_3D('',#14966,#14967,#14968);
#14970=PLANE('',#14969);
#14971=ORIENTED_EDGE('',*,*,#14958,.F.);
#14972=ORIENTED_EDGE('',*,*,#14606,.T.);
#14973=ORIENTED_EDGE('',*,*,#14685,.T.);
#14975=ORIENTED_EDGE('',*,*,#14974,.T.);
#14976=EDGE_LOOP('',(#14971,#14972,#14973,#14975));
#14977=FACE_OUTER_BOUND('',#14976,.F.);
#14979=CARTESIAN_POINT('',(2.842499992253E1,7.050000044430E0,-4.6E0));
#14980=DIRECTION('',(0.E0,0.E0,1.E0));
#14981=DIRECTION('',(1.E0,0.E0,0.E0));
#14982=AXIS2_PLACEMENT_3D('',#14979,#14980,#14981);
#14983=PLANE('',#14982);
#14984=ORIENTED_EDGE('',*,*,#14960,.F.);
#14985=ORIENTED_EDGE('',*,*,#14974,.F.);
#14986=ORIENTED_EDGE('',*,*,#14700,.T.);
#14987=ORIENTED_EDGE('',*,*,#14725,.T.);
#14988=EDGE_LOOP('',(#14984,#14985,#14986,#14987));
#14989=FACE_OUTER_BOUND('',#14988,.F.);
#14991=CARTESIAN_POINT('',(2.8175E1,1.135E1,-1.008E1));
#14992=DIRECTION('',(0.E0,2.248595066952E-1,9.743911956954E-1));
#14993=DIRECTION('',(-1.E0,0.E0,0.E0));
#14994=AXIS2_PLACEMENT_3D('',#14991,#14992,#14993);
#14995=PLANE('',#14994);
#14996=ORIENTED_EDGE('',*,*,#14614,.F.);
#14997=ORIENTED_EDGE('',*,*,#14931,.T.);
#14998=ORIENTED_EDGE('',*,*,#9139,.T.);
#15000=ORIENTED_EDGE('',*,*,#14999,.F.);
#15001=EDGE_LOOP('',(#14996,#14997,#14998,#15000));
#15002=FACE_OUTER_BOUND('',#15001,.F.);
#15004=CARTESIAN_POINT('',(2.7E1,1.135E1,-1.0815E1));
#15005=DIRECTION('',(9.743911956956E-1,-2.248595066946E-1,0.E0));
#15006=DIRECTION('',(-2.248595066946E-1,-9.743911956956E-1,0.E0));
#15007=AXIS2_PLACEMENT_3D('',#15004,#15005,#15006);
#15008=PLANE('',#15007);
#15009=ORIENTED_EDGE('',*,*,#14616,.T.);
#15010=ORIENTED_EDGE('',*,*,#14999,.T.);
#15011=ORIENTED_EDGE('',*,*,#9171,.F.);
#15013=ORIENTED_EDGE('',*,*,#15012,.F.);
#15015=ORIENTED_EDGE('',*,*,#15014,.F.);
#15016=EDGE_LOOP('',(#15009,#15010,#15011,#15013,#15015));
#15017=FACE_OUTER_BOUND('',#15016,.F.);
#15019=CARTESIAN_POINT('',(2.8425E1,1.126285872662E1,-1.144021904926E1));
#15020=DIRECTION('',(0.E0,-4.190581774529E-1,9.079593845045E-1));
#15021=DIRECTION('',(0.E0,9.079593845045E-1,4.190581774529E-1));
#15022=AXIS2_PLACEMENT_3D('',#15019,#15020,#15021);
#15023=PLANE('',#15022);
#15025=ORIENTED_EDGE('',*,*,#15024,.T.);
#15026=ORIENTED_EDGE('',*,*,#15012,.T.);
#15027=ORIENTED_EDGE('',*,*,#9188,.T.);
#15029=ORIENTED_EDGE('',*,*,#15028,.F.);
#15030=EDGE_LOOP('',(#15025,#15026,#15027,#15029));
#15031=FACE_OUTER_BOUND('',#15030,.F.);
#15033=CARTESIAN_POINT('',(2.705197656976E1,1.17E1,-1.090805028316E1));
#15034=DIRECTION('',(1.E0,0.E0,0.E0));
#15035=DIRECTION('',(0.E0,0.E0,1.E0));
#15036=AXIS2_PLACEMENT_3D('',#15033,#15034,#15035);
#15037=CYLINDRICAL_SURFACE('',#15036,3.E-1);
#15038=ORIENTED_EDGE('',*,*,#14618,.T.);
#15039=ORIENTED_EDGE('',*,*,#15014,.T.);
#15040=ORIENTED_EDGE('',*,*,#15024,.F.);
#15042=ORIENTED_EDGE('',*,*,#15041,.F.);
#15043=EDGE_LOOP('',(#15038,#15039,#15040,#15042));
#15044=FACE_OUTER_BOUND('',#15043,.F.);
#15046=CARTESIAN_POINT('',(3.E1,6.E0,-7.4E0));
#15047=DIRECTION('',(1.E0,0.E0,0.E0));
#15048=DIRECTION('',(0.E0,0.E0,1.E0));
#15049=AXIS2_PLACEMENT_3D('',#15046,#15047,#15048);
#15050=PLANE('',#15049);
#15051=ORIENTED_EDGE('',*,*,#9232,.T.);
#15052=ORIENTED_EDGE('',*,*,#14247,.T.);
#15053=ORIENTED_EDGE('',*,*,#14564,.T.);
#15054=ORIENTED_EDGE('',*,*,#14620,.T.);
#15055=ORIENTED_EDGE('',*,*,#15041,.T.);
#15056=ORIENTED_EDGE('',*,*,#15028,.T.);
#15057=ORIENTED_EDGE('',*,*,#9186,.T.);
#15058=ORIENTED_EDGE('',*,*,#9217,.T.);
#15059=EDGE_LOOP('',(#15051,#15052,#15053,#15054,#15055,#15056,#15057,#15058));
#15060=FACE_OUTER_BOUND('',#15059,.F.);
#15062=CARTESIAN_POINT('',(8.E-1,7.05E0,-7.390000000001E0));
#15063=DIRECTION('',(1.E0,0.E0,0.E0));
#15064=DIRECTION('',(0.E0,1.E0,0.E0));
#15065=AXIS2_PLACEMENT_3D('',#15062,#15063,#15064);
#15066=PLANE('',#15065);
#15067=ORIENTED_EDGE('',*,*,#14888,.F.);
#15068=ORIENTED_EDGE('',*,*,#14770,.F.);
#15070=ORIENTED_EDGE('',*,*,#15069,.T.);
#15072=ORIENTED_EDGE('',*,*,#15071,.T.);
#15073=ORIENTED_EDGE('',*,*,#9145,.T.);
#15074=ORIENTED_EDGE('',*,*,#14902,.T.);
#15075=EDGE_LOOP('',(#15067,#15068,#15070,#15072,#15073,#15074));
#15076=FACE_OUTER_BOUND('',#15075,.F.);
#15078=CARTESIAN_POINT('',(8.75E-1,7.7E0,-4.85E0));
#15079=DIRECTION('',(0.E0,0.E0,1.E0));
#15080=DIRECTION('',(0.E0,1.E0,0.E0));
#15081=AXIS2_PLACEMENT_3D('',#15078,#15079,#15080);
#15082=PLANE('',#15081);
#15083=ORIENTED_EDGE('',*,*,#15069,.F.);
#15084=ORIENTED_EDGE('',*,*,#14768,.F.);
#15086=ORIENTED_EDGE('',*,*,#15085,.F.);
#15087=ORIENTED_EDGE('',*,*,#14633,.T.);
#15089=ORIENTED_EDGE('',*,*,#15088,.T.);
#15090=EDGE_LOOP('',(#15083,#15084,#15086,#15087,#15089));
#15091=FACE_OUTER_BOUND('',#15090,.F.);
#15093=CARTESIAN_POINT('',(1.25E0,7.7E0,-4.575E0));
#15094=DIRECTION('',(1.E0,0.E0,0.E0));
#15095=DIRECTION('',(0.E0,0.E0,-1.E0));
#15096=AXIS2_PLACEMENT_3D('',#15093,#15094,#15095);
#15097=PLANE('',#15096);
#15098=ORIENTED_EDGE('',*,*,#15085,.T.);
#15099=ORIENTED_EDGE('',*,*,#14766,.T.);
#15101=ORIENTED_EDGE('',*,*,#15100,.F.);
#15103=ORIENTED_EDGE('',*,*,#15102,.T.);
#15104=ORIENTED_EDGE('',*,*,#14635,.T.);
#15105=EDGE_LOOP('',(#15098,#15099,#15101,#15103,#15104));
#15106=FACE_OUTER_BOUND('',#15105,.F.);
#15108=CARTESIAN_POINT('',(1.575000077472E0,7.050000044430E0,-4.6E0));
#15109=DIRECTION('',(0.E0,0.E0,1.E0));
#15110=DIRECTION('',(-1.E0,0.E0,0.E0));
#15111=AXIS2_PLACEMENT_3D('',#15108,#15109,#15110);
#15112=PLANE('',#15111);
#15113=ORIENTED_EDGE('',*,*,#15100,.T.);
#15114=ORIENTED_EDGE('',*,*,#14764,.T.);
#15116=ORIENTED_EDGE('',*,*,#15115,.T.);
#15118=ORIENTED_EDGE('',*,*,#15117,.T.);
#15119=EDGE_LOOP('',(#15113,#15114,#15116,#15118));
#15120=FACE_OUTER_BOUND('',#15119,.F.);
#15122=CARTESIAN_POINT('',(3.75E0,1.0846E1,-6.897825058615E0));
#15123=DIRECTION('',(0.E0,-1.E0,0.E0));
#15124=DIRECTION('',(0.E0,0.E0,1.E0));
#15125=AXIS2_PLACEMENT_3D('',#15122,#15123,#15124);
#15126=CYLINDRICAL_SURFACE('',#15125,2.95E0);
#15127=ORIENTED_EDGE('',*,*,#14762,.T.);
#15129=ORIENTED_EDGE('',*,*,#15128,.F.);
#15131=ORIENTED_EDGE('',*,*,#15130,.T.);
#15132=ORIENTED_EDGE('',*,*,#15115,.F.);
#15133=EDGE_LOOP('',(#15127,#15129,#15131,#15132));
#15134=FACE_OUTER_BOUND('',#15133,.F.);
#15136=CARTESIAN_POINT('',(6.549999958387E0,7.050000054595E0,-4.6E0));
#15137=DIRECTION('',(0.E0,0.E0,1.E0));
#15138=DIRECTION('',(-1.E0,0.E0,0.E0));
#15139=AXIS2_PLACEMENT_3D('',#15136,#15137,#15138);
#15140=PLANE('',#15139);
#15141=ORIENTED_EDGE('',*,*,#15128,.T.);
#15142=ORIENTED_EDGE('',*,*,#14760,.T.);
#15144=ORIENTED_EDGE('',*,*,#15143,.F.);
#15146=ORIENTED_EDGE('',*,*,#15145,.F.);
#15147=EDGE_LOOP('',(#15141,#15142,#15144,#15146));
#15148=FACE_OUTER_BOUND('',#15147,.F.);
#15150=CARTESIAN_POINT('',(7.5E0,7.699999998475E0,-4.625000121607E0));
#15151=DIRECTION('',(1.E0,0.E0,0.E0));
#15152=DIRECTION('',(0.E0,0.E0,1.E0));
#15153=AXIS2_PLACEMENT_3D('',#15150,#15151,#15152);
#15154=PLANE('',#15153);
#15155=ORIENTED_EDGE('',*,*,#15143,.T.);
#15156=ORIENTED_EDGE('',*,*,#14758,.T.);
#15158=ORIENTED_EDGE('',*,*,#15157,.F.);
#15159=ORIENTED_EDGE('',*,*,#14643,.T.);
#15161=ORIENTED_EDGE('',*,*,#15160,.T.);
#15162=EDGE_LOOP('',(#15155,#15156,#15158,#15159,#15161));
#15163=FACE_OUTER_BOUND('',#15162,.F.);
#15165=CARTESIAN_POINT('',(7.75E0,7.7E0,-4.95E0));
#15166=DIRECTION('',(0.E0,0.E0,1.E0));
#15167=DIRECTION('',(1.E0,0.E0,0.E0));
#15168=AXIS2_PLACEMENT_3D('',#15165,#15166,#15167);
#15169=PLANE('',#15168);
#15171=ORIENTED_EDGE('',*,*,#15170,.F.);
#15172=ORIENTED_EDGE('',*,*,#14645,.T.);
#15173=ORIENTED_EDGE('',*,*,#15157,.T.);
#15174=ORIENTED_EDGE('',*,*,#14756,.T.);
#15175=EDGE_LOOP('',(#15171,#15172,#15173,#15174));
#15176=FACE_OUTER_BOUND('',#15175,.F.);
#15178=CARTESIAN_POINT('',(8.E0,7.700000000060E0,-4.624999999973E0));
#15179=DIRECTION('',(1.E0,0.E0,0.E0));
#15180=DIRECTION('',(0.E0,0.E0,1.E0));
#15181=AXIS2_PLACEMENT_3D('',#15178,#15179,#15180);
#15182=PLANE('',#15181);
#15183=ORIENTED_EDGE('',*,*,#15170,.T.);
#15184=ORIENTED_EDGE('',*,*,#14754,.T.);
#15186=ORIENTED_EDGE('',*,*,#15185,.F.);
#15188=ORIENTED_EDGE('',*,*,#15187,.T.);
#15189=ORIENTED_EDGE('',*,*,#14647,.T.);
#15190=EDGE_LOOP('',(#15183,#15184,#15186,#15188,#15189));
#15191=FACE_OUTER_BOUND('',#15190,.F.);
#15193=CARTESIAN_POINT('',(8.700000986951E0,7.050006612845E0,-4.6E0));
#15194=DIRECTION('',(0.E0,0.E0,1.E0));
#15195=DIRECTION('',(-1.E0,0.E0,0.E0));
#15196=AXIS2_PLACEMENT_3D('',#15193,#15194,#15195);
#15197=PLANE('',#15196);
#15198=ORIENTED_EDGE('',*,*,#14752,.T.);
#15200=ORIENTED_EDGE('',*,*,#15199,.T.);
#15202=ORIENTED_EDGE('',*,*,#15201,.F.);
#15203=ORIENTED_EDGE('',*,*,#15185,.T.);
#15204=EDGE_LOOP('',(#15198,#15200,#15202,#15203));
#15205=FACE_OUTER_BOUND('',#15204,.F.);
#15207=CARTESIAN_POINT('',(1.125E1,1.0846E1,-6.897825058615E0));
#15208=DIRECTION('',(0.E0,-1.E0,0.E0));
#15209=DIRECTION('',(0.E0,0.E0,1.E0));
#15210=AXIS2_PLACEMENT_3D('',#15207,#15208,#15209);
#15211=CYLINDRICAL_SURFACE('',#15210,2.95E0);
#15212=ORIENTED_EDGE('',*,*,#14750,.T.);
#15214=ORIENTED_EDGE('',*,*,#15213,.F.);
#15216=ORIENTED_EDGE('',*,*,#15215,.T.);
#15217=ORIENTED_EDGE('',*,*,#15199,.F.);
#15218=EDGE_LOOP('',(#15212,#15214,#15216,#15217));
#15219=FACE_OUTER_BOUND('',#15218,.F.);
#15221=CARTESIAN_POINT('',(1.404999995839E1,7.050000054595E0,-4.6E0));
#15222=DIRECTION('',(0.E0,0.E0,1.E0));
#15223=DIRECTION('',(-1.E0,0.E0,0.E0));
#15224=AXIS2_PLACEMENT_3D('',#15221,#15222,#15223);
#15225=PLANE('',#15224);
#15226=ORIENTED_EDGE('',*,*,#15213,.T.);
#15227=ORIENTED_EDGE('',*,*,#14748,.T.);
#15229=ORIENTED_EDGE('',*,*,#15228,.F.);
#15231=ORIENTED_EDGE('',*,*,#15230,.F.);
#15232=EDGE_LOOP('',(#15226,#15227,#15229,#15231));
#15233=FACE_OUTER_BOUND('',#15232,.F.);
#15235=CARTESIAN_POINT('',(1.5E1,7.699999998475E0,-4.625000121607E0));
#15236=DIRECTION('',(1.E0,0.E0,0.E0));
#15237=DIRECTION('',(0.E0,0.E0,1.E0));
#15238=AXIS2_PLACEMENT_3D('',#15235,#15236,#15237);
#15239=PLANE('',#15238);
#15240=ORIENTED_EDGE('',*,*,#15228,.T.);
#15241=ORIENTED_EDGE('',*,*,#14746,.T.);
#15243=ORIENTED_EDGE('',*,*,#15242,.F.);
#15244=ORIENTED_EDGE('',*,*,#14655,.T.);
#15246=ORIENTED_EDGE('',*,*,#15245,.T.);
#15247=EDGE_LOOP('',(#15240,#15241,#15243,#15244,#15246));
#15248=FACE_OUTER_BOUND('',#15247,.F.);
#15250=CARTESIAN_POINT('',(1.525E1,7.7E0,-4.95E0));
#15251=DIRECTION('',(0.E0,0.E0,1.E0));
#15252=DIRECTION('',(1.E0,0.E0,0.E0));
#15253=AXIS2_PLACEMENT_3D('',#15250,#15251,#15252);
#15254=PLANE('',#15253);
#15256=ORIENTED_EDGE('',*,*,#15255,.F.);
#15257=ORIENTED_EDGE('',*,*,#14657,.T.);
#15258=ORIENTED_EDGE('',*,*,#15242,.T.);
#15259=ORIENTED_EDGE('',*,*,#14744,.T.);
#15260=EDGE_LOOP('',(#15256,#15257,#15258,#15259));
#15261=FACE_OUTER_BOUND('',#15260,.F.);
#15263=CARTESIAN_POINT('',(1.55E1,7.700000000060E0,-4.624999999973E0));
#15264=DIRECTION('',(1.E0,0.E0,0.E0));
#15265=DIRECTION('',(0.E0,0.E0,1.E0));
#15266=AXIS2_PLACEMENT_3D('',#15263,#15264,#15265);
#15267=PLANE('',#15266);
#15268=ORIENTED_EDGE('',*,*,#15255,.T.);
#15269=ORIENTED_EDGE('',*,*,#14742,.T.);
#15271=ORIENTED_EDGE('',*,*,#15270,.F.);
#15273=ORIENTED_EDGE('',*,*,#15272,.T.);
#15274=ORIENTED_EDGE('',*,*,#14659,.T.);
#15275=EDGE_LOOP('',(#15268,#15269,#15271,#15273,#15274));
#15276=FACE_OUTER_BOUND('',#15275,.F.);
#15278=CARTESIAN_POINT('',(1.620000098695E1,7.050006612845E0,-4.6E0));
#15279=DIRECTION('',(0.E0,0.E0,1.E0));
#15280=DIRECTION('',(-1.E0,0.E0,0.E0));
#15281=AXIS2_PLACEMENT_3D('',#15278,#15279,#15280);
#15282=PLANE('',#15281);
#15283=ORIENTED_EDGE('',*,*,#14740,.T.);
#15285=ORIENTED_EDGE('',*,*,#15284,.T.);
#15287=ORIENTED_EDGE('',*,*,#15286,.F.);
#15288=ORIENTED_EDGE('',*,*,#15270,.T.);
#15289=EDGE_LOOP('',(#15283,#15285,#15287,#15288));
#15290=FACE_OUTER_BOUND('',#15289,.F.);
#15292=CARTESIAN_POINT('',(1.875E1,1.0846E1,-6.897825058615E0));
#15293=DIRECTION('',(0.E0,-1.E0,0.E0));
#15294=DIRECTION('',(0.E0,0.E0,1.E0));
#15295=AXIS2_PLACEMENT_3D('',#15292,#15293,#15294);
#15296=CYLINDRICAL_SURFACE('',#15295,2.95E0);
#15297=ORIENTED_EDGE('',*,*,#14738,.T.);
#15299=ORIENTED_EDGE('',*,*,#15298,.F.);
#15301=ORIENTED_EDGE('',*,*,#15300,.T.);
#15302=ORIENTED_EDGE('',*,*,#15284,.F.);
#15303=EDGE_LOOP('',(#15297,#15299,#15301,#15302));
#15304=FACE_OUTER_BOUND('',#15303,.F.);
#15306=CARTESIAN_POINT('',(2.154999995838E1,7.050000054595E0,-4.6E0));
#15307=DIRECTION('',(0.E0,0.E0,1.E0));
#15308=DIRECTION('',(-1.E0,0.E0,0.E0));
#15309=AXIS2_PLACEMENT_3D('',#15306,#15307,#15308);
#15310=PLANE('',#15309);
#15311=ORIENTED_EDGE('',*,*,#15298,.T.);
#15312=ORIENTED_EDGE('',*,*,#14736,.T.);
#15314=ORIENTED_EDGE('',*,*,#15313,.F.);
#15316=ORIENTED_EDGE('',*,*,#15315,.F.);
#15317=EDGE_LOOP('',(#15311,#15312,#15314,#15316));
#15318=FACE_OUTER_BOUND('',#15317,.F.);
#15320=CARTESIAN_POINT('',(2.25E1,7.699999998475E0,-4.625000121607E0));
#15321=DIRECTION('',(1.E0,0.E0,0.E0));
#15322=DIRECTION('',(0.E0,0.E0,1.E0));
#15323=AXIS2_PLACEMENT_3D('',#15320,#15321,#15322);
#15324=PLANE('',#15323);
#15325=ORIENTED_EDGE('',*,*,#15313,.T.);
#15326=ORIENTED_EDGE('',*,*,#14734,.T.);
#15328=ORIENTED_EDGE('',*,*,#15327,.F.);
#15329=ORIENTED_EDGE('',*,*,#14667,.T.);
#15331=ORIENTED_EDGE('',*,*,#15330,.T.);
#15332=EDGE_LOOP('',(#15325,#15326,#15328,#15329,#15331));
#15333=FACE_OUTER_BOUND('',#15332,.F.);
#15335=CARTESIAN_POINT('',(2.275E1,7.7E0,-4.95E0));
#15336=DIRECTION('',(0.E0,0.E0,1.E0));
#15337=DIRECTION('',(1.E0,0.E0,0.E0));
#15338=AXIS2_PLACEMENT_3D('',#15335,#15336,#15337);
#15339=PLANE('',#15338);
#15341=ORIENTED_EDGE('',*,*,#15340,.F.);
#15342=ORIENTED_EDGE('',*,*,#14669,.T.);
#15343=ORIENTED_EDGE('',*,*,#15327,.T.);
#15344=ORIENTED_EDGE('',*,*,#14732,.T.);
#15345=EDGE_LOOP('',(#15341,#15342,#15343,#15344));
#15346=FACE_OUTER_BOUND('',#15345,.F.);
#15348=CARTESIAN_POINT('',(2.3E1,7.700000000060E0,-4.624999999973E0));
#15349=DIRECTION('',(1.E0,0.E0,0.E0));
#15350=DIRECTION('',(0.E0,0.E0,1.E0));
#15351=AXIS2_PLACEMENT_3D('',#15348,#15349,#15350);
#15352=PLANE('',#15351);
#15353=ORIENTED_EDGE('',*,*,#15340,.T.);
#15354=ORIENTED_EDGE('',*,*,#14730,.T.);
#15356=ORIENTED_EDGE('',*,*,#15355,.F.);
#15358=ORIENTED_EDGE('',*,*,#15357,.T.);
#15359=ORIENTED_EDGE('',*,*,#14671,.T.);
#15360=EDGE_LOOP('',(#15353,#15354,#15356,#15358,#15359));
#15361=FACE_OUTER_BOUND('',#15360,.F.);
#15363=CARTESIAN_POINT('',(2.370000098695E1,7.050006612845E0,-4.6E0));
#15364=DIRECTION('',(0.E0,0.E0,1.E0));
#15365=DIRECTION('',(-1.E0,0.E0,0.E0));
#15366=AXIS2_PLACEMENT_3D('',#15363,#15364,#15365);
#15367=PLANE('',#15366);
#15368=ORIENTED_EDGE('',*,*,#14728,.T.);
#15369=ORIENTED_EDGE('',*,*,#14703,.T.);
#15371=ORIENTED_EDGE('',*,*,#15370,.F.);
#15372=ORIENTED_EDGE('',*,*,#15355,.T.);
#15373=EDGE_LOOP('',(#15368,#15369,#15371,#15372));
#15374=FACE_OUTER_BOUND('',#15373,.F.);
#15376=CARTESIAN_POINT('',(2.370000048189E1,1.135000277203E1,
-4.449999360301E0));
#15377=DIRECTION('',(0.E0,-2.248595066993E-1,9.743911956945E-1));
#15378=DIRECTION('',(1.E0,0.E0,0.E0));
#15379=AXIS2_PLACEMENT_3D('',#15376,#15377,#15378);
#15380=PLANE('',#15379);
#15381=ORIENTED_EDGE('',*,*,#15370,.T.);
#15382=ORIENTED_EDGE('',*,*,#14688,.T.);
#15383=ORIENTED_EDGE('',*,*,#14673,.T.);
#15384=ORIENTED_EDGE('',*,*,#15357,.F.);
#15385=EDGE_LOOP('',(#15381,#15382,#15383,#15384));
#15386=FACE_OUTER_BOUND('',#15385,.F.);
#15388=CARTESIAN_POINT('',(2.154999995839E1,1.134999992608E1,
-4.450000017057E0));
#15389=DIRECTION('',(0.E0,-2.248595066988E-1,9.743911956946E-1));
#15390=DIRECTION('',(0.E0,-9.743911956946E-1,-2.248595066988E-1));
#15391=AXIS2_PLACEMENT_3D('',#15388,#15389,#15390);
#15392=PLANE('',#15391);
#15393=ORIENTED_EDGE('',*,*,#15330,.F.);
#15394=ORIENTED_EDGE('',*,*,#14665,.T.);
#15396=ORIENTED_EDGE('',*,*,#15395,.T.);
#15397=ORIENTED_EDGE('',*,*,#15315,.T.);
#15398=EDGE_LOOP('',(#15393,#15394,#15396,#15397));
#15399=FACE_OUTER_BOUND('',#15398,.F.);
#15401=CARTESIAN_POINT('',(1.875E1,1.134999974378E1,-6.897825058615E0));
#15402=DIRECTION('',(0.E0,1.E0,0.E0));
#15403=DIRECTION('',(0.E0,0.E0,-1.E0));
#15404=AXIS2_PLACEMENT_3D('',#15401,#15402,#15403);
#15405=CONICAL_SURFACE('',#15404,3.099999940874E0,1.299461679199E1);
#15406=ORIENTED_EDGE('',*,*,#15300,.F.);
#15407=ORIENTED_EDGE('',*,*,#15395,.F.);
#15408=ORIENTED_EDGE('',*,*,#14663,.T.);
#15410=ORIENTED_EDGE('',*,*,#15409,.F.);
#15411=EDGE_LOOP('',(#15406,#15407,#15408,#15410));
#15412=FACE_OUTER_BOUND('',#15411,.F.);
#15414=CARTESIAN_POINT('',(1.620000048189E1,1.135000277203E1,
-4.449999360301E0));
#15415=DIRECTION('',(0.E0,-2.248595066993E-1,9.743911956945E-1));
#15416=DIRECTION('',(1.E0,0.E0,0.E0));
#15417=AXIS2_PLACEMENT_3D('',#15414,#15415,#15416);
#15418=PLANE('',#15417);
#15419=ORIENTED_EDGE('',*,*,#15286,.T.);
#15420=ORIENTED_EDGE('',*,*,#15409,.T.);
#15421=ORIENTED_EDGE('',*,*,#14661,.T.);
#15422=ORIENTED_EDGE('',*,*,#15272,.F.);
#15423=EDGE_LOOP('',(#15419,#15420,#15421,#15422));
#15424=FACE_OUTER_BOUND('',#15423,.F.);
#15426=CARTESIAN_POINT('',(1.404999995839E1,1.134999992608E1,
-4.450000017057E0));
#15427=DIRECTION('',(0.E0,-2.248595066988E-1,9.743911956946E-1));
#15428=DIRECTION('',(0.E0,-9.743911956946E-1,-2.248595066988E-1));
#15429=AXIS2_PLACEMENT_3D('',#15426,#15427,#15428);
#15430=PLANE('',#15429);
#15431=ORIENTED_EDGE('',*,*,#15245,.F.);
#15432=ORIENTED_EDGE('',*,*,#14653,.T.);
#15434=ORIENTED_EDGE('',*,*,#15433,.T.);
#15435=ORIENTED_EDGE('',*,*,#15230,.T.);
#15436=EDGE_LOOP('',(#15431,#15432,#15434,#15435));
#15437=FACE_OUTER_BOUND('',#15436,.F.);
#15439=CARTESIAN_POINT('',(1.125E1,1.134999974378E1,-6.897825058615E0));
#15440=DIRECTION('',(0.E0,1.E0,0.E0));
#15441=DIRECTION('',(0.E0,0.E0,-1.E0));
#15442=AXIS2_PLACEMENT_3D('',#15439,#15440,#15441);
#15443=CONICAL_SURFACE('',#15442,3.099999940874E0,1.299461679199E1);
#15444=ORIENTED_EDGE('',*,*,#15215,.F.);
#15445=ORIENTED_EDGE('',*,*,#15433,.F.);
#15446=ORIENTED_EDGE('',*,*,#14651,.T.);
#15448=ORIENTED_EDGE('',*,*,#15447,.F.);
#15449=EDGE_LOOP('',(#15444,#15445,#15446,#15448));
#15450=FACE_OUTER_BOUND('',#15449,.F.);
#15452=CARTESIAN_POINT('',(8.700000481896E0,1.135000277203E1,
-4.449999360301E0));
#15453=DIRECTION('',(0.E0,-2.248595066993E-1,9.743911956945E-1));
#15454=DIRECTION('',(1.E0,0.E0,0.E0));
#15455=AXIS2_PLACEMENT_3D('',#15452,#15453,#15454);
#15456=PLANE('',#15455);
#15457=ORIENTED_EDGE('',*,*,#15201,.T.);
#15458=ORIENTED_EDGE('',*,*,#15447,.T.);
#15459=ORIENTED_EDGE('',*,*,#14649,.T.);
#15460=ORIENTED_EDGE('',*,*,#15187,.F.);
#15461=EDGE_LOOP('',(#15457,#15458,#15459,#15460));
#15462=FACE_OUTER_BOUND('',#15461,.F.);
#15464=CARTESIAN_POINT('',(6.549999958388E0,1.134999992608E1,
-4.450000017057E0));
#15465=DIRECTION('',(0.E0,-2.248595066988E-1,9.743911956946E-1));
#15466=DIRECTION('',(0.E0,-9.743911956946E-1,-2.248595066988E-1));
#15467=AXIS2_PLACEMENT_3D('',#15464,#15465,#15466);
#15468=PLANE('',#15467);
#15469=ORIENTED_EDGE('',*,*,#15160,.F.);
#15470=ORIENTED_EDGE('',*,*,#14641,.T.);
#15472=ORIENTED_EDGE('',*,*,#15471,.T.);
#15473=ORIENTED_EDGE('',*,*,#15145,.T.);
#15474=EDGE_LOOP('',(#15469,#15470,#15472,#15473));
#15475=FACE_OUTER_BOUND('',#15474,.F.);
#15477=CARTESIAN_POINT('',(3.75E0,1.134999999861E1,-6.897825058615E0));
#15478=DIRECTION('',(0.E0,1.E0,0.E0));
#15479=DIRECTION('',(0.E0,0.E0,-1.E0));
#15480=AXIS2_PLACEMENT_3D('',#15477,#15478,#15479);
#15481=CONICAL_SURFACE('',#15480,3.099999999679E0,1.299461679199E1);
#15482=ORIENTED_EDGE('',*,*,#15130,.F.);
#15483=ORIENTED_EDGE('',*,*,#15471,.F.);
#15484=ORIENTED_EDGE('',*,*,#14639,.T.);
#15486=ORIENTED_EDGE('',*,*,#15485,.F.);
#15487=EDGE_LOOP('',(#15482,#15483,#15484,#15486));
#15488=FACE_OUTER_BOUND('',#15487,.F.);
#15490=CARTESIAN_POINT('',(1.575000077472E0,1.135000005034E1,
-4.449999988384E0));
#15491=DIRECTION('',(0.E0,-2.248595066991E-1,9.743911956945E-1));
#15492=DIRECTION('',(1.E0,0.E0,0.E0));
#15493=AXIS2_PLACEMENT_3D('',#15490,#15491,#15492);
#15494=PLANE('',#15493);
#15495=ORIENTED_EDGE('',*,*,#15102,.F.);
#15496=ORIENTED_EDGE('',*,*,#15117,.F.);
#15497=ORIENTED_EDGE('',*,*,#15485,.T.);
#15498=ORIENTED_EDGE('',*,*,#14637,.T.);
#15499=EDGE_LOOP('',(#15495,#15496,#15497,#15498));
#15500=FACE_OUTER_BOUND('',#15499,.F.);
#15502=CARTESIAN_POINT('',(6.5E-1,1.135E1,-7.54E0));
#15503=DIRECTION('',(9.743911956947E-1,2.248595066982E-1,0.E0));
#15504=DIRECTION('',(0.E0,0.E0,1.E0));
#15505=AXIS2_PLACEMENT_3D('',#15502,#15503,#15504);
#15506=PLANE('',#15505);
#15507=ORIENTED_EDGE('',*,*,#15088,.F.);
#15508=ORIENTED_EDGE('',*,*,#14631,.T.);
#15510=ORIENTED_EDGE('',*,*,#15509,.T.);
#15511=ORIENTED_EDGE('',*,*,#15071,.F.);
#15512=EDGE_LOOP('',(#15507,#15508,#15510,#15511));
#15513=FACE_OUTER_BOUND('',#15512,.F.);
#15515=CARTESIAN_POINT('',(1.825E0,1.135E1,-1.008E1));
#15516=DIRECTION('',(0.E0,2.248595066952E-1,9.743911956954E-1));
#15517=DIRECTION('',(1.E0,0.E0,0.E0));
#15518=AXIS2_PLACEMENT_3D('',#15515,#15516,#15517);
#15519=PLANE('',#15518);
#15520=ORIENTED_EDGE('',*,*,#14629,.T.);
#15522=ORIENTED_EDGE('',*,*,#15521,.T.);
#15523=ORIENTED_EDGE('',*,*,#9147,.T.);
#15524=ORIENTED_EDGE('',*,*,#15509,.F.);
#15525=EDGE_LOOP('',(#15520,#15522,#15523,#15524));
#15526=FACE_OUTER_BOUND('',#15525,.F.);
#15528=CARTESIAN_POINT('',(3.E0,1.135E1,-1.0815E1));
#15529=DIRECTION('',(9.743911956946E-1,2.248595066987E-1,0.E0));
#15530=DIRECTION('',(2.248595066987E-1,-9.743911956946E-1,0.E0));
#15531=AXIS2_PLACEMENT_3D('',#15528,#15529,#15530);
#15532=PLANE('',#15531);
#15533=ORIENTED_EDGE('',*,*,#14627,.F.);
#15535=ORIENTED_EDGE('',*,*,#15534,.F.);
#15537=ORIENTED_EDGE('',*,*,#15536,.F.);
#15539=ORIENTED_EDGE('',*,*,#15538,.T.);
#15540=ORIENTED_EDGE('',*,*,#15521,.F.);
#15541=EDGE_LOOP('',(#15533,#15535,#15537,#15539,#15540));
#15542=FACE_OUTER_BOUND('',#15541,.F.);
#15544=CARTESIAN_POINT('',(-5.780438098506E-2,1.17E1,-1.090805028316E1));
#15545=DIRECTION('',(1.E0,0.E0,0.E0));
#15546=DIRECTION('',(0.E0,0.E0,1.E0));
#15547=AXIS2_PLACEMENT_3D('',#15544,#15545,#15546);
#15548=CYLINDRICAL_SURFACE('',#15547,3.E-1);
#15549=ORIENTED_EDGE('',*,*,#14625,.T.);
#15551=ORIENTED_EDGE('',*,*,#15550,.F.);
#15553=ORIENTED_EDGE('',*,*,#15552,.T.);
#15554=ORIENTED_EDGE('',*,*,#15534,.T.);
#15555=EDGE_LOOP('',(#15549,#15551,#15553,#15554));
#15556=FACE_OUTER_BOUND('',#15555,.F.);
#15558=CARTESIAN_POINT('',(0.E0,6.E0,-7.4E0));
#15559=DIRECTION('',(1.E0,0.E0,0.E0));
#15560=DIRECTION('',(0.E0,0.E0,1.E0));
#15561=AXIS2_PLACEMENT_3D('',#15558,#15559,#15560);
#15562=PLANE('',#15561);
#15563=ORIENTED_EDGE('',*,*,#9235,.T.);
#15564=ORIENTED_EDGE('',*,*,#9220,.T.);
#15565=ORIENTED_EDGE('',*,*,#9205,.T.);
#15567=ORIENTED_EDGE('',*,*,#15566,.T.);
#15568=ORIENTED_EDGE('',*,*,#15550,.T.);
#15569=ORIENTED_EDGE('',*,*,#14623,.T.);
#15570=ORIENTED_EDGE('',*,*,#14594,.T.);
#15571=ORIENTED_EDGE('',*,*,#14250,.T.);
#15572=EDGE_LOOP('',(#15563,#15564,#15565,#15567,#15568,#15569,#15570,#15571));
#15573=FACE_OUTER_BOUND('',#15572,.F.);
#15575=CARTESIAN_POINT('',(1.575E0,1.126285872662E1,-1.144021904926E1));
#15576=DIRECTION('',(0.E0,-4.190581774529E-1,9.079593845045E-1));
#15577=DIRECTION('',(0.E0,9.079593845045E-1,4.190581774529E-1));
#15578=AXIS2_PLACEMENT_3D('',#15575,#15576,#15577);
#15579=PLANE('',#15578);
#15580=ORIENTED_EDGE('',*,*,#15552,.F.);
#15581=ORIENTED_EDGE('',*,*,#15566,.F.);
#15582=ORIENTED_EDGE('',*,*,#9203,.T.);
#15583=ORIENTED_EDGE('',*,*,#15536,.T.);
#15584=EDGE_LOOP('',(#15580,#15581,#15582,#15583));
#15585=FACE_OUTER_BOUND('',#15584,.F.);
#15587=CARTESIAN_POINT('',(3.45E0,1.07E1,-1.0815E1));
#15588=DIRECTION('',(0.E0,1.E0,0.E0));
#15589=DIRECTION('',(0.E0,0.E0,1.E0));
#15590=AXIS2_PLACEMENT_3D('',#15587,#15588,#15589);
#15591=PLANE('',#15590);
#15592=ORIENTED_EDGE('',*,*,#9201,.T.);
#15594=ORIENTED_EDGE('',*,*,#15593,.T.);
#15595=ORIENTED_EDGE('',*,*,#9149,.T.);
#15596=ORIENTED_EDGE('',*,*,#15538,.F.);
#15597=EDGE_LOOP('',(#15592,#15594,#15595,#15596));
#15598=FACE_OUTER_BOUND('',#15597,.F.);
#15600=CARTESIAN_POINT('',(4.5E0,1.135E1,-1.0815E1));
#15601=DIRECTION('',(9.743911956946E-1,-2.248595066987E-1,0.E0));
#15602=DIRECTION('',(0.E0,0.E0,1.E0));
#15603=AXIS2_PLACEMENT_3D('',#15600,#15601,#15602);
#15604=PLANE('',#15603);
#15606=ORIENTED_EDGE('',*,*,#15605,.F.);
#15608=ORIENTED_EDGE('',*,*,#15607,.F.);
#15610=ORIENTED_EDGE('',*,*,#15609,.T.);
#15612=ORIENTED_EDGE('',*,*,#15611,.T.);
#15613=ORIENTED_EDGE('',*,*,#15593,.F.);
#15614=EDGE_LOOP('',(#15606,#15608,#15610,#15612,#15613));
#15615=FACE_OUTER_BOUND('',#15614,.F.);
#15617=CARTESIAN_POINT('',(7.5E0,1.126285872662E1,-1.144021904925E1));
#15618=DIRECTION('',(0.E0,-4.190581774529E-1,9.079593845045E-1));
#15619=DIRECTION('',(0.E0,9.079593845045E-1,4.190581774529E-1));
#15620=AXIS2_PLACEMENT_3D('',#15617,#15618,#15619);
#15621=PLANE('',#15620);
#15623=ORIENTED_EDGE('',*,*,#15622,.F.);
#15624=ORIENTED_EDGE('',*,*,#15605,.T.);
#15625=ORIENTED_EDGE('',*,*,#9199,.F.);
#15627=ORIENTED_EDGE('',*,*,#15626,.T.);
#15628=EDGE_LOOP('',(#15623,#15624,#15625,#15627));
#15629=FACE_OUTER_BOUND('',#15628,.F.);
#15631=CARTESIAN_POINT('',(4.494172188779E0,1.17E1,-1.090805028316E1));
#15632=DIRECTION('',(1.E0,0.E0,0.E0));
#15633=DIRECTION('',(0.E0,0.E0,1.E0));
#15634=AXIS2_PLACEMENT_3D('',#15631,#15632,#15633);
#15635=CYLINDRICAL_SURFACE('',#15634,3.E-1);
#15637=ORIENTED_EDGE('',*,*,#15636,.T.);
#15638=ORIENTED_EDGE('',*,*,#15607,.T.);
#15639=ORIENTED_EDGE('',*,*,#15622,.T.);
#15641=ORIENTED_EDGE('',*,*,#15640,.T.);
#15642=EDGE_LOOP('',(#15637,#15638,#15639,#15641));
#15643=FACE_OUTER_BOUND('',#15642,.F.);
#15645=CARTESIAN_POINT('',(7.5E0,1.2E1,-1.056902514158E1));
#15646=DIRECTION('',(0.E0,1.E0,0.E0));
#15647=DIRECTION('',(0.E0,0.E0,-1.E0));
#15648=AXIS2_PLACEMENT_3D('',#15645,#15646,#15647);
#15649=PLANE('',#15648);
#15651=ORIENTED_EDGE('',*,*,#15650,.F.);
#15652=ORIENTED_EDGE('',*,*,#15609,.F.);
#15653=ORIENTED_EDGE('',*,*,#15636,.F.);
#15655=ORIENTED_EDGE('',*,*,#15654,.T.);
#15656=EDGE_LOOP('',(#15651,#15652,#15653,#15655));
#15657=FACE_OUTER_BOUND('',#15656,.F.);
#15659=CARTESIAN_POINT('',(7.5E0,1.135E1,-1.008E1));
#15660=DIRECTION('',(0.E0,2.248595066952E-1,9.743911956954E-1));
#15661=DIRECTION('',(1.E0,0.E0,0.E0));
#15662=AXIS2_PLACEMENT_3D('',#15659,#15660,#15661);
#15663=PLANE('',#15662);
#15664=ORIENTED_EDGE('',*,*,#9151,.T.);
#15665=ORIENTED_EDGE('',*,*,#15611,.F.);
#15666=ORIENTED_EDGE('',*,*,#15650,.T.);
#15668=ORIENTED_EDGE('',*,*,#15667,.T.);
#15669=EDGE_LOOP('',(#15664,#15665,#15666,#15668));
#15670=FACE_OUTER_BOUND('',#15669,.F.);
#15672=CARTESIAN_POINT('',(1.05E1,1.135E1,-1.0815E1));
#15673=DIRECTION('',(9.743911956956E-1,2.248595066946E-1,0.E0));
#15674=DIRECTION('',(0.E0,0.E0,1.E0));
#15675=AXIS2_PLACEMENT_3D('',#15672,#15673,#15674);
#15676=PLANE('',#15675);
#15677=ORIENTED_EDGE('',*,*,#15654,.F.);
#15678=ORIENTED_EDGE('',*,*,#15640,.F.);
#15679=ORIENTED_EDGE('',*,*,#15626,.F.);
#15681=ORIENTED_EDGE('',*,*,#15680,.T.);
#15682=ORIENTED_EDGE('',*,*,#15667,.F.);
#15683=EDGE_LOOP('',(#15677,#15678,#15679,#15681,#15682));
#15684=FACE_OUTER_BOUND('',#15683,.F.);
#15686=CARTESIAN_POINT('',(1.095E1,1.07E1,-1.0815E1));
#15687=DIRECTION('',(0.E0,1.E0,0.E0));
#15688=DIRECTION('',(0.E0,0.E0,1.E0));
#15689=AXIS2_PLACEMENT_3D('',#15686,#15687,#15688);
#15690=PLANE('',#15689);
#15691=ORIENTED_EDGE('',*,*,#9197,.T.);
#15693=ORIENTED_EDGE('',*,*,#15692,.T.);
#15694=ORIENTED_EDGE('',*,*,#9153,.T.);
#15695=ORIENTED_EDGE('',*,*,#15680,.F.);
#15696=EDGE_LOOP('',(#15691,#15693,#15694,#15695));
#15697=FACE_OUTER_BOUND('',#15696,.F.);
#15699=CARTESIAN_POINT('',(1.2E1,1.135E1,-1.0815E1));
#15700=DIRECTION('',(9.743911956956E-1,-2.248595066946E-1,0.E0));
#15701=DIRECTION('',(0.E0,0.E0,1.E0));
#15702=AXIS2_PLACEMENT_3D('',#15699,#15700,#15701);
#15703=PLANE('',#15702);
#15705=ORIENTED_EDGE('',*,*,#15704,.F.);
#15707=ORIENTED_EDGE('',*,*,#15706,.F.);
#15709=ORIENTED_EDGE('',*,*,#15708,.T.);
#15711=ORIENTED_EDGE('',*,*,#15710,.T.);
#15712=ORIENTED_EDGE('',*,*,#15692,.F.);
#15713=EDGE_LOOP('',(#15705,#15707,#15709,#15711,#15712));
#15714=FACE_OUTER_BOUND('',#15713,.F.);
#15716=CARTESIAN_POINT('',(1.5E1,1.126285872662E1,-1.144021904925E1));
#15717=DIRECTION('',(0.E0,-4.190581774529E-1,9.079593845045E-1));
#15718=DIRECTION('',(0.E0,9.079593845045E-1,4.190581774529E-1));
#15719=AXIS2_PLACEMENT_3D('',#15716,#15717,#15718);
#15720=PLANE('',#15719);
#15722=ORIENTED_EDGE('',*,*,#15721,.F.);
#15723=ORIENTED_EDGE('',*,*,#15704,.T.);
#15724=ORIENTED_EDGE('',*,*,#9195,.F.);
#15726=ORIENTED_EDGE('',*,*,#15725,.T.);
#15727=EDGE_LOOP('',(#15722,#15723,#15724,#15726));
#15728=FACE_OUTER_BOUND('',#15727,.F.);
#15730=CARTESIAN_POINT('',(1.199417218878E1,1.17E1,-1.090805028316E1));
#15731=DIRECTION('',(1.E0,0.E0,0.E0));
#15732=DIRECTION('',(0.E0,0.E0,1.E0));
#15733=AXIS2_PLACEMENT_3D('',#15730,#15731,#15732);
#15734=CYLINDRICAL_SURFACE('',#15733,3.E-1);
#15736=ORIENTED_EDGE('',*,*,#15735,.T.);
#15737=ORIENTED_EDGE('',*,*,#15706,.T.);
#15738=ORIENTED_EDGE('',*,*,#15721,.T.);
#15740=ORIENTED_EDGE('',*,*,#15739,.T.);
#15741=EDGE_LOOP('',(#15736,#15737,#15738,#15740));
#15742=FACE_OUTER_BOUND('',#15741,.F.);
#15744=CARTESIAN_POINT('',(1.5E1,1.2E1,-1.056902514158E1));
#15745=DIRECTION('',(0.E0,1.E0,0.E0));
#15746=DIRECTION('',(0.E0,0.E0,-1.E0));
#15747=AXIS2_PLACEMENT_3D('',#15744,#15745,#15746);
#15748=PLANE('',#15747);
#15750=ORIENTED_EDGE('',*,*,#15749,.F.);
#15751=ORIENTED_EDGE('',*,*,#15708,.F.);
#15752=ORIENTED_EDGE('',*,*,#15735,.F.);
#15754=ORIENTED_EDGE('',*,*,#15753,.T.);
#15755=EDGE_LOOP('',(#15750,#15751,#15752,#15754));
#15756=FACE_OUTER_BOUND('',#15755,.F.);
#15758=CARTESIAN_POINT('',(1.5E1,1.135E1,-1.008E1));
#15759=DIRECTION('',(0.E0,2.248595066952E-1,9.743911956954E-1));
#15760=DIRECTION('',(1.E0,0.E0,0.E0));
#15761=AXIS2_PLACEMENT_3D('',#15758,#15759,#15760);
#15762=PLANE('',#15761);
#15763=ORIENTED_EDGE('',*,*,#9155,.T.);
#15764=ORIENTED_EDGE('',*,*,#15710,.F.);
#15765=ORIENTED_EDGE('',*,*,#15749,.T.);
#15767=ORIENTED_EDGE('',*,*,#15766,.T.);
#15768=EDGE_LOOP('',(#15763,#15764,#15765,#15767));
#15769=FACE_OUTER_BOUND('',#15768,.F.);
#15771=CARTESIAN_POINT('',(1.8E1,1.135E1,-1.0815E1));
#15772=DIRECTION('',(9.743911956956E-1,2.248595066946E-1,0.E0));
#15773=DIRECTION('',(0.E0,0.E0,1.E0));
#15774=AXIS2_PLACEMENT_3D('',#15771,#15772,#15773);
#15775=PLANE('',#15774);
#15776=ORIENTED_EDGE('',*,*,#15753,.F.);
#15777=ORIENTED_EDGE('',*,*,#15739,.F.);
#15778=ORIENTED_EDGE('',*,*,#15725,.F.);
#15780=ORIENTED_EDGE('',*,*,#15779,.T.);
#15781=ORIENTED_EDGE('',*,*,#15766,.F.);
#15782=EDGE_LOOP('',(#15776,#15777,#15778,#15780,#15781));
#15783=FACE_OUTER_BOUND('',#15782,.F.);
#15785=CARTESIAN_POINT('',(1.845E1,1.07E1,-1.0815E1));
#15786=DIRECTION('',(0.E0,1.E0,0.E0));
#15787=DIRECTION('',(0.E0,0.E0,1.E0));
#15788=AXIS2_PLACEMENT_3D('',#15785,#15786,#15787);
#15789=PLANE('',#15788);
#15790=ORIENTED_EDGE('',*,*,#9193,.T.);
#15792=ORIENTED_EDGE('',*,*,#15791,.T.);
#15793=ORIENTED_EDGE('',*,*,#9157,.T.);
#15794=ORIENTED_EDGE('',*,*,#15779,.F.);
#15795=EDGE_LOOP('',(#15790,#15792,#15793,#15794));
#15796=FACE_OUTER_BOUND('',#15795,.F.);
#15798=CARTESIAN_POINT('',(1.95E1,1.135E1,-1.0815E1));
#15799=DIRECTION('',(9.743911956956E-1,-2.248595066946E-1,0.E0));
#15800=DIRECTION('',(0.E0,0.E0,1.E0));
#15801=AXIS2_PLACEMENT_3D('',#15798,#15799,#15800);
#15802=PLANE('',#15801);
#15804=ORIENTED_EDGE('',*,*,#15803,.F.);
#15806=ORIENTED_EDGE('',*,*,#15805,.F.);
#15808=ORIENTED_EDGE('',*,*,#15807,.T.);
#15810=ORIENTED_EDGE('',*,*,#15809,.T.);
#15811=ORIENTED_EDGE('',*,*,#15791,.F.);
#15812=EDGE_LOOP('',(#15804,#15806,#15808,#15810,#15811));
#15813=FACE_OUTER_BOUND('',#15812,.F.);
#15815=CARTESIAN_POINT('',(2.25E1,1.126285872662E1,-1.144021904925E1));
#15816=DIRECTION('',(0.E0,-4.190581774529E-1,9.079593845045E-1));
#15817=DIRECTION('',(0.E0,9.079593845045E-1,4.190581774529E-1));
#15818=AXIS2_PLACEMENT_3D('',#15815,#15816,#15817);
#15819=PLANE('',#15818);
#15821=ORIENTED_EDGE('',*,*,#15820,.F.);
#15822=ORIENTED_EDGE('',*,*,#15803,.T.);
#15823=ORIENTED_EDGE('',*,*,#9191,.F.);
#15825=ORIENTED_EDGE('',*,*,#15824,.T.);
#15826=EDGE_LOOP('',(#15821,#15822,#15823,#15825));
#15827=FACE_OUTER_BOUND('',#15826,.F.);
#15829=CARTESIAN_POINT('',(1.949417218878E1,1.17E1,-1.090805028316E1));
#15830=DIRECTION('',(1.E0,0.E0,0.E0));
#15831=DIRECTION('',(0.E0,0.E0,1.E0));
#15832=AXIS2_PLACEMENT_3D('',#15829,#15830,#15831);
#15833=CYLINDRICAL_SURFACE('',#15832,3.E-1);
#15835=ORIENTED_EDGE('',*,*,#15834,.T.);
#15836=ORIENTED_EDGE('',*,*,#15805,.T.);
#15837=ORIENTED_EDGE('',*,*,#15820,.T.);
#15839=ORIENTED_EDGE('',*,*,#15838,.T.);
#15840=EDGE_LOOP('',(#15835,#15836,#15837,#15839));
#15841=FACE_OUTER_BOUND('',#15840,.F.);
#15843=CARTESIAN_POINT('',(2.25E1,1.2E1,-1.056902514158E1));
#15844=DIRECTION('',(0.E0,1.E0,0.E0));
#15845=DIRECTION('',(0.E0,0.E0,-1.E0));
#15846=AXIS2_PLACEMENT_3D('',#15843,#15844,#15845);
#15847=PLANE('',#15846);
#15849=ORIENTED_EDGE('',*,*,#15848,.F.);
#15850=ORIENTED_EDGE('',*,*,#15807,.F.);
#15851=ORIENTED_EDGE('',*,*,#15834,.F.);
#15853=ORIENTED_EDGE('',*,*,#15852,.T.);
#15854=EDGE_LOOP('',(#15849,#15850,#15851,#15853));
#15855=FACE_OUTER_BOUND('',#15854,.F.);
#15857=CARTESIAN_POINT('',(2.25E1,1.135E1,-1.008E1));
#15858=DIRECTION('',(0.E0,2.248595066952E-1,9.743911956954E-1));
#15859=DIRECTION('',(1.E0,0.E0,0.E0));
#15860=AXIS2_PLACEMENT_3D('',#15857,#15858,#15859);
#15861=PLANE('',#15860);
#15862=ORIENTED_EDGE('',*,*,#9159,.T.);
#15863=ORIENTED_EDGE('',*,*,#15809,.F.);
#15864=ORIENTED_EDGE('',*,*,#15848,.T.);
#15866=ORIENTED_EDGE('',*,*,#15865,.T.);
#15867=EDGE_LOOP('',(#15862,#15863,#15864,#15866));
#15868=FACE_OUTER_BOUND('',#15867,.F.);
#15870=CARTESIAN_POINT('',(2.55E1,1.135E1,-1.0815E1));
#15871=DIRECTION('',(9.743911956956E-1,2.248595066946E-1,0.E0));
#15872=DIRECTION('',(0.E0,0.E0,1.E0));
#15873=AXIS2_PLACEMENT_3D('',#15870,#15871,#15872);
#15874=PLANE('',#15873);
#15875=ORIENTED_EDGE('',*,*,#15852,.F.);
#15876=ORIENTED_EDGE('',*,*,#15838,.F.);
#15877=ORIENTED_EDGE('',*,*,#15824,.F.);
#15878=ORIENTED_EDGE('',*,*,#9174,.T.);
#15879=ORIENTED_EDGE('',*,*,#15865,.F.);
#15880=EDGE_LOOP('',(#15875,#15876,#15877,#15878,#15879));
#15881=FACE_OUTER_BOUND('',#15880,.F.);
#15883=CARTESIAN_POINT('',(2.665000000001E1,3.7E0,-9.725E0));
#15884=DIRECTION('',(1.E0,0.E0,0.E0));
#15885=DIRECTION('',(0.E0,0.E0,-1.E0));
#15886=AXIS2_PLACEMENT_3D('',#15883,#15884,#15885);
#15887=PLANE('',#15886);
#15888=ORIENTED_EDGE('',*,*,#14836,.T.);
#15889=ORIENTED_EDGE('',*,*,#14854,.T.);
#15890=ORIENTED_EDGE('',*,*,#14715,.T.);
#15891=EDGE_LOOP('',(#15888,#15889,#15890));
#15892=FACE_OUTER_BOUND('',#15891,.F.);
#15894=CARTESIAN_POINT('',(2.584999999999E1,3.7E0,-9.725E0));
#15895=DIRECTION('',(1.E0,0.E0,0.E0));
#15896=DIRECTION('',(0.E0,0.E0,-1.E0));
#15897=AXIS2_PLACEMENT_3D('',#15894,#15895,#15896);
#15898=PLANE('',#15897);
#15899=ORIENTED_EDGE('',*,*,#14839,.T.);
#15900=ORIENTED_EDGE('',*,*,#14798,.T.);
#15901=ORIENTED_EDGE('',*,*,#14858,.T.);
#15902=EDGE_LOOP('',(#15899,#15900,#15901));
#15903=FACE_OUTER_BOUND('',#15902,.F.);
#15905=CARTESIAN_POINT('',(1.914999999999E1,3.7E0,-9.725E0));
#15906=DIRECTION('',(1.E0,0.E0,0.E0));
#15907=DIRECTION('',(0.E0,0.E0,1.E0));
#15908=AXIS2_PLACEMENT_3D('',#15905,#15906,#15907);
#15909=PLANE('',#15908);
#15911=ORIENTED_EDGE('',*,*,#15910,.T.);
#15912=ORIENTED_EDGE('',*,*,#14861,.T.);
#15913=ORIENTED_EDGE('',*,*,#14794,.T.);
#15914=EDGE_LOOP('',(#15911,#15912,#15913));
#15915=FACE_OUTER_BOUND('',#15914,.F.);
#15917=CARTESIAN_POINT('',(1.832300960162E1,4.E0,-8.825E0));
#15918=DIRECTION('',(1.E0,0.E0,0.E0));
#15919=DIRECTION('',(0.E0,-1.E0,0.E0));
#15920=AXIS2_PLACEMENT_3D('',#15917,#15918,#15919);
#15921=CYLINDRICAL_SURFACE('',#15920,1.E0);
#15922=ORIENTED_EDGE('',*,*,#14865,.T.);
#15923=ORIENTED_EDGE('',*,*,#14863,.T.);
#15924=ORIENTED_EDGE('',*,*,#15910,.F.);
#15925=ORIENTED_EDGE('',*,*,#14792,.T.);
#15927=ORIENTED_EDGE('',*,*,#15926,.F.);
#15928=EDGE_LOOP('',(#15922,#15923,#15924,#15925,#15927));
#15929=FACE_OUTER_BOUND('',#15928,.F.);
#15931=CARTESIAN_POINT('',(1.834999999999E1,3.7E0,-9.725E0));
#15932=DIRECTION('',(1.E0,0.E0,0.E0));
#15933=DIRECTION('',(0.E0,0.E0,-1.E0));
#15934=AXIS2_PLACEMENT_3D('',#15931,#15932,#15933);
#15935=PLANE('',#15934);
#15936=ORIENTED_EDGE('',*,*,#15926,.T.);
#15937=ORIENTED_EDGE('',*,*,#14790,.T.);
#15938=ORIENTED_EDGE('',*,*,#14867,.T.);
#15939=EDGE_LOOP('',(#15936,#15937,#15938));
#15940=FACE_OUTER_BOUND('',#15939,.F.);
#15942=CARTESIAN_POINT('',(1.164999999999E1,3.7E0,-9.725E0));
#15943=DIRECTION('',(1.E0,0.E0,0.E0));
#15944=DIRECTION('',(0.E0,0.E0,1.E0));
#15945=AXIS2_PLACEMENT_3D('',#15942,#15943,#15944);
#15946=PLANE('',#15945);
#15948=ORIENTED_EDGE('',*,*,#15947,.T.);
#15949=ORIENTED_EDGE('',*,*,#14870,.T.);
#15950=ORIENTED_EDGE('',*,*,#14786,.T.);
#15951=EDGE_LOOP('',(#15948,#15949,#15950));
#15952=FACE_OUTER_BOUND('',#15951,.F.);
#15954=CARTESIAN_POINT('',(1.082300960162E1,4.E0,-8.825E0));
#15955=DIRECTION('',(1.E0,0.E0,0.E0));
#15956=DIRECTION('',(0.E0,-1.E0,0.E0));
#15957=AXIS2_PLACEMENT_3D('',#15954,#15955,#15956);
#15958=CYLINDRICAL_SURFACE('',#15957,1.E0);
#15959=ORIENTED_EDGE('',*,*,#14874,.T.);
#15960=ORIENTED_EDGE('',*,*,#14872,.T.);
#15961=ORIENTED_EDGE('',*,*,#15947,.F.);
#15962=ORIENTED_EDGE('',*,*,#14784,.T.);
#15964=ORIENTED_EDGE('',*,*,#15963,.F.);
#15965=EDGE_LOOP('',(#15959,#15960,#15961,#15962,#15964));
#15966=FACE_OUTER_BOUND('',#15965,.F.);
#15968=CARTESIAN_POINT('',(1.084999999999E1,3.7E0,-9.725E0));
#15969=DIRECTION('',(1.E0,0.E0,0.E0));
#15970=DIRECTION('',(0.E0,0.E0,-1.E0));
#15971=AXIS2_PLACEMENT_3D('',#15968,#15969,#15970);
#15972=PLANE('',#15971);
#15973=ORIENTED_EDGE('',*,*,#15963,.T.);
#15974=ORIENTED_EDGE('',*,*,#14782,.T.);
#15975=ORIENTED_EDGE('',*,*,#14876,.T.);
#15976=EDGE_LOOP('',(#15973,#15974,#15975));
#15977=FACE_OUTER_BOUND('',#15976,.F.);
#15979=CARTESIAN_POINT('',(4.149999999995E0,3.7E0,-9.725E0));
#15980=DIRECTION('',(1.E0,0.E0,0.E0));
#15981=DIRECTION('',(0.E0,0.E0,1.E0));
#15982=AXIS2_PLACEMENT_3D('',#15979,#15980,#15981);
#15983=PLANE('',#15982);
#15985=ORIENTED_EDGE('',*,*,#15984,.T.);
#15986=ORIENTED_EDGE('',*,*,#14879,.T.);
#15987=ORIENTED_EDGE('',*,*,#14778,.T.);
#15988=EDGE_LOOP('',(#15985,#15986,#15987));
#15989=FACE_OUTER_BOUND('',#15988,.F.);
#15991=CARTESIAN_POINT('',(3.323009601625E0,4.E0,-8.825E0));
#15992=DIRECTION('',(1.E0,0.E0,0.E0));
#15993=DIRECTION('',(0.E0,-1.E0,0.E0));
#15994=AXIS2_PLACEMENT_3D('',#15991,#15992,#15993);
#15995=CYLINDRICAL_SURFACE('',#15994,1.E0);
#15996=ORIENTED_EDGE('',*,*,#14883,.T.);
#15997=ORIENTED_EDGE('',*,*,#14881,.T.);
#15998=ORIENTED_EDGE('',*,*,#15984,.F.);
#15999=ORIENTED_EDGE('',*,*,#14776,.T.);
#16001=ORIENTED_EDGE('',*,*,#16000,.F.);
#16002=EDGE_LOOP('',(#15996,#15997,#15998,#15999,#16001));
#16003=FACE_OUTER_BOUND('',#16002,.F.);
#16005=CARTESIAN_POINT('',(3.349999999993E0,3.7E0,-9.725E0));
#16006=DIRECTION('',(1.E0,0.E0,0.E0));
#16007=DIRECTION('',(0.E0,0.E0,-1.E0));
#16008=AXIS2_PLACEMENT_3D('',#16005,#16006,#16007);
#16009=PLANE('',#16008);
#16010=ORIENTED_EDGE('',*,*,#16000,.T.);
#16011=ORIENTED_EDGE('',*,*,#14774,.T.);
#16012=ORIENTED_EDGE('',*,*,#14885,.T.);
#16013=EDGE_LOOP('',(#16010,#16011,#16012));
#16014=FACE_OUTER_BOUND('',#16013,.F.);
#16016=CARTESIAN_POINT('',(3.75E0,3.771447006199E0,-6.9E0));
#16017=DIRECTION('',(0.E0,-1.E0,0.E0));
#16018=DIRECTION('',(-1.E0,0.E0,0.E0));
#16019=AXIS2_PLACEMENT_3D('',#16016,#16017,#16018);
#16020=CONICAL_SURFACE('',#16019,1.372411412555E0,1.941049363097E0);
#16022=ORIENTED_EDGE('',*,*,#16021,.F.);
#16024=ORIENTED_EDGE('',*,*,#16023,.F.);
#16026=ORIENTED_EDGE('',*,*,#16025,.F.);
#16028=ORIENTED_EDGE('',*,*,#16027,.T.);
#16029=ORIENTED_EDGE('',*,*,#14802,.F.);
#16030=EDGE_LOOP('',(#16022,#16024,#16026,#16028,#16029));
#16031=FACE_OUTER_BOUND('',#16030,.F.);
#16033=CARTESIAN_POINT('',(3.75E0,3.771447006199E0,-6.9E0));
#16034=DIRECTION('',(0.E0,-1.E0,0.E0));
#16035=DIRECTION('',(-1.E0,0.E0,0.E0));
#16036=AXIS2_PLACEMENT_3D('',#16033,#16034,#16035);
#16037=CONICAL_SURFACE('',#16036,1.372411412555E0,1.941049363097E0);
#16038=ORIENTED_EDGE('',*,*,#16021,.T.);
#16039=ORIENTED_EDGE('',*,*,#14804,.F.);
#16040=ORIENTED_EDGE('',*,*,#16027,.F.);
#16042=ORIENTED_EDGE('',*,*,#16041,.F.);
#16044=ORIENTED_EDGE('',*,*,#16043,.F.);
#16045=EDGE_LOOP('',(#16038,#16039,#16040,#16042,#16044));
#16046=FACE_OUTER_BOUND('',#16045,.F.);
#16048=CARTESIAN_POINT('',(3.75E0,4.132732645657E0,-6.9E0));
#16049=DIRECTION('',(0.E0,-1.E0,0.E0));
#16050=DIRECTION('',(-1.E0,0.E0,0.E0));
#16051=AXIS2_PLACEMENT_3D('',#16048,#16049,#16050);
#16052=TOROIDAL_SURFACE('',#16051,1.059994963453E0,3.E-1);
#16054=ORIENTED_EDGE('',*,*,#16053,.T.);
#16055=ORIENTED_EDGE('',*,*,#16043,.T.);
#16056=ORIENTED_EDGE('',*,*,#16041,.T.);
#16058=ORIENTED_EDGE('',*,*,#16057,.F.);
#16060=ORIENTED_EDGE('',*,*,#16059,.F.);
#16061=EDGE_LOOP('',(#16054,#16055,#16056,#16058,#16060));
#16062=FACE_OUTER_BOUND('',#16061,.F.);
#16064=CARTESIAN_POINT('',(3.75E0,4.132732645657E0,-6.9E0));
#16065=DIRECTION('',(0.E0,-1.E0,0.E0));
#16066=DIRECTION('',(-1.E0,0.E0,0.E0));
#16067=AXIS2_PLACEMENT_3D('',#16064,#16065,#16066);
#16068=TOROIDAL_SURFACE('',#16067,1.059994963453E0,3.E-1);
#16069=ORIENTED_EDGE('',*,*,#16053,.F.);
#16071=ORIENTED_EDGE('',*,*,#16070,.F.);
#16073=ORIENTED_EDGE('',*,*,#16072,.F.);
#16074=ORIENTED_EDGE('',*,*,#16057,.T.);
#16075=ORIENTED_EDGE('',*,*,#16025,.T.);
#16076=ORIENTED_EDGE('',*,*,#16023,.T.);
#16077=EDGE_LOOP('',(#16069,#16071,#16073,#16074,#16075,#16076));
#16078=FACE_OUTER_BOUND('',#16077,.F.);
#16080=CARTESIAN_POINT('',(3.220002518274E0,4.432732645657E0,-6.9E0));
#16081=DIRECTION('',(0.E0,1.E0,0.E0));
#16082=DIRECTION('',(-1.E0,0.E0,0.E0));
#16083=AXIS2_PLACEMENT_3D('',#16080,#16081,#16082);
#16084=PLANE('',#16083);
#16085=ORIENTED_EDGE('',*,*,#16070,.T.);
#16086=ORIENTED_EDGE('',*,*,#16059,.T.);
#16087=ORIENTED_EDGE('',*,*,#16072,.T.);
#16088=EDGE_LOOP('',(#16085,#16086,#16087));
#16089=FACE_OUTER_BOUND('',#16088,.F.);
#16091=ORIENTED_EDGE('',*,*,#16090,.F.);
#16093=ORIENTED_EDGE('',*,*,#16092,.F.);
#16095=ORIENTED_EDGE('',*,*,#16094,.F.);
#16097=ORIENTED_EDGE('',*,*,#16096,.F.);
#16099=ORIENTED_EDGE('',*,*,#16098,.F.);
#16101=ORIENTED_EDGE('',*,*,#16100,.F.);
#16103=ORIENTED_EDGE('',*,*,#16102,.F.);
#16105=ORIENTED_EDGE('',*,*,#16104,.F.);
#16107=ORIENTED_EDGE('',*,*,#16106,.F.);
#16109=ORIENTED_EDGE('',*,*,#16108,.F.);
#16111=ORIENTED_EDGE('',*,*,#16110,.F.);
#16113=ORIENTED_EDGE('',*,*,#16112,.F.);
#16114=EDGE_LOOP('',(#16091,#16093,#16095,#16097,#16099,#16101,#16103,#16105,
#16107,#16109,#16111,#16113));
#16115=FACE_BOUND('',#16114,.F.);
#16117=CARTESIAN_POINT('',(3.574999999999E0,7.166366322828E0,-6.4E0));
#16118=DIRECTION('',(0.E0,0.E0,1.E0));
#16119=DIRECTION('',(0.E0,1.E0,0.E0));
#16120=AXIS2_PLACEMENT_3D('',#16117,#16118,#16119);
#16121=PLANE('',#16120);
#16123=ORIENTED_EDGE('',*,*,#16122,.F.);
#16125=ORIENTED_EDGE('',*,*,#16124,.F.);
#16126=ORIENTED_EDGE('',*,*,#16090,.T.);
#16128=ORIENTED_EDGE('',*,*,#16127,.F.);
#16129=EDGE_LOOP('',(#16123,#16125,#16126,#16128));
#16130=FACE_OUTER_BOUND('',#16129,.F.);
#16132=CARTESIAN_POINT('',(3.521966991411E0,1.04E1,-6.499999999999E0));
#16133=DIRECTION('',(0.E0,1.961161351373E-1,9.805806756911E-1));
#16134=DIRECTION('',(-1.E0,0.E0,0.E0));
#16135=AXIS2_PLACEMENT_3D('',#16132,#16133,#16134);
#16136=PLANE('',#16135);
#16138=ORIENTED_EDGE('',*,*,#16137,.F.);
#16140=ORIENTED_EDGE('',*,*,#16139,.F.);
#16142=ORIENTED_EDGE('',*,*,#16141,.F.);
#16143=ORIENTED_EDGE('',*,*,#16122,.T.);
#16145=ORIENTED_EDGE('',*,*,#16144,.F.);
#16147=ORIENTED_EDGE('',*,*,#16146,.F.);
#16148=EDGE_LOOP('',(#16138,#16140,#16142,#16143,#16145,#16147));
#16149=FACE_OUTER_BOUND('',#16148,.F.);
#16151=CARTESIAN_POINT('',(3.6E0,1.09E1,-6.9E0));
#16152=DIRECTION('',(0.E0,1.E0,0.E0));
#16153=DIRECTION('',(0.E0,0.E0,-1.E0));
#16154=AXIS2_PLACEMENT_3D('',#16151,#16152,#16153);
#16155=PLANE('',#16154);
#16157=ORIENTED_EDGE('',*,*,#16156,.F.);
#16159=ORIENTED_EDGE('',*,*,#16158,.F.);
#16160=ORIENTED_EDGE('',*,*,#16137,.T.);
#16162=ORIENTED_EDGE('',*,*,#16161,.F.);
#16163=EDGE_LOOP('',(#16157,#16159,#16160,#16162));
#16164=FACE_OUTER_BOUND('',#16163,.F.);
#16166=CARTESIAN_POINT('',(3.521966991411E0,1.04E1,-7.300000000001E0));
#16167=DIRECTION('',(0.E0,-1.961161351373E-1,9.805806756911E-1));
#16168=DIRECTION('',(-1.E0,0.E0,0.E0));
#16169=AXIS2_PLACEMENT_3D('',#16166,#16167,#16168);
#16170=PLANE('',#16169);
#16172=ORIENTED_EDGE('',*,*,#16171,.F.);
#16174=ORIENTED_EDGE('',*,*,#16173,.F.);
#16176=ORIENTED_EDGE('',*,*,#16175,.F.);
#16177=ORIENTED_EDGE('',*,*,#16156,.T.);
#16179=ORIENTED_EDGE('',*,*,#16178,.F.);
#16181=ORIENTED_EDGE('',*,*,#16180,.F.);
#16182=EDGE_LOOP('',(#16172,#16174,#16176,#16177,#16179,#16181));
#16183=FACE_OUTER_BOUND('',#16182,.F.);
#16185=CARTESIAN_POINT('',(3.574999999999E0,7.166366322828E0,-7.4E0));
#16186=DIRECTION('',(0.E0,0.E0,1.E0));
#16187=DIRECTION('',(0.E0,-1.E0,0.E0));
#16188=AXIS2_PLACEMENT_3D('',#16185,#16186,#16187);
#16189=PLANE('',#16188);
#16190=ORIENTED_EDGE('',*,*,#16102,.T.);
#16192=ORIENTED_EDGE('',*,*,#16191,.F.);
#16193=ORIENTED_EDGE('',*,*,#16171,.T.);
#16195=ORIENTED_EDGE('',*,*,#16194,.F.);
#16196=EDGE_LOOP('',(#16190,#16192,#16193,#16195));
#16197=FACE_OUTER_BOUND('',#16196,.F.);
#16199=CARTESIAN_POINT('',(4.1E0,1.025406331239E1,-7.25E0));
#16200=DIRECTION('',(0.E0,-1.E0,0.E0));
#16201=DIRECTION('',(0.E0,0.E0,1.E0));
#16202=AXIS2_PLACEMENT_3D('',#16199,#16200,#16201);
#16203=CYLINDRICAL_SURFACE('',#16202,1.5E-1);
#16205=ORIENTED_EDGE('',*,*,#16204,.F.);
#16207=ORIENTED_EDGE('',*,*,#16206,.F.);
#16209=ORIENTED_EDGE('',*,*,#16208,.F.);
#16210=ORIENTED_EDGE('',*,*,#16173,.T.);
#16211=ORIENTED_EDGE('',*,*,#16191,.T.);
#16213=ORIENTED_EDGE('',*,*,#16212,.F.);
#16215=ORIENTED_EDGE('',*,*,#16214,.F.);
#16216=EDGE_LOOP('',(#16205,#16207,#16209,#16210,#16211,#16213,#16215));
#16217=FACE_OUTER_BOUND('',#16216,.F.);
#16219=CARTESIAN_POINT('',(4.25E0,3.916366322828E0,-7.325E0));
#16220=DIRECTION('',(1.E0,0.E0,0.E0));
#16221=DIRECTION('',(0.E0,0.E0,-1.E0));
#16222=AXIS2_PLACEMENT_3D('',#16219,#16220,#16221);
#16223=PLANE('',#16222);
#16225=ORIENTED_EDGE('',*,*,#16224,.F.);
#16227=ORIENTED_EDGE('',*,*,#16226,.F.);
#16228=ORIENTED_EDGE('',*,*,#16098,.T.);
#16229=ORIENTED_EDGE('',*,*,#16204,.T.);
#16230=EDGE_LOOP('',(#16225,#16227,#16228,#16229));
#16231=FACE_OUTER_BOUND('',#16230,.F.);
#16233=CARTESIAN_POINT('',(4.175E0,3.4E0,-7.325E0));
#16234=DIRECTION('',(0.E0,1.E0,0.E0));
#16235=DIRECTION('',(0.E0,0.E0,-1.E0));
#16236=AXIS2_PLACEMENT_3D('',#16233,#16234,#16235);
#16237=PLANE('',#16236);
#16238=ORIENTED_EDGE('',*,*,#16224,.T.);
#16239=ORIENTED_EDGE('',*,*,#16214,.T.);
#16241=ORIENTED_EDGE('',*,*,#16240,.F.);
#16242=EDGE_LOOP('',(#16238,#16239,#16241));
#16243=FACE_OUTER_BOUND('',#16242,.F.);
#16245=CARTESIAN_POINT('',(4.175E0,3.916366322829E0,-7.4E0));
#16246=DIRECTION('',(0.E0,0.E0,1.E0));
#16247=DIRECTION('',(-1.E0,0.E0,0.E0));
#16248=AXIS2_PLACEMENT_3D('',#16245,#16246,#16247);
#16249=PLANE('',#16248);
#16250=ORIENTED_EDGE('',*,*,#16240,.T.);
#16251=ORIENTED_EDGE('',*,*,#16212,.T.);
#16252=ORIENTED_EDGE('',*,*,#16100,.T.);
#16253=ORIENTED_EDGE('',*,*,#16226,.T.);
#16254=EDGE_LOOP('',(#16250,#16251,#16252,#16253));
#16255=FACE_OUTER_BOUND('',#16254,.F.);
#16257=CARTESIAN_POINT('',(4.25E0,7.166366322828E0,-6.9E0));
#16258=DIRECTION('',(1.E0,0.E0,0.E0));
#16259=DIRECTION('',(0.E0,-1.E0,0.E0));
#16260=AXIS2_PLACEMENT_3D('',#16257,#16258,#16259);
#16261=PLANE('',#16260);
#16262=ORIENTED_EDGE('',*,*,#16096,.T.);
#16264=ORIENTED_EDGE('',*,*,#16263,.F.);
#16266=ORIENTED_EDGE('',*,*,#16265,.F.);
#16267=ORIENTED_EDGE('',*,*,#16206,.T.);
#16268=EDGE_LOOP('',(#16262,#16264,#16266,#16267));
#16269=FACE_OUTER_BOUND('',#16268,.F.);
#16271=CARTESIAN_POINT('',(4.1E0,1.025406331239E1,-6.55E0));
#16272=DIRECTION('',(0.E0,-1.E0,0.E0));
#16273=DIRECTION('',(0.E0,0.E0,1.E0));
#16274=AXIS2_PLACEMENT_3D('',#16271,#16272,#16273);
#16275=CYLINDRICAL_SURFACE('',#16274,1.5E-1);
#16277=ORIENTED_EDGE('',*,*,#16276,.F.);
#16278=ORIENTED_EDGE('',*,*,#16124,.T.);
#16279=ORIENTED_EDGE('',*,*,#16141,.T.);
#16281=ORIENTED_EDGE('',*,*,#16280,.F.);
#16282=ORIENTED_EDGE('',*,*,#16263,.T.);
#16284=ORIENTED_EDGE('',*,*,#16283,.F.);
#16286=ORIENTED_EDGE('',*,*,#16285,.F.);
#16287=EDGE_LOOP('',(#16277,#16278,#16279,#16281,#16282,#16284,#16286));
#16288=FACE_OUTER_BOUND('',#16287,.F.);
#16290=CARTESIAN_POINT('',(4.175E0,3.916366322828E0,-6.4E0));
#16291=DIRECTION('',(0.E0,0.E0,1.E0));
#16292=DIRECTION('',(1.E0,0.E0,0.E0));
#16293=AXIS2_PLACEMENT_3D('',#16290,#16291,#16292);
#16294=PLANE('',#16293);
#16296=ORIENTED_EDGE('',*,*,#16295,.F.);
#16298=ORIENTED_EDGE('',*,*,#16297,.F.);
#16299=ORIENTED_EDGE('',*,*,#16092,.T.);
#16300=ORIENTED_EDGE('',*,*,#16276,.T.);
#16301=EDGE_LOOP('',(#16296,#16298,#16299,#16300));
#16302=FACE_OUTER_BOUND('',#16301,.F.);
#16304=CARTESIAN_POINT('',(4.175E0,3.4E0,-6.475E0));
#16305=DIRECTION('',(0.E0,1.E0,0.E0));
#16306=DIRECTION('',(0.E0,0.E0,-1.E0));
#16307=AXIS2_PLACEMENT_3D('',#16304,#16305,#16306);
#16308=PLANE('',#16307);
#16309=ORIENTED_EDGE('',*,*,#16295,.T.);
#16310=ORIENTED_EDGE('',*,*,#16285,.T.);
#16312=ORIENTED_EDGE('',*,*,#16311,.F.);
#16313=EDGE_LOOP('',(#16309,#16310,#16312));
#16314=FACE_OUTER_BOUND('',#16313,.F.);
#16316=CARTESIAN_POINT('',(4.25E0,3.916366322828E0,-6.475E0));
#16317=DIRECTION('',(1.E0,0.E0,0.E0));
#16318=DIRECTION('',(0.E0,0.E0,-1.E0));
#16319=AXIS2_PLACEMENT_3D('',#16316,#16317,#16318);
#16320=PLANE('',#16319);
#16321=ORIENTED_EDGE('',*,*,#16311,.T.);
#16322=ORIENTED_EDGE('',*,*,#16283,.T.);
#16323=ORIENTED_EDGE('',*,*,#16094,.T.);
#16324=ORIENTED_EDGE('',*,*,#16297,.T.);
#16325=EDGE_LOOP('',(#16321,#16322,#16323,#16324));
#16326=FACE_OUTER_BOUND('',#16325,.F.);
#16328=CARTESIAN_POINT('',(4.15E0,1.04E1,-6.9E0));
#16329=DIRECTION('',(9.805806756912E-1,1.961161351366E-1,0.E0));
#16330=DIRECTION('',(0.E0,0.E0,1.E0));
#16331=AXIS2_PLACEMENT_3D('',#16328,#16329,#16330);
#16332=PLANE('',#16331);
#16333=ORIENTED_EDGE('',*,*,#16265,.T.);
#16334=ORIENTED_EDGE('',*,*,#16280,.T.);
#16335=ORIENTED_EDGE('',*,*,#16139,.T.);
#16336=ORIENTED_EDGE('',*,*,#16158,.T.);
#16337=ORIENTED_EDGE('',*,*,#16175,.T.);
#16338=ORIENTED_EDGE('',*,*,#16208,.T.);
#16339=EDGE_LOOP('',(#16333,#16334,#16335,#16336,#16337,#16338));
#16340=FACE_OUTER_BOUND('',#16339,.F.);
#16342=CARTESIAN_POINT('',(3.4E0,3.265606601718E0,-7.25E0));
#16343=DIRECTION('',(0.E0,1.E0,0.E0));
#16344=DIRECTION('',(0.E0,0.E0,-1.E0));
#16345=AXIS2_PLACEMENT_3D('',#16342,#16343,#16344);
#16346=CYLINDRICAL_SURFACE('',#16345,1.5E-1);
#16348=ORIENTED_EDGE('',*,*,#16347,.F.);
#16350=ORIENTED_EDGE('',*,*,#16349,.F.);
#16352=ORIENTED_EDGE('',*,*,#16351,.F.);
#16353=ORIENTED_EDGE('',*,*,#16194,.T.);
#16354=ORIENTED_EDGE('',*,*,#16180,.T.);
#16356=ORIENTED_EDGE('',*,*,#16355,.F.);
#16358=ORIENTED_EDGE('',*,*,#16357,.T.);
#16359=EDGE_LOOP('',(#16348,#16350,#16352,#16353,#16354,#16356,#16358));
#16360=FACE_OUTER_BOUND('',#16359,.F.);
#16362=CARTESIAN_POINT('',(3.25E0,3.916366322829E0,-7.325E0));
#16363=DIRECTION('',(1.E0,0.E0,0.E0));
#16364=DIRECTION('',(0.E0,0.E0,1.E0));
#16365=AXIS2_PLACEMENT_3D('',#16362,#16363,#16364);
#16366=PLANE('',#16365);
#16368=ORIENTED_EDGE('',*,*,#16367,.F.);
#16369=ORIENTED_EDGE('',*,*,#16347,.T.);
#16370=ORIENTED_EDGE('',*,*,#16106,.T.);
#16372=ORIENTED_EDGE('',*,*,#16371,.F.);
#16373=EDGE_LOOP('',(#16368,#16369,#16370,#16372));
#16374=FACE_OUTER_BOUND('',#16373,.F.);
#16376=CARTESIAN_POINT('',(3.325E0,3.4E0,-7.325E0));
#16377=DIRECTION('',(0.E0,1.E0,0.E0));
#16378=DIRECTION('',(0.E0,0.E0,-1.E0));
#16379=AXIS2_PLACEMENT_3D('',#16376,#16377,#16378);
#16380=PLANE('',#16379);
#16381=ORIENTED_EDGE('',*,*,#16367,.T.);
#16383=ORIENTED_EDGE('',*,*,#16382,.F.);
#16384=ORIENTED_EDGE('',*,*,#16349,.T.);
#16385=EDGE_LOOP('',(#16381,#16383,#16384));
#16386=FACE_OUTER_BOUND('',#16385,.F.);
#16388=CARTESIAN_POINT('',(3.325E0,3.916366322829E0,-7.4E0));
#16389=DIRECTION('',(0.E0,0.E0,1.E0));
#16390=DIRECTION('',(-1.E0,0.E0,0.E0));
#16391=AXIS2_PLACEMENT_3D('',#16388,#16389,#16390);
#16392=PLANE('',#16391);
#16393=ORIENTED_EDGE('',*,*,#16382,.T.);
#16394=ORIENTED_EDGE('',*,*,#16371,.T.);
#16395=ORIENTED_EDGE('',*,*,#16104,.T.);
#16396=ORIENTED_EDGE('',*,*,#16351,.T.);
#16397=EDGE_LOOP('',(#16393,#16394,#16395,#16396));
#16398=FACE_OUTER_BOUND('',#16397,.F.);
#16400=CARTESIAN_POINT('',(3.35E0,1.04E1,-6.9E0));
#16401=DIRECTION('',(9.805806756912E-1,-1.961161351366E-1,0.E0));
#16402=DIRECTION('',(0.E0,0.E0,1.E0));
#16403=AXIS2_PLACEMENT_3D('',#16400,#16401,#16402);
#16404=PLANE('',#16403);
#16405=ORIENTED_EDGE('',*,*,#16178,.T.);
#16406=ORIENTED_EDGE('',*,*,#16161,.T.);
#16407=ORIENTED_EDGE('',*,*,#16146,.T.);
#16409=ORIENTED_EDGE('',*,*,#16408,.T.);
#16411=ORIENTED_EDGE('',*,*,#16410,.T.);
#16412=ORIENTED_EDGE('',*,*,#16355,.T.);
#16413=EDGE_LOOP('',(#16405,#16406,#16407,#16409,#16411,#16412));
#16414=FACE_OUTER_BOUND('',#16413,.F.);
#16416=CARTESIAN_POINT('',(3.4E0,3.265606601718E0,-6.55E0));
#16417=DIRECTION('',(0.E0,1.E0,0.E0));
#16418=DIRECTION('',(0.E0,0.E0,-1.E0));
#16419=AXIS2_PLACEMENT_3D('',#16416,#16417,#16418);
#16420=CYLINDRICAL_SURFACE('',#16419,1.5E-1);
#16422=ORIENTED_EDGE('',*,*,#16421,.F.);
#16424=ORIENTED_EDGE('',*,*,#16423,.F.);
#16425=ORIENTED_EDGE('',*,*,#16408,.F.);
#16426=ORIENTED_EDGE('',*,*,#16144,.T.);
#16427=ORIENTED_EDGE('',*,*,#16127,.T.);
#16429=ORIENTED_EDGE('',*,*,#16428,.F.);
#16431=ORIENTED_EDGE('',*,*,#16430,.F.);
#16432=EDGE_LOOP('',(#16422,#16424,#16425,#16426,#16427,#16429,#16431));
#16433=FACE_OUTER_BOUND('',#16432,.F.);
#16435=CARTESIAN_POINT('',(3.25E0,3.916366322829E0,-6.475E0));
#16436=DIRECTION('',(1.E0,0.E0,0.E0));
#16437=DIRECTION('',(0.E0,0.E0,1.E0));
#16438=AXIS2_PLACEMENT_3D('',#16435,#16436,#16437);
#16439=PLANE('',#16438);
#16441=ORIENTED_EDGE('',*,*,#16440,.F.);
#16443=ORIENTED_EDGE('',*,*,#16442,.F.);
#16444=ORIENTED_EDGE('',*,*,#16110,.T.);
#16445=ORIENTED_EDGE('',*,*,#16421,.T.);
#16446=EDGE_LOOP('',(#16441,#16443,#16444,#16445));
#16447=FACE_OUTER_BOUND('',#16446,.F.);
#16449=CARTESIAN_POINT('',(3.325E0,3.4E0,-6.475E0));
#16450=DIRECTION('',(0.E0,1.E0,0.E0));
#16451=DIRECTION('',(0.E0,0.E0,-1.E0));
#16452=AXIS2_PLACEMENT_3D('',#16449,#16450,#16451);
#16453=PLANE('',#16452);
#16454=ORIENTED_EDGE('',*,*,#16440,.T.);
#16455=ORIENTED_EDGE('',*,*,#16430,.T.);
#16457=ORIENTED_EDGE('',*,*,#16456,.F.);
#16458=EDGE_LOOP('',(#16454,#16455,#16457));
#16459=FACE_OUTER_BOUND('',#16458,.F.);
#16461=CARTESIAN_POINT('',(3.325E0,3.916366322828E0,-6.4E0));
#16462=DIRECTION('',(0.E0,0.E0,1.E0));
#16463=DIRECTION('',(1.E0,0.E0,0.E0));
#16464=AXIS2_PLACEMENT_3D('',#16461,#16462,#16463);
#16465=PLANE('',#16464);
#16466=ORIENTED_EDGE('',*,*,#16456,.T.);
#16467=ORIENTED_EDGE('',*,*,#16428,.T.);
#16468=ORIENTED_EDGE('',*,*,#16112,.T.);
#16469=ORIENTED_EDGE('',*,*,#16442,.T.);
#16470=EDGE_LOOP('',(#16466,#16467,#16468,#16469));
#16471=FACE_OUTER_BOUND('',#16470,.F.);
#16473=CARTESIAN_POINT('',(3.25E0,7.166366322828E0,-6.9E0));
#16474=DIRECTION('',(1.E0,0.E0,0.E0));
#16475=DIRECTION('',(0.E0,0.E0,-1.E0));
#16476=AXIS2_PLACEMENT_3D('',#16473,#16474,#16475);
#16477=PLANE('',#16476);
#16478=ORIENTED_EDGE('',*,*,#16108,.T.);
#16479=ORIENTED_EDGE('',*,*,#16357,.F.);
#16480=ORIENTED_EDGE('',*,*,#16410,.F.);
#16481=ORIENTED_EDGE('',*,*,#16423,.T.);
#16482=EDGE_LOOP('',(#16478,#16479,#16480,#16481));
#16483=FACE_OUTER_BOUND('',#16482,.F.);
#16485=CARTESIAN_POINT('',(1.125E1,3.771447006199E0,-6.9E0));
#16486=DIRECTION('',(0.E0,-1.E0,0.E0));
#16487=DIRECTION('',(-1.E0,0.E0,0.E0));
#16488=AXIS2_PLACEMENT_3D('',#16485,#16486,#16487);
#16489=CONICAL_SURFACE('',#16488,1.372411412555E0,1.941049363095E0);
#16491=ORIENTED_EDGE('',*,*,#16490,.F.);
#16493=ORIENTED_EDGE('',*,*,#16492,.F.);
#16495=ORIENTED_EDGE('',*,*,#16494,.F.);
#16497=ORIENTED_EDGE('',*,*,#16496,.T.);
#16498=ORIENTED_EDGE('',*,*,#14808,.F.);
#16499=EDGE_LOOP('',(#16491,#16493,#16495,#16497,#16498));
#16500=FACE_OUTER_BOUND('',#16499,.F.);
#16502=CARTESIAN_POINT('',(1.125E1,3.771447006199E0,-6.9E0));
#16503=DIRECTION('',(0.E0,-1.E0,0.E0));
#16504=DIRECTION('',(-1.E0,0.E0,0.E0));
#16505=AXIS2_PLACEMENT_3D('',#16502,#16503,#16504);
#16506=CONICAL_SURFACE('',#16505,1.372411412555E0,1.941049363097E0);
#16507=ORIENTED_EDGE('',*,*,#16490,.T.);
#16508=ORIENTED_EDGE('',*,*,#14810,.F.);
#16509=ORIENTED_EDGE('',*,*,#16496,.F.);
#16511=ORIENTED_EDGE('',*,*,#16510,.F.);
#16513=ORIENTED_EDGE('',*,*,#16512,.F.);
#16514=EDGE_LOOP('',(#16507,#16508,#16509,#16511,#16513));
#16515=FACE_OUTER_BOUND('',#16514,.F.);
#16517=CARTESIAN_POINT('',(1.125E1,4.132732645657E0,-6.9E0));
#16518=DIRECTION('',(0.E0,-1.E0,0.E0));
#16519=DIRECTION('',(-1.E0,0.E0,0.E0));
#16520=AXIS2_PLACEMENT_3D('',#16517,#16518,#16519);
#16521=TOROIDAL_SURFACE('',#16520,1.059994963450E0,3.E-1);
#16523=ORIENTED_EDGE('',*,*,#16522,.T.);
#16524=ORIENTED_EDGE('',*,*,#16512,.T.);
#16525=ORIENTED_EDGE('',*,*,#16510,.T.);
#16527=ORIENTED_EDGE('',*,*,#16526,.F.);
#16529=ORIENTED_EDGE('',*,*,#16528,.F.);
#16530=EDGE_LOOP('',(#16523,#16524,#16525,#16527,#16529));
#16531=FACE_OUTER_BOUND('',#16530,.F.);
#16533=CARTESIAN_POINT('',(1.125E1,4.132732645657E0,-6.9E0));
#16534=DIRECTION('',(0.E0,-1.E0,0.E0));
#16535=DIRECTION('',(-1.E0,0.E0,0.E0));
#16536=AXIS2_PLACEMENT_3D('',#16533,#16534,#16535);
#16537=TOROIDAL_SURFACE('',#16536,1.059994963450E0,3.E-1);
#16538=ORIENTED_EDGE('',*,*,#16522,.F.);
#16540=ORIENTED_EDGE('',*,*,#16539,.F.);
#16542=ORIENTED_EDGE('',*,*,#16541,.F.);
#16543=ORIENTED_EDGE('',*,*,#16526,.T.);
#16544=ORIENTED_EDGE('',*,*,#16494,.T.);
#16545=ORIENTED_EDGE('',*,*,#16492,.T.);
#16546=EDGE_LOOP('',(#16538,#16540,#16542,#16543,#16544,#16545));
#16547=FACE_OUTER_BOUND('',#16546,.F.);
#16549=CARTESIAN_POINT('',(1.072000251828E1,4.432732645657E0,-6.9E0));
#16550=DIRECTION('',(0.E0,1.E0,0.E0));
#16551=DIRECTION('',(-1.E0,0.E0,0.E0));
#16552=AXIS2_PLACEMENT_3D('',#16549,#16550,#16551);
#16553=PLANE('',#16552);
#16554=ORIENTED_EDGE('',*,*,#16539,.T.);
#16555=ORIENTED_EDGE('',*,*,#16528,.T.);
#16556=ORIENTED_EDGE('',*,*,#16541,.T.);
#16557=EDGE_LOOP('',(#16554,#16555,#16556));
#16558=FACE_OUTER_BOUND('',#16557,.F.);
#16560=ORIENTED_EDGE('',*,*,#16559,.F.);
#16562=ORIENTED_EDGE('',*,*,#16561,.F.);
#16564=ORIENTED_EDGE('',*,*,#16563,.F.);
#16566=ORIENTED_EDGE('',*,*,#16565,.F.);
#16568=ORIENTED_EDGE('',*,*,#16567,.F.);
#16570=ORIENTED_EDGE('',*,*,#16569,.F.);
#16572=ORIENTED_EDGE('',*,*,#16571,.F.);
#16574=ORIENTED_EDGE('',*,*,#16573,.F.);
#16576=ORIENTED_EDGE('',*,*,#16575,.F.);
#16578=ORIENTED_EDGE('',*,*,#16577,.F.);
#16580=ORIENTED_EDGE('',*,*,#16579,.F.);
#16582=ORIENTED_EDGE('',*,*,#16581,.F.);
#16583=EDGE_LOOP('',(#16560,#16562,#16564,#16566,#16568,#16570,#16572,#16574,
#16576,#16578,#16580,#16582));
#16584=FACE_BOUND('',#16583,.F.);
#16586=CARTESIAN_POINT('',(1.1075E1,7.166366322828E0,-6.4E0));
#16587=DIRECTION('',(0.E0,0.E0,1.E0));
#16588=DIRECTION('',(0.E0,1.E0,0.E0));
#16589=AXIS2_PLACEMENT_3D('',#16586,#16587,#16588);
#16590=PLANE('',#16589);
#16592=ORIENTED_EDGE('',*,*,#16591,.F.);
#16594=ORIENTED_EDGE('',*,*,#16593,.F.);
#16595=ORIENTED_EDGE('',*,*,#16559,.T.);
#16597=ORIENTED_EDGE('',*,*,#16596,.F.);
#16598=EDGE_LOOP('',(#16592,#16594,#16595,#16597));
#16599=FACE_OUTER_BOUND('',#16598,.F.);
#16601=CARTESIAN_POINT('',(1.102196699141E1,1.04E1,-6.499999999999E0));
#16602=DIRECTION('',(0.E0,1.961161351373E-1,9.805806756911E-1));
#16603=DIRECTION('',(-1.E0,0.E0,0.E0));
#16604=AXIS2_PLACEMENT_3D('',#16601,#16602,#16603);
#16605=PLANE('',#16604);
#16607=ORIENTED_EDGE('',*,*,#16606,.F.);
#16609=ORIENTED_EDGE('',*,*,#16608,.F.);
#16611=ORIENTED_EDGE('',*,*,#16610,.F.);
#16612=ORIENTED_EDGE('',*,*,#16591,.T.);
#16614=ORIENTED_EDGE('',*,*,#16613,.F.);
#16616=ORIENTED_EDGE('',*,*,#16615,.F.);
#16617=EDGE_LOOP('',(#16607,#16609,#16611,#16612,#16614,#16616));
#16618=FACE_OUTER_BOUND('',#16617,.F.);
#16620=CARTESIAN_POINT('',(1.11E1,1.09E1,-6.9E0));
#16621=DIRECTION('',(0.E0,1.E0,0.E0));
#16622=DIRECTION('',(0.E0,0.E0,-1.E0));
#16623=AXIS2_PLACEMENT_3D('',#16620,#16621,#16622);
#16624=PLANE('',#16623);
#16626=ORIENTED_EDGE('',*,*,#16625,.F.);
#16628=ORIENTED_EDGE('',*,*,#16627,.F.);
#16629=ORIENTED_EDGE('',*,*,#16606,.T.);
#16631=ORIENTED_EDGE('',*,*,#16630,.F.);
#16632=EDGE_LOOP('',(#16626,#16628,#16629,#16631));
#16633=FACE_OUTER_BOUND('',#16632,.F.);
#16635=CARTESIAN_POINT('',(1.102196699141E1,1.04E1,-7.300000000001E0));
#16636=DIRECTION('',(0.E0,-1.961161351373E-1,9.805806756911E-1));
#16637=DIRECTION('',(-1.E0,0.E0,0.E0));
#16638=AXIS2_PLACEMENT_3D('',#16635,#16636,#16637);
#16639=PLANE('',#16638);
#16641=ORIENTED_EDGE('',*,*,#16640,.F.);
#16643=ORIENTED_EDGE('',*,*,#16642,.F.);
#16645=ORIENTED_EDGE('',*,*,#16644,.F.);
#16646=ORIENTED_EDGE('',*,*,#16625,.T.);
#16648=ORIENTED_EDGE('',*,*,#16647,.F.);
#16650=ORIENTED_EDGE('',*,*,#16649,.F.);
#16651=EDGE_LOOP('',(#16641,#16643,#16645,#16646,#16648,#16650));
#16652=FACE_OUTER_BOUND('',#16651,.F.);
#16654=CARTESIAN_POINT('',(1.1075E1,7.166366322828E0,-7.4E0));
#16655=DIRECTION('',(0.E0,0.E0,1.E0));
#16656=DIRECTION('',(0.E0,-1.E0,0.E0));
#16657=AXIS2_PLACEMENT_3D('',#16654,#16655,#16656);
#16658=PLANE('',#16657);
#16659=ORIENTED_EDGE('',*,*,#16571,.T.);
#16661=ORIENTED_EDGE('',*,*,#16660,.F.);
#16662=ORIENTED_EDGE('',*,*,#16640,.T.);
#16664=ORIENTED_EDGE('',*,*,#16663,.F.);
#16665=EDGE_LOOP('',(#16659,#16661,#16662,#16664));
#16666=FACE_OUTER_BOUND('',#16665,.F.);
#16668=CARTESIAN_POINT('',(1.16E1,1.025406331239E1,-7.25E0));
#16669=DIRECTION('',(0.E0,-1.E0,0.E0));
#16670=DIRECTION('',(0.E0,0.E0,1.E0));
#16671=AXIS2_PLACEMENT_3D('',#16668,#16669,#16670);
#16672=CYLINDRICAL_SURFACE('',#16671,1.5E-1);
#16674=ORIENTED_EDGE('',*,*,#16673,.F.);
#16676=ORIENTED_EDGE('',*,*,#16675,.F.);
#16678=ORIENTED_EDGE('',*,*,#16677,.F.);
#16679=ORIENTED_EDGE('',*,*,#16642,.T.);
#16680=ORIENTED_EDGE('',*,*,#16660,.T.);
#16682=ORIENTED_EDGE('',*,*,#16681,.F.);
#16684=ORIENTED_EDGE('',*,*,#16683,.F.);
#16685=EDGE_LOOP('',(#16674,#16676,#16678,#16679,#16680,#16682,#16684));
#16686=FACE_OUTER_BOUND('',#16685,.F.);
#16688=CARTESIAN_POINT('',(1.175E1,3.916366322828E0,-7.325E0));
#16689=DIRECTION('',(1.E0,0.E0,0.E0));
#16690=DIRECTION('',(0.E0,0.E0,-1.E0));
#16691=AXIS2_PLACEMENT_3D('',#16688,#16689,#16690);
#16692=PLANE('',#16691);
#16694=ORIENTED_EDGE('',*,*,#16693,.F.);
#16696=ORIENTED_EDGE('',*,*,#16695,.F.);
#16697=ORIENTED_EDGE('',*,*,#16567,.T.);
#16698=ORIENTED_EDGE('',*,*,#16673,.T.);
#16699=EDGE_LOOP('',(#16694,#16696,#16697,#16698));
#16700=FACE_OUTER_BOUND('',#16699,.F.);
#16702=CARTESIAN_POINT('',(1.1675E1,3.4E0,-7.325E0));
#16703=DIRECTION('',(0.E0,1.E0,0.E0));
#16704=DIRECTION('',(0.E0,0.E0,-1.E0));
#16705=AXIS2_PLACEMENT_3D('',#16702,#16703,#16704);
#16706=PLANE('',#16705);
#16707=ORIENTED_EDGE('',*,*,#16693,.T.);
#16708=ORIENTED_EDGE('',*,*,#16683,.T.);
#16710=ORIENTED_EDGE('',*,*,#16709,.F.);
#16711=EDGE_LOOP('',(#16707,#16708,#16710));
#16712=FACE_OUTER_BOUND('',#16711,.F.);
#16714=CARTESIAN_POINT('',(1.1675E1,3.916366322829E0,-7.4E0));
#16715=DIRECTION('',(0.E0,0.E0,1.E0));
#16716=DIRECTION('',(-1.E0,0.E0,0.E0));
#16717=AXIS2_PLACEMENT_3D('',#16714,#16715,#16716);
#16718=PLANE('',#16717);
#16719=ORIENTED_EDGE('',*,*,#16709,.T.);
#16720=ORIENTED_EDGE('',*,*,#16681,.T.);
#16721=ORIENTED_EDGE('',*,*,#16569,.T.);
#16722=ORIENTED_EDGE('',*,*,#16695,.T.);
#16723=EDGE_LOOP('',(#16719,#16720,#16721,#16722));
#16724=FACE_OUTER_BOUND('',#16723,.F.);
#16726=CARTESIAN_POINT('',(1.175E1,7.166366322828E0,-6.9E0));
#16727=DIRECTION('',(1.E0,0.E0,0.E0));
#16728=DIRECTION('',(0.E0,-1.E0,0.E0));
#16729=AXIS2_PLACEMENT_3D('',#16726,#16727,#16728);
#16730=PLANE('',#16729);
#16731=ORIENTED_EDGE('',*,*,#16565,.T.);
#16733=ORIENTED_EDGE('',*,*,#16732,.F.);
#16735=ORIENTED_EDGE('',*,*,#16734,.F.);
#16736=ORIENTED_EDGE('',*,*,#16675,.T.);
#16737=EDGE_LOOP('',(#16731,#16733,#16735,#16736));
#16738=FACE_OUTER_BOUND('',#16737,.F.);
#16740=CARTESIAN_POINT('',(1.16E1,1.025406331239E1,-6.55E0));
#16741=DIRECTION('',(0.E0,-1.E0,0.E0));
#16742=DIRECTION('',(0.E0,0.E0,1.E0));
#16743=AXIS2_PLACEMENT_3D('',#16740,#16741,#16742);
#16744=CYLINDRICAL_SURFACE('',#16743,1.5E-1);
#16746=ORIENTED_EDGE('',*,*,#16745,.F.);
#16747=ORIENTED_EDGE('',*,*,#16593,.T.);
#16748=ORIENTED_EDGE('',*,*,#16610,.T.);
#16750=ORIENTED_EDGE('',*,*,#16749,.F.);
#16751=ORIENTED_EDGE('',*,*,#16732,.T.);
#16753=ORIENTED_EDGE('',*,*,#16752,.F.);
#16755=ORIENTED_EDGE('',*,*,#16754,.F.);
#16756=EDGE_LOOP('',(#16746,#16747,#16748,#16750,#16751,#16753,#16755));
#16757=FACE_OUTER_BOUND('',#16756,.F.);
#16759=CARTESIAN_POINT('',(1.1675E1,3.916366322828E0,-6.4E0));
#16760=DIRECTION('',(0.E0,0.E0,1.E0));
#16761=DIRECTION('',(1.E0,0.E0,0.E0));
#16762=AXIS2_PLACEMENT_3D('',#16759,#16760,#16761);
#16763=PLANE('',#16762);
#16765=ORIENTED_EDGE('',*,*,#16764,.F.);
#16767=ORIENTED_EDGE('',*,*,#16766,.F.);
#16768=ORIENTED_EDGE('',*,*,#16561,.T.);
#16769=ORIENTED_EDGE('',*,*,#16745,.T.);
#16770=EDGE_LOOP('',(#16765,#16767,#16768,#16769));
#16771=FACE_OUTER_BOUND('',#16770,.F.);
#16773=CARTESIAN_POINT('',(1.1675E1,3.4E0,-6.475E0));
#16774=DIRECTION('',(0.E0,1.E0,0.E0));
#16775=DIRECTION('',(0.E0,0.E0,-1.E0));
#16776=AXIS2_PLACEMENT_3D('',#16773,#16774,#16775);
#16777=PLANE('',#16776);
#16778=ORIENTED_EDGE('',*,*,#16764,.T.);
#16779=ORIENTED_EDGE('',*,*,#16754,.T.);
#16781=ORIENTED_EDGE('',*,*,#16780,.F.);
#16782=EDGE_LOOP('',(#16778,#16779,#16781));
#16783=FACE_OUTER_BOUND('',#16782,.F.);
#16785=CARTESIAN_POINT('',(1.175E1,3.916366322828E0,-6.475E0));
#16786=DIRECTION('',(1.E0,0.E0,0.E0));
#16787=DIRECTION('',(0.E0,0.E0,-1.E0));
#16788=AXIS2_PLACEMENT_3D('',#16785,#16786,#16787);
#16789=PLANE('',#16788);
#16790=ORIENTED_EDGE('',*,*,#16780,.T.);
#16791=ORIENTED_EDGE('',*,*,#16752,.T.);
#16792=ORIENTED_EDGE('',*,*,#16563,.T.);
#16793=ORIENTED_EDGE('',*,*,#16766,.T.);
#16794=EDGE_LOOP('',(#16790,#16791,#16792,#16793));
#16795=FACE_OUTER_BOUND('',#16794,.F.);
#16797=CARTESIAN_POINT('',(1.165E1,1.04E1,-6.9E0));
#16798=DIRECTION('',(9.805806756923E-1,1.961161351312E-1,0.E0));
#16799=DIRECTION('',(0.E0,0.E0,1.E0));
#16800=AXIS2_PLACEMENT_3D('',#16797,#16798,#16799);
#16801=PLANE('',#16800);
#16802=ORIENTED_EDGE('',*,*,#16734,.T.);
#16803=ORIENTED_EDGE('',*,*,#16749,.T.);
#16804=ORIENTED_EDGE('',*,*,#16608,.T.);
#16805=ORIENTED_EDGE('',*,*,#16627,.T.);
#16806=ORIENTED_EDGE('',*,*,#16644,.T.);
#16807=ORIENTED_EDGE('',*,*,#16677,.T.);
#16808=EDGE_LOOP('',(#16802,#16803,#16804,#16805,#16806,#16807));
#16809=FACE_OUTER_BOUND('',#16808,.F.);
#16811=CARTESIAN_POINT('',(1.09E1,3.265606601718E0,-7.25E0));
#16812=DIRECTION('',(0.E0,1.E0,0.E0));
#16813=DIRECTION('',(0.E0,0.E0,-1.E0));
#16814=AXIS2_PLACEMENT_3D('',#16811,#16812,#16813);
#16815=CYLINDRICAL_SURFACE('',#16814,1.5E-1);
#16817=ORIENTED_EDGE('',*,*,#16816,.F.);
#16819=ORIENTED_EDGE('',*,*,#16818,.F.);
#16821=ORIENTED_EDGE('',*,*,#16820,.F.);
#16822=ORIENTED_EDGE('',*,*,#16663,.T.);
#16823=ORIENTED_EDGE('',*,*,#16649,.T.);
#16825=ORIENTED_EDGE('',*,*,#16824,.F.);
#16827=ORIENTED_EDGE('',*,*,#16826,.T.);
#16828=EDGE_LOOP('',(#16817,#16819,#16821,#16822,#16823,#16825,#16827));
#16829=FACE_OUTER_BOUND('',#16828,.F.);
#16831=CARTESIAN_POINT('',(1.075E1,3.916366322829E0,-7.325E0));
#16832=DIRECTION('',(1.E0,0.E0,0.E0));
#16833=DIRECTION('',(0.E0,0.E0,1.E0));
#16834=AXIS2_PLACEMENT_3D('',#16831,#16832,#16833);
#16835=PLANE('',#16834);
#16837=ORIENTED_EDGE('',*,*,#16836,.F.);
#16838=ORIENTED_EDGE('',*,*,#16816,.T.);
#16839=ORIENTED_EDGE('',*,*,#16575,.T.);
#16841=ORIENTED_EDGE('',*,*,#16840,.F.);
#16842=EDGE_LOOP('',(#16837,#16838,#16839,#16841));
#16843=FACE_OUTER_BOUND('',#16842,.F.);
#16845=CARTESIAN_POINT('',(1.0825E1,3.4E0,-7.325E0));
#16846=DIRECTION('',(0.E0,1.E0,0.E0));
#16847=DIRECTION('',(0.E0,0.E0,-1.E0));
#16848=AXIS2_PLACEMENT_3D('',#16845,#16846,#16847);
#16849=PLANE('',#16848);
#16850=ORIENTED_EDGE('',*,*,#16836,.T.);
#16852=ORIENTED_EDGE('',*,*,#16851,.F.);
#16853=ORIENTED_EDGE('',*,*,#16818,.T.);
#16854=EDGE_LOOP('',(#16850,#16852,#16853));
#16855=FACE_OUTER_BOUND('',#16854,.F.);
#16857=CARTESIAN_POINT('',(1.0825E1,3.916366322829E0,-7.4E0));
#16858=DIRECTION('',(0.E0,0.E0,1.E0));
#16859=DIRECTION('',(-1.E0,0.E0,0.E0));
#16860=AXIS2_PLACEMENT_3D('',#16857,#16858,#16859);
#16861=PLANE('',#16860);
#16862=ORIENTED_EDGE('',*,*,#16851,.T.);
#16863=ORIENTED_EDGE('',*,*,#16840,.T.);
#16864=ORIENTED_EDGE('',*,*,#16573,.T.);
#16865=ORIENTED_EDGE('',*,*,#16820,.T.);
#16866=EDGE_LOOP('',(#16862,#16863,#16864,#16865));
#16867=FACE_OUTER_BOUND('',#16866,.F.);
#16869=CARTESIAN_POINT('',(1.085E1,1.04E1,-6.9E0));
#16870=DIRECTION('',(9.805806756923E-1,-1.961161351312E-1,0.E0));
#16871=DIRECTION('',(0.E0,0.E0,1.E0));
#16872=AXIS2_PLACEMENT_3D('',#16869,#16870,#16871);
#16873=PLANE('',#16872);
#16874=ORIENTED_EDGE('',*,*,#16647,.T.);
#16875=ORIENTED_EDGE('',*,*,#16630,.T.);
#16876=ORIENTED_EDGE('',*,*,#16615,.T.);
#16878=ORIENTED_EDGE('',*,*,#16877,.T.);
#16880=ORIENTED_EDGE('',*,*,#16879,.T.);
#16881=ORIENTED_EDGE('',*,*,#16824,.T.);
#16882=EDGE_LOOP('',(#16874,#16875,#16876,#16878,#16880,#16881));
#16883=FACE_OUTER_BOUND('',#16882,.F.);
#16885=CARTESIAN_POINT('',(1.09E1,3.265606601718E0,-6.55E0));
#16886=DIRECTION('',(0.E0,1.E0,0.E0));
#16887=DIRECTION('',(0.E0,0.E0,-1.E0));
#16888=AXIS2_PLACEMENT_3D('',#16885,#16886,#16887);
#16889=CYLINDRICAL_SURFACE('',#16888,1.5E-1);
#16891=ORIENTED_EDGE('',*,*,#16890,.F.);
#16893=ORIENTED_EDGE('',*,*,#16892,.F.);
#16894=ORIENTED_EDGE('',*,*,#16877,.F.);
#16895=ORIENTED_EDGE('',*,*,#16613,.T.);
#16896=ORIENTED_EDGE('',*,*,#16596,.T.);
#16898=ORIENTED_EDGE('',*,*,#16897,.F.);
#16900=ORIENTED_EDGE('',*,*,#16899,.F.);
#16901=EDGE_LOOP('',(#16891,#16893,#16894,#16895,#16896,#16898,#16900));
#16902=FACE_OUTER_BOUND('',#16901,.F.);
#16904=CARTESIAN_POINT('',(1.075E1,3.916366322829E0,-6.475E0));
#16905=DIRECTION('',(1.E0,0.E0,0.E0));
#16906=DIRECTION('',(0.E0,0.E0,1.E0));
#16907=AXIS2_PLACEMENT_3D('',#16904,#16905,#16906);
#16908=PLANE('',#16907);
#16910=ORIENTED_EDGE('',*,*,#16909,.F.);
#16912=ORIENTED_EDGE('',*,*,#16911,.F.);
#16913=ORIENTED_EDGE('',*,*,#16579,.T.);
#16914=ORIENTED_EDGE('',*,*,#16890,.T.);
#16915=EDGE_LOOP('',(#16910,#16912,#16913,#16914));
#16916=FACE_OUTER_BOUND('',#16915,.F.);
#16918=CARTESIAN_POINT('',(1.0825E1,3.4E0,-6.475E0));
#16919=DIRECTION('',(0.E0,1.E0,0.E0));
#16920=DIRECTION('',(0.E0,0.E0,-1.E0));
#16921=AXIS2_PLACEMENT_3D('',#16918,#16919,#16920);
#16922=PLANE('',#16921);
#16923=ORIENTED_EDGE('',*,*,#16909,.T.);
#16924=ORIENTED_EDGE('',*,*,#16899,.T.);
#16926=ORIENTED_EDGE('',*,*,#16925,.F.);
#16927=EDGE_LOOP('',(#16923,#16924,#16926));
#16928=FACE_OUTER_BOUND('',#16927,.F.);
#16930=CARTESIAN_POINT('',(1.0825E1,3.916366322828E0,-6.4E0));
#16931=DIRECTION('',(0.E0,0.E0,1.E0));
#16932=DIRECTION('',(1.E0,0.E0,0.E0));
#16933=AXIS2_PLACEMENT_3D('',#16930,#16931,#16932);
#16934=PLANE('',#16933);
#16935=ORIENTED_EDGE('',*,*,#16925,.T.);
#16936=ORIENTED_EDGE('',*,*,#16897,.T.);
#16937=ORIENTED_EDGE('',*,*,#16581,.T.);
#16938=ORIENTED_EDGE('',*,*,#16911,.T.);
#16939=EDGE_LOOP('',(#16935,#16936,#16937,#16938));
#16940=FACE_OUTER_BOUND('',#16939,.F.);
#16942=CARTESIAN_POINT('',(1.075E1,7.166366322826E0,-6.9E0));
#16943=DIRECTION('',(1.E0,0.E0,0.E0));
#16944=DIRECTION('',(0.E0,0.E0,-1.E0));
#16945=AXIS2_PLACEMENT_3D('',#16942,#16943,#16944);
#16946=PLANE('',#16945);
#16947=ORIENTED_EDGE('',*,*,#16577,.T.);
#16948=ORIENTED_EDGE('',*,*,#16826,.F.);
#16949=ORIENTED_EDGE('',*,*,#16879,.F.);
#16950=ORIENTED_EDGE('',*,*,#16892,.T.);
#16951=EDGE_LOOP('',(#16947,#16948,#16949,#16950));
#16952=FACE_OUTER_BOUND('',#16951,.F.);
#16954=CARTESIAN_POINT('',(1.875E1,3.771447006199E0,-6.9E0));
#16955=DIRECTION('',(0.E0,-1.E0,0.E0));
#16956=DIRECTION('',(-1.E0,0.E0,0.E0));
#16957=AXIS2_PLACEMENT_3D('',#16954,#16955,#16956);
#16958=CONICAL_SURFACE('',#16957,1.372411412554E0,1.941049363454E0);
#16960=ORIENTED_EDGE('',*,*,#16959,.F.);
#16962=ORIENTED_EDGE('',*,*,#16961,.F.);
#16964=ORIENTED_EDGE('',*,*,#16963,.F.);
#16966=ORIENTED_EDGE('',*,*,#16965,.T.);
#16967=ORIENTED_EDGE('',*,*,#14814,.F.);
#16968=EDGE_LOOP('',(#16960,#16962,#16964,#16966,#16967));
#16969=FACE_OUTER_BOUND('',#16968,.F.);
#16971=CARTESIAN_POINT('',(1.875E1,3.771447006199E0,-6.9E0));
#16972=DIRECTION('',(0.E0,-1.E0,0.E0));
#16973=DIRECTION('',(-1.E0,0.E0,0.E0));
#16974=AXIS2_PLACEMENT_3D('',#16971,#16972,#16973);
#16975=CONICAL_SURFACE('',#16974,1.372411412555E0,1.941049363527E0);
#16976=ORIENTED_EDGE('',*,*,#16959,.T.);
#16977=ORIENTED_EDGE('',*,*,#14816,.F.);
#16978=ORIENTED_EDGE('',*,*,#16965,.F.);
#16980=ORIENTED_EDGE('',*,*,#16979,.F.);
#16982=ORIENTED_EDGE('',*,*,#16981,.F.);
#16983=EDGE_LOOP('',(#16976,#16977,#16978,#16980,#16982));
#16984=FACE_OUTER_BOUND('',#16983,.F.);
#16986=CARTESIAN_POINT('',(1.875E1,4.132732645657E0,-6.9E0));
#16987=DIRECTION('',(0.E0,-1.E0,0.E0));
#16988=DIRECTION('',(-1.E0,0.E0,0.E0));
#16989=AXIS2_PLACEMENT_3D('',#16986,#16987,#16988);
#16990=TOROIDAL_SURFACE('',#16989,1.059994963450E0,3.E-1);
#16992=ORIENTED_EDGE('',*,*,#16991,.T.);
#16993=ORIENTED_EDGE('',*,*,#16981,.T.);
#16994=ORIENTED_EDGE('',*,*,#16979,.T.);
#16996=ORIENTED_EDGE('',*,*,#16995,.F.);
#16998=ORIENTED_EDGE('',*,*,#16997,.F.);
#16999=EDGE_LOOP('',(#16992,#16993,#16994,#16996,#16998));
#17000=FACE_OUTER_BOUND('',#16999,.F.);
#17002=CARTESIAN_POINT('',(1.875E1,4.132732645657E0,-6.9E0));
#17003=DIRECTION('',(0.E0,-1.E0,0.E0));
#17004=DIRECTION('',(-1.E0,0.E0,0.E0));
#17005=AXIS2_PLACEMENT_3D('',#17002,#17003,#17004);
#17006=TOROIDAL_SURFACE('',#17005,1.059994963450E0,3.E-1);
#17007=ORIENTED_EDGE('',*,*,#16991,.F.);
#17009=ORIENTED_EDGE('',*,*,#17008,.F.);
#17011=ORIENTED_EDGE('',*,*,#17010,.F.);
#17012=ORIENTED_EDGE('',*,*,#16995,.T.);
#17013=ORIENTED_EDGE('',*,*,#16963,.T.);
#17014=ORIENTED_EDGE('',*,*,#16961,.T.);
#17015=EDGE_LOOP('',(#17007,#17009,#17011,#17012,#17013,#17014));
#17016=FACE_OUTER_BOUND('',#17015,.F.);
#17018=CARTESIAN_POINT('',(1.822000251828E1,4.432732645657E0,-6.9E0));
#17019=DIRECTION('',(0.E0,1.E0,0.E0));
#17020=DIRECTION('',(-1.E0,0.E0,0.E0));
#17021=AXIS2_PLACEMENT_3D('',#17018,#17019,#17020);
#17022=PLANE('',#17021);
#17023=ORIENTED_EDGE('',*,*,#17008,.T.);
#17024=ORIENTED_EDGE('',*,*,#16997,.T.);
#17025=ORIENTED_EDGE('',*,*,#17010,.T.);
#17026=EDGE_LOOP('',(#17023,#17024,#17025));
#17027=FACE_OUTER_BOUND('',#17026,.F.);
#17029=ORIENTED_EDGE('',*,*,#17028,.F.);
#17031=ORIENTED_EDGE('',*,*,#17030,.F.);
#17033=ORIENTED_EDGE('',*,*,#17032,.F.);
#17035=ORIENTED_EDGE('',*,*,#17034,.F.);
#17037=ORIENTED_EDGE('',*,*,#17036,.F.);
#17039=ORIENTED_EDGE('',*,*,#17038,.F.);
#17041=ORIENTED_EDGE('',*,*,#17040,.F.);
#17043=ORIENTED_EDGE('',*,*,#17042,.F.);
#17045=ORIENTED_EDGE('',*,*,#17044,.F.);
#17047=ORIENTED_EDGE('',*,*,#17046,.F.);
#17049=ORIENTED_EDGE('',*,*,#17048,.F.);
#17051=ORIENTED_EDGE('',*,*,#17050,.F.);
#17052=EDGE_LOOP('',(#17029,#17031,#17033,#17035,#17037,#17039,#17041,#17043,
#17045,#17047,#17049,#17051));
#17053=FACE_BOUND('',#17052,.F.);
#17055=CARTESIAN_POINT('',(1.8575E1,7.166366322828E0,-6.4E0));
#17056=DIRECTION('',(0.E0,0.E0,1.E0));
#17057=DIRECTION('',(0.E0,1.E0,0.E0));
#17058=AXIS2_PLACEMENT_3D('',#17055,#17056,#17057);
#17059=PLANE('',#17058);
#17061=ORIENTED_EDGE('',*,*,#17060,.F.);
#17063=ORIENTED_EDGE('',*,*,#17062,.F.);
#17064=ORIENTED_EDGE('',*,*,#17028,.T.);
#17066=ORIENTED_EDGE('',*,*,#17065,.F.);
#17067=EDGE_LOOP('',(#17061,#17063,#17064,#17066));
#17068=FACE_OUTER_BOUND('',#17067,.F.);
#17070=CARTESIAN_POINT('',(1.852196699141E1,1.04E1,-6.499999999999E0));
#17071=DIRECTION('',(0.E0,1.961161351373E-1,9.805806756911E-1));
#17072=DIRECTION('',(-1.E0,0.E0,0.E0));
#17073=AXIS2_PLACEMENT_3D('',#17070,#17071,#17072);
#17074=PLANE('',#17073);
#17076=ORIENTED_EDGE('',*,*,#17075,.F.);
#17078=ORIENTED_EDGE('',*,*,#17077,.F.);
#17080=ORIENTED_EDGE('',*,*,#17079,.F.);
#17081=ORIENTED_EDGE('',*,*,#17060,.T.);
#17083=ORIENTED_EDGE('',*,*,#17082,.F.);
#17085=ORIENTED_EDGE('',*,*,#17084,.F.);
#17086=EDGE_LOOP('',(#17076,#17078,#17080,#17081,#17083,#17085));
#17087=FACE_OUTER_BOUND('',#17086,.F.);
#17089=CARTESIAN_POINT('',(1.86E1,1.09E1,-6.9E0));
#17090=DIRECTION('',(0.E0,1.E0,0.E0));
#17091=DIRECTION('',(0.E0,0.E0,-1.E0));
#17092=AXIS2_PLACEMENT_3D('',#17089,#17090,#17091);
#17093=PLANE('',#17092);
#17095=ORIENTED_EDGE('',*,*,#17094,.F.);
#17097=ORIENTED_EDGE('',*,*,#17096,.F.);
#17098=ORIENTED_EDGE('',*,*,#17075,.T.);
#17100=ORIENTED_EDGE('',*,*,#17099,.F.);
#17101=EDGE_LOOP('',(#17095,#17097,#17098,#17100));
#17102=FACE_OUTER_BOUND('',#17101,.F.);
#17104=CARTESIAN_POINT('',(1.852196699141E1,1.04E1,-7.300000000001E0));
#17105=DIRECTION('',(0.E0,-1.961161351373E-1,9.805806756911E-1));
#17106=DIRECTION('',(-1.E0,0.E0,0.E0));
#17107=AXIS2_PLACEMENT_3D('',#17104,#17105,#17106);
#17108=PLANE('',#17107);
#17110=ORIENTED_EDGE('',*,*,#17109,.F.);
#17112=ORIENTED_EDGE('',*,*,#17111,.F.);
#17114=ORIENTED_EDGE('',*,*,#17113,.F.);
#17115=ORIENTED_EDGE('',*,*,#17094,.T.);
#17117=ORIENTED_EDGE('',*,*,#17116,.F.);
#17119=ORIENTED_EDGE('',*,*,#17118,.F.);
#17120=EDGE_LOOP('',(#17110,#17112,#17114,#17115,#17117,#17119));
#17121=FACE_OUTER_BOUND('',#17120,.F.);
#17123=CARTESIAN_POINT('',(1.8575E1,7.166366322828E0,-7.4E0));
#17124=DIRECTION('',(0.E0,0.E0,1.E0));
#17125=DIRECTION('',(0.E0,-1.E0,0.E0));
#17126=AXIS2_PLACEMENT_3D('',#17123,#17124,#17125);
#17127=PLANE('',#17126);
#17128=ORIENTED_EDGE('',*,*,#17040,.T.);
#17130=ORIENTED_EDGE('',*,*,#17129,.F.);
#17131=ORIENTED_EDGE('',*,*,#17109,.T.);
#17133=ORIENTED_EDGE('',*,*,#17132,.F.);
#17134=EDGE_LOOP('',(#17128,#17130,#17131,#17133));
#17135=FACE_OUTER_BOUND('',#17134,.F.);
#17137=CARTESIAN_POINT('',(1.91E1,1.025406331239E1,-7.25E0));
#17138=DIRECTION('',(0.E0,-1.E0,0.E0));
#17139=DIRECTION('',(0.E0,0.E0,1.E0));
#17140=AXIS2_PLACEMENT_3D('',#17137,#17138,#17139);
#17141=CYLINDRICAL_SURFACE('',#17140,1.5E-1);
#17143=ORIENTED_EDGE('',*,*,#17142,.F.);
#17145=ORIENTED_EDGE('',*,*,#17144,.F.);
#17147=ORIENTED_EDGE('',*,*,#17146,.F.);
#17148=ORIENTED_EDGE('',*,*,#17111,.T.);
#17149=ORIENTED_EDGE('',*,*,#17129,.T.);
#17151=ORIENTED_EDGE('',*,*,#17150,.F.);
#17153=ORIENTED_EDGE('',*,*,#17152,.F.);
#17154=EDGE_LOOP('',(#17143,#17145,#17147,#17148,#17149,#17151,#17153));
#17155=FACE_OUTER_BOUND('',#17154,.F.);
#17157=CARTESIAN_POINT('',(1.925E1,3.916366322828E0,-7.325E0));
#17158=DIRECTION('',(1.E0,0.E0,0.E0));
#17159=DIRECTION('',(0.E0,0.E0,-1.E0));
#17160=AXIS2_PLACEMENT_3D('',#17157,#17158,#17159);
#17161=PLANE('',#17160);
#17163=ORIENTED_EDGE('',*,*,#17162,.F.);
#17165=ORIENTED_EDGE('',*,*,#17164,.F.);
#17166=ORIENTED_EDGE('',*,*,#17036,.T.);
#17167=ORIENTED_EDGE('',*,*,#17142,.T.);
#17168=EDGE_LOOP('',(#17163,#17165,#17166,#17167));
#17169=FACE_OUTER_BOUND('',#17168,.F.);
#17171=CARTESIAN_POINT('',(1.9175E1,3.4E0,-7.325E0));
#17172=DIRECTION('',(0.E0,1.E0,0.E0));
#17173=DIRECTION('',(0.E0,0.E0,-1.E0));
#17174=AXIS2_PLACEMENT_3D('',#17171,#17172,#17173);
#17175=PLANE('',#17174);
#17176=ORIENTED_EDGE('',*,*,#17162,.T.);
#17177=ORIENTED_EDGE('',*,*,#17152,.T.);
#17179=ORIENTED_EDGE('',*,*,#17178,.F.);
#17180=EDGE_LOOP('',(#17176,#17177,#17179));
#17181=FACE_OUTER_BOUND('',#17180,.F.);
#17183=CARTESIAN_POINT('',(1.9175E1,3.916366322829E0,-7.4E0));
#17184=DIRECTION('',(0.E0,0.E0,1.E0));
#17185=DIRECTION('',(-1.E0,0.E0,0.E0));
#17186=AXIS2_PLACEMENT_3D('',#17183,#17184,#17185);
#17187=PLANE('',#17186);
#17188=ORIENTED_EDGE('',*,*,#17178,.T.);
#17189=ORIENTED_EDGE('',*,*,#17150,.T.);
#17190=ORIENTED_EDGE('',*,*,#17038,.T.);
#17191=ORIENTED_EDGE('',*,*,#17164,.T.);
#17192=EDGE_LOOP('',(#17188,#17189,#17190,#17191));
#17193=FACE_OUTER_BOUND('',#17192,.F.);
#17195=CARTESIAN_POINT('',(1.925E1,7.166366322828E0,-6.9E0));
#17196=DIRECTION('',(1.E0,0.E0,0.E0));
#17197=DIRECTION('',(0.E0,-1.E0,0.E0));
#17198=AXIS2_PLACEMENT_3D('',#17195,#17196,#17197);
#17199=PLANE('',#17198);
#17200=ORIENTED_EDGE('',*,*,#17034,.T.);
#17202=ORIENTED_EDGE('',*,*,#17201,.F.);
#17204=ORIENTED_EDGE('',*,*,#17203,.F.);
#17205=ORIENTED_EDGE('',*,*,#17144,.T.);
#17206=EDGE_LOOP('',(#17200,#17202,#17204,#17205));
#17207=FACE_OUTER_BOUND('',#17206,.F.);
#17209=CARTESIAN_POINT('',(1.91E1,1.025406331239E1,-6.55E0));
#17210=DIRECTION('',(0.E0,-1.E0,0.E0));
#17211=DIRECTION('',(0.E0,0.E0,1.E0));
#17212=AXIS2_PLACEMENT_3D('',#17209,#17210,#17211);
#17213=CYLINDRICAL_SURFACE('',#17212,1.5E-1);
#17215=ORIENTED_EDGE('',*,*,#17214,.F.);
#17216=ORIENTED_EDGE('',*,*,#17062,.T.);
#17217=ORIENTED_EDGE('',*,*,#17079,.T.);
#17219=ORIENTED_EDGE('',*,*,#17218,.F.);
#17220=ORIENTED_EDGE('',*,*,#17201,.T.);
#17222=ORIENTED_EDGE('',*,*,#17221,.F.);
#17224=ORIENTED_EDGE('',*,*,#17223,.F.);
#17225=EDGE_LOOP('',(#17215,#17216,#17217,#17219,#17220,#17222,#17224));
#17226=FACE_OUTER_BOUND('',#17225,.F.);
#17228=CARTESIAN_POINT('',(1.9175E1,3.916366322828E0,-6.4E0));
#17229=DIRECTION('',(0.E0,0.E0,1.E0));
#17230=DIRECTION('',(1.E0,0.E0,0.E0));
#17231=AXIS2_PLACEMENT_3D('',#17228,#17229,#17230);
#17232=PLANE('',#17231);
#17234=ORIENTED_EDGE('',*,*,#17233,.F.);
#17236=ORIENTED_EDGE('',*,*,#17235,.F.);
#17237=ORIENTED_EDGE('',*,*,#17030,.T.);
#17238=ORIENTED_EDGE('',*,*,#17214,.T.);
#17239=EDGE_LOOP('',(#17234,#17236,#17237,#17238));
#17240=FACE_OUTER_BOUND('',#17239,.F.);
#17242=CARTESIAN_POINT('',(1.9175E1,3.4E0,-6.475E0));
#17243=DIRECTION('',(0.E0,1.E0,0.E0));
#17244=DIRECTION('',(0.E0,0.E0,-1.E0));
#17245=AXIS2_PLACEMENT_3D('',#17242,#17243,#17244);
#17246=PLANE('',#17245);
#17247=ORIENTED_EDGE('',*,*,#17233,.T.);
#17248=ORIENTED_EDGE('',*,*,#17223,.T.);
#17250=ORIENTED_EDGE('',*,*,#17249,.F.);
#17251=EDGE_LOOP('',(#17247,#17248,#17250));
#17252=FACE_OUTER_BOUND('',#17251,.F.);
#17254=CARTESIAN_POINT('',(1.925E1,3.916366322828E0,-6.475E0));
#17255=DIRECTION('',(1.E0,0.E0,0.E0));
#17256=DIRECTION('',(0.E0,0.E0,-1.E0));
#17257=AXIS2_PLACEMENT_3D('',#17254,#17255,#17256);
#17258=PLANE('',#17257);
#17259=ORIENTED_EDGE('',*,*,#17249,.T.);
#17260=ORIENTED_EDGE('',*,*,#17221,.T.);
#17261=ORIENTED_EDGE('',*,*,#17032,.T.);
#17262=ORIENTED_EDGE('',*,*,#17235,.T.);
#17263=EDGE_LOOP('',(#17259,#17260,#17261,#17262));
#17264=FACE_OUTER_BOUND('',#17263,.F.);
#17266=CARTESIAN_POINT('',(1.915E1,1.04E1,-6.9E0));
#17267=DIRECTION('',(9.805806756923E-1,1.961161351312E-1,0.E0));
#17268=DIRECTION('',(0.E0,0.E0,1.E0));
#17269=AXIS2_PLACEMENT_3D('',#17266,#17267,#17268);
#17270=PLANE('',#17269);
#17271=ORIENTED_EDGE('',*,*,#17203,.T.);
#17272=ORIENTED_EDGE('',*,*,#17218,.T.);
#17273=ORIENTED_EDGE('',*,*,#17077,.T.);
#17274=ORIENTED_EDGE('',*,*,#17096,.T.);
#17275=ORIENTED_EDGE('',*,*,#17113,.T.);
#17276=ORIENTED_EDGE('',*,*,#17146,.T.);
#17277=EDGE_LOOP('',(#17271,#17272,#17273,#17274,#17275,#17276));
#17278=FACE_OUTER_BOUND('',#17277,.F.);
#17280=CARTESIAN_POINT('',(1.84E1,3.265606601718E0,-7.25E0));
#17281=DIRECTION('',(0.E0,1.E0,0.E0));
#17282=DIRECTION('',(0.E0,0.E0,-1.E0));
#17283=AXIS2_PLACEMENT_3D('',#17280,#17281,#17282);
#17284=CYLINDRICAL_SURFACE('',#17283,1.5E-1);
#17286=ORIENTED_EDGE('',*,*,#17285,.F.);
#17288=ORIENTED_EDGE('',*,*,#17287,.F.);
#17290=ORIENTED_EDGE('',*,*,#17289,.F.);
#17291=ORIENTED_EDGE('',*,*,#17132,.T.);
#17292=ORIENTED_EDGE('',*,*,#17118,.T.);
#17294=ORIENTED_EDGE('',*,*,#17293,.F.);
#17296=ORIENTED_EDGE('',*,*,#17295,.T.);
#17297=EDGE_LOOP('',(#17286,#17288,#17290,#17291,#17292,#17294,#17296));
#17298=FACE_OUTER_BOUND('',#17297,.F.);
#17300=CARTESIAN_POINT('',(1.825E1,3.916366322829E0,-7.325E0));
#17301=DIRECTION('',(1.E0,0.E0,0.E0));
#17302=DIRECTION('',(0.E0,0.E0,1.E0));
#17303=AXIS2_PLACEMENT_3D('',#17300,#17301,#17302);
#17304=PLANE('',#17303);
#17306=ORIENTED_EDGE('',*,*,#17305,.F.);
#17307=ORIENTED_EDGE('',*,*,#17285,.T.);
#17308=ORIENTED_EDGE('',*,*,#17044,.T.);
#17310=ORIENTED_EDGE('',*,*,#17309,.F.);
#17311=EDGE_LOOP('',(#17306,#17307,#17308,#17310));
#17312=FACE_OUTER_BOUND('',#17311,.F.);
#17314=CARTESIAN_POINT('',(1.8325E1,3.4E0,-7.325E0));
#17315=DIRECTION('',(0.E0,1.E0,0.E0));
#17316=DIRECTION('',(0.E0,0.E0,-1.E0));
#17317=AXIS2_PLACEMENT_3D('',#17314,#17315,#17316);
#17318=PLANE('',#17317);
#17319=ORIENTED_EDGE('',*,*,#17305,.T.);
#17321=ORIENTED_EDGE('',*,*,#17320,.F.);
#17322=ORIENTED_EDGE('',*,*,#17287,.T.);
#17323=EDGE_LOOP('',(#17319,#17321,#17322));
#17324=FACE_OUTER_BOUND('',#17323,.F.);
#17326=CARTESIAN_POINT('',(1.8325E1,3.916366322829E0,-7.4E0));
#17327=DIRECTION('',(0.E0,0.E0,1.E0));
#17328=DIRECTION('',(-1.E0,0.E0,0.E0));
#17329=AXIS2_PLACEMENT_3D('',#17326,#17327,#17328);
#17330=PLANE('',#17329);
#17331=ORIENTED_EDGE('',*,*,#17320,.T.);
#17332=ORIENTED_EDGE('',*,*,#17309,.T.);
#17333=ORIENTED_EDGE('',*,*,#17042,.T.);
#17334=ORIENTED_EDGE('',*,*,#17289,.T.);
#17335=EDGE_LOOP('',(#17331,#17332,#17333,#17334));
#17336=FACE_OUTER_BOUND('',#17335,.F.);
#17338=CARTESIAN_POINT('',(1.835E1,1.04E1,-6.9E0));
#17339=DIRECTION('',(9.805806756923E-1,-1.961161351312E-1,0.E0));
#17340=DIRECTION('',(0.E0,0.E0,1.E0));
#17341=AXIS2_PLACEMENT_3D('',#17338,#17339,#17340);
#17342=PLANE('',#17341);
#17343=ORIENTED_EDGE('',*,*,#17116,.T.);
#17344=ORIENTED_EDGE('',*,*,#17099,.T.);
#17345=ORIENTED_EDGE('',*,*,#17084,.T.);
#17347=ORIENTED_EDGE('',*,*,#17346,.T.);
#17349=ORIENTED_EDGE('',*,*,#17348,.T.);
#17350=ORIENTED_EDGE('',*,*,#17293,.T.);
#17351=EDGE_LOOP('',(#17343,#17344,#17345,#17347,#17349,#17350));
#17352=FACE_OUTER_BOUND('',#17351,.F.);
#17354=CARTESIAN_POINT('',(1.84E1,3.265606601718E0,-6.55E0));
#17355=DIRECTION('',(0.E0,1.E0,0.E0));
#17356=DIRECTION('',(0.E0,0.E0,-1.E0));
#17357=AXIS2_PLACEMENT_3D('',#17354,#17355,#17356);
#17358=CYLINDRICAL_SURFACE('',#17357,1.5E-1);
#17360=ORIENTED_EDGE('',*,*,#17359,.F.);
#17362=ORIENTED_EDGE('',*,*,#17361,.F.);
#17363=ORIENTED_EDGE('',*,*,#17346,.F.);
#17364=ORIENTED_EDGE('',*,*,#17082,.T.);
#17365=ORIENTED_EDGE('',*,*,#17065,.T.);
#17367=ORIENTED_EDGE('',*,*,#17366,.F.);
#17369=ORIENTED_EDGE('',*,*,#17368,.F.);
#17370=EDGE_LOOP('',(#17360,#17362,#17363,#17364,#17365,#17367,#17369));
#17371=FACE_OUTER_BOUND('',#17370,.F.);
#17373=CARTESIAN_POINT('',(1.825E1,3.916366322829E0,-6.475E0));
#17374=DIRECTION('',(1.E0,0.E0,0.E0));
#17375=DIRECTION('',(0.E0,0.E0,1.E0));
#17376=AXIS2_PLACEMENT_3D('',#17373,#17374,#17375);
#17377=PLANE('',#17376);
#17379=ORIENTED_EDGE('',*,*,#17378,.F.);
#17381=ORIENTED_EDGE('',*,*,#17380,.F.);
#17382=ORIENTED_EDGE('',*,*,#17048,.T.);
#17383=ORIENTED_EDGE('',*,*,#17359,.T.);
#17384=EDGE_LOOP('',(#17379,#17381,#17382,#17383));
#17385=FACE_OUTER_BOUND('',#17384,.F.);
#17387=CARTESIAN_POINT('',(1.8325E1,3.4E0,-6.475E0));
#17388=DIRECTION('',(0.E0,1.E0,0.E0));
#17389=DIRECTION('',(0.E0,0.E0,-1.E0));
#17390=AXIS2_PLACEMENT_3D('',#17387,#17388,#17389);
#17391=PLANE('',#17390);
#17392=ORIENTED_EDGE('',*,*,#17378,.T.);
#17393=ORIENTED_EDGE('',*,*,#17368,.T.);
#17395=ORIENTED_EDGE('',*,*,#17394,.F.);
#17396=EDGE_LOOP('',(#17392,#17393,#17395));
#17397=FACE_OUTER_BOUND('',#17396,.F.);
#17399=CARTESIAN_POINT('',(1.8325E1,3.916366322828E0,-6.4E0));
#17400=DIRECTION('',(0.E0,0.E0,1.E0));
#17401=DIRECTION('',(1.E0,0.E0,0.E0));
#17402=AXIS2_PLACEMENT_3D('',#17399,#17400,#17401);
#17403=PLANE('',#17402);
#17404=ORIENTED_EDGE('',*,*,#17394,.T.);
#17405=ORIENTED_EDGE('',*,*,#17366,.T.);
#17406=ORIENTED_EDGE('',*,*,#17050,.T.);
#17407=ORIENTED_EDGE('',*,*,#17380,.T.);
#17408=EDGE_LOOP('',(#17404,#17405,#17406,#17407));
#17409=FACE_OUTER_BOUND('',#17408,.F.);
#17411=CARTESIAN_POINT('',(1.825E1,7.166366322826E0,-6.9E0));
#17412=DIRECTION('',(1.E0,0.E0,0.E0));
#17413=DIRECTION('',(0.E0,0.E0,-1.E0));
#17414=AXIS2_PLACEMENT_3D('',#17411,#17412,#17413);
#17415=PLANE('',#17414);
#17416=ORIENTED_EDGE('',*,*,#17046,.T.);
#17417=ORIENTED_EDGE('',*,*,#17295,.F.);
#17418=ORIENTED_EDGE('',*,*,#17348,.F.);
#17419=ORIENTED_EDGE('',*,*,#17361,.T.);
#17420=EDGE_LOOP('',(#17416,#17417,#17418,#17419));
#17421=FACE_OUTER_BOUND('',#17420,.F.);
#17423=CARTESIAN_POINT('',(2.625E1,3.771447006199E0,-6.9E0));
#17424=DIRECTION('',(0.E0,-1.E0,0.E0));
#17425=DIRECTION('',(-1.E0,0.E0,0.E0));
#17426=AXIS2_PLACEMENT_3D('',#17423,#17424,#17425);
#17427=CONICAL_SURFACE('',#17426,1.372411412554E0,1.941049363454E0);
#17429=ORIENTED_EDGE('',*,*,#17428,.F.);
#17430=ORIENTED_EDGE('',*,*,#14820,.F.);
#17432=ORIENTED_EDGE('',*,*,#17431,.T.);
#17434=ORIENTED_EDGE('',*,*,#17433,.F.);
#17436=ORIENTED_EDGE('',*,*,#17435,.F.);
#17437=EDGE_LOOP('',(#17429,#17430,#17432,#17434,#17436));
#17438=FACE_OUTER_BOUND('',#17437,.F.);
#17440=CARTESIAN_POINT('',(2.625E1,3.771447006199E0,-6.9E0));
#17441=DIRECTION('',(0.E0,-1.E0,0.E0));
#17442=DIRECTION('',(-1.E0,0.E0,0.E0));
#17443=AXIS2_PLACEMENT_3D('',#17440,#17441,#17442);
#17444=CONICAL_SURFACE('',#17443,1.372411412555E0,1.941049363527E0);
#17445=ORIENTED_EDGE('',*,*,#17428,.T.);
#17447=ORIENTED_EDGE('',*,*,#17446,.F.);
#17449=ORIENTED_EDGE('',*,*,#17448,.F.);
#17450=ORIENTED_EDGE('',*,*,#17431,.F.);
#17451=ORIENTED_EDGE('',*,*,#14822,.F.);
#17452=EDGE_LOOP('',(#17445,#17447,#17449,#17450,#17451));
#17453=FACE_OUTER_BOUND('',#17452,.F.);
#17455=CARTESIAN_POINT('',(2.625E1,4.132732645657E0,-6.9E0));
#17456=DIRECTION('',(0.E0,1.E0,0.E0));
#17457=DIRECTION('',(1.E0,0.E0,0.E0));
#17458=AXIS2_PLACEMENT_3D('',#17455,#17456,#17457);
#17459=TOROIDAL_SURFACE('',#17458,1.059994963450E0,3.E-1);
#17461=ORIENTED_EDGE('',*,*,#17460,.T.);
#17463=ORIENTED_EDGE('',*,*,#17462,.F.);
#17465=ORIENTED_EDGE('',*,*,#17464,.F.);
#17467=ORIENTED_EDGE('',*,*,#17466,.F.);
#17468=ORIENTED_EDGE('',*,*,#17448,.T.);
#17469=ORIENTED_EDGE('',*,*,#17446,.T.);
#17470=EDGE_LOOP('',(#17461,#17463,#17465,#17467,#17468,#17469));
#17471=FACE_OUTER_BOUND('',#17470,.F.);
#17473=CARTESIAN_POINT('',(2.625E1,4.132732645657E0,-6.9E0));
#17474=DIRECTION('',(0.E0,-1.E0,0.E0));
#17475=DIRECTION('',(-1.E0,0.E0,0.E0));
#17476=AXIS2_PLACEMENT_3D('',#17473,#17474,#17475);
#17477=TOROIDAL_SURFACE('',#17476,1.059994963450E0,3.E-1);
#17478=ORIENTED_EDGE('',*,*,#17460,.F.);
#17479=ORIENTED_EDGE('',*,*,#17435,.T.);
#17480=ORIENTED_EDGE('',*,*,#17433,.T.);
#17481=ORIENTED_EDGE('',*,*,#17466,.T.);
#17483=ORIENTED_EDGE('',*,*,#17482,.F.);
#17485=ORIENTED_EDGE('',*,*,#17484,.F.);
#17486=EDGE_LOOP('',(#17478,#17479,#17480,#17481,#17483,#17485));
#17487=FACE_OUTER_BOUND('',#17486,.F.);
#17489=CARTESIAN_POINT('',(2.572000251828E1,4.432732645657E0,-6.9E0));
#17490=DIRECTION('',(0.E0,1.E0,0.E0));
#17491=DIRECTION('',(-1.E0,0.E0,0.E0));
#17492=AXIS2_PLACEMENT_3D('',#17489,#17490,#17491);
#17493=PLANE('',#17492);
#17494=ORIENTED_EDGE('',*,*,#17482,.T.);
#17495=ORIENTED_EDGE('',*,*,#17464,.T.);
#17496=ORIENTED_EDGE('',*,*,#17462,.T.);
#17497=ORIENTED_EDGE('',*,*,#17484,.T.);
#17498=EDGE_LOOP('',(#17494,#17495,#17496,#17497));
#17499=FACE_OUTER_BOUND('',#17498,.F.);
#17501=ORIENTED_EDGE('',*,*,#17500,.F.);
#17503=ORIENTED_EDGE('',*,*,#17502,.F.);
#17505=ORIENTED_EDGE('',*,*,#17504,.F.);
#17507=ORIENTED_EDGE('',*,*,#17506,.F.);
#17509=ORIENTED_EDGE('',*,*,#17508,.F.);
#17511=ORIENTED_EDGE('',*,*,#17510,.F.);
#17513=ORIENTED_EDGE('',*,*,#17512,.F.);
#17515=ORIENTED_EDGE('',*,*,#17514,.F.);
#17517=ORIENTED_EDGE('',*,*,#17516,.F.);
#17519=ORIENTED_EDGE('',*,*,#17518,.F.);
#17521=ORIENTED_EDGE('',*,*,#17520,.F.);
#17523=ORIENTED_EDGE('',*,*,#17522,.F.);
#17524=EDGE_LOOP('',(#17501,#17503,#17505,#17507,#17509,#17511,#17513,#17515,
#17517,#17519,#17521,#17523));
#17525=FACE_BOUND('',#17524,.F.);
#17527=CARTESIAN_POINT('',(2.6075E1,7.166366322828E0,-6.4E0));
#17528=DIRECTION('',(0.E0,0.E0,1.E0));
#17529=DIRECTION('',(0.E0,1.E0,0.E0));
#17530=AXIS2_PLACEMENT_3D('',#17527,#17528,#17529);
#17531=PLANE('',#17530);
#17533=ORIENTED_EDGE('',*,*,#17532,.F.);
#17535=ORIENTED_EDGE('',*,*,#17534,.F.);
#17536=ORIENTED_EDGE('',*,*,#17500,.T.);
#17538=ORIENTED_EDGE('',*,*,#17537,.F.);
#17539=EDGE_LOOP('',(#17533,#17535,#17536,#17538));
#17540=FACE_OUTER_BOUND('',#17539,.F.);
#17542=CARTESIAN_POINT('',(2.602196699141E1,1.04E1,-6.499999999999E0));
#17543=DIRECTION('',(0.E0,1.961161351373E-1,9.805806756911E-1));
#17544=DIRECTION('',(-1.E0,0.E0,0.E0));
#17545=AXIS2_PLACEMENT_3D('',#17542,#17543,#17544);
#17546=PLANE('',#17545);
#17548=ORIENTED_EDGE('',*,*,#17547,.F.);
#17550=ORIENTED_EDGE('',*,*,#17549,.F.);
#17552=ORIENTED_EDGE('',*,*,#17551,.F.);
#17553=ORIENTED_EDGE('',*,*,#17532,.T.);
#17555=ORIENTED_EDGE('',*,*,#17554,.F.);
#17557=ORIENTED_EDGE('',*,*,#17556,.F.);
#17558=EDGE_LOOP('',(#17548,#17550,#17552,#17553,#17555,#17557));
#17559=FACE_OUTER_BOUND('',#17558,.F.);
#17561=CARTESIAN_POINT('',(2.61E1,1.09E1,-6.9E0));
#17562=DIRECTION('',(0.E0,1.E0,0.E0));
#17563=DIRECTION('',(0.E0,0.E0,-1.E0));
#17564=AXIS2_PLACEMENT_3D('',#17561,#17562,#17563);
#17565=PLANE('',#17564);
#17567=ORIENTED_EDGE('',*,*,#17566,.F.);
#17569=ORIENTED_EDGE('',*,*,#17568,.F.);
#17570=ORIENTED_EDGE('',*,*,#17547,.T.);
#17572=ORIENTED_EDGE('',*,*,#17571,.F.);
#17573=EDGE_LOOP('',(#17567,#17569,#17570,#17572));
#17574=FACE_OUTER_BOUND('',#17573,.F.);
#17576=CARTESIAN_POINT('',(2.602196699141E1,1.04E1,-7.300000000001E0));
#17577=DIRECTION('',(0.E0,-1.961161351373E-1,9.805806756911E-1));
#17578=DIRECTION('',(-1.E0,0.E0,0.E0));
#17579=AXIS2_PLACEMENT_3D('',#17576,#17577,#17578);
#17580=PLANE('',#17579);
#17582=ORIENTED_EDGE('',*,*,#17581,.F.);
#17584=ORIENTED_EDGE('',*,*,#17583,.F.);
#17586=ORIENTED_EDGE('',*,*,#17585,.F.);
#17587=ORIENTED_EDGE('',*,*,#17566,.T.);
#17589=ORIENTED_EDGE('',*,*,#17588,.F.);
#17591=ORIENTED_EDGE('',*,*,#17590,.F.);
#17592=EDGE_LOOP('',(#17582,#17584,#17586,#17587,#17589,#17591));
#17593=FACE_OUTER_BOUND('',#17592,.F.);
#17595=CARTESIAN_POINT('',(2.6075E1,7.166366322828E0,-7.4E0));
#17596=DIRECTION('',(0.E0,0.E0,1.E0));
#17597=DIRECTION('',(0.E0,-1.E0,0.E0));
#17598=AXIS2_PLACEMENT_3D('',#17595,#17596,#17597);
#17599=PLANE('',#17598);
#17600=ORIENTED_EDGE('',*,*,#17512,.T.);
#17602=ORIENTED_EDGE('',*,*,#17601,.F.);
#17603=ORIENTED_EDGE('',*,*,#17581,.T.);
#17605=ORIENTED_EDGE('',*,*,#17604,.F.);
#17606=EDGE_LOOP('',(#17600,#17602,#17603,#17605));
#17607=FACE_OUTER_BOUND('',#17606,.F.);
#17609=CARTESIAN_POINT('',(2.66E1,1.025406331239E1,-7.25E0));
#17610=DIRECTION('',(0.E0,-1.E0,0.E0));
#17611=DIRECTION('',(0.E0,0.E0,-1.E0));
#17612=AXIS2_PLACEMENT_3D('',#17609,#17610,#17611);
#17613=CYLINDRICAL_SURFACE('',#17612,1.5E-1);
#17615=ORIENTED_EDGE('',*,*,#17614,.F.);
#17617=ORIENTED_EDGE('',*,*,#17616,.F.);
#17619=ORIENTED_EDGE('',*,*,#17618,.F.);
#17620=ORIENTED_EDGE('',*,*,#17583,.T.);
#17621=ORIENTED_EDGE('',*,*,#17601,.T.);
#17623=ORIENTED_EDGE('',*,*,#17622,.F.);
#17625=ORIENTED_EDGE('',*,*,#17624,.F.);
#17626=EDGE_LOOP('',(#17615,#17617,#17619,#17620,#17621,#17623,#17625));
#17627=FACE_OUTER_BOUND('',#17626,.F.);
#17629=CARTESIAN_POINT('',(2.675E1,3.916366322829E0,-7.325E0));
#17630=DIRECTION('',(1.E0,0.E0,0.E0));
#17631=DIRECTION('',(0.E0,0.E0,1.E0));
#17632=AXIS2_PLACEMENT_3D('',#17629,#17630,#17631);
#17633=PLANE('',#17632);
#17635=ORIENTED_EDGE('',*,*,#17634,.F.);
#17637=ORIENTED_EDGE('',*,*,#17636,.F.);
#17638=ORIENTED_EDGE('',*,*,#17508,.T.);
#17639=ORIENTED_EDGE('',*,*,#17614,.T.);
#17640=EDGE_LOOP('',(#17635,#17637,#17638,#17639));
#17641=FACE_OUTER_BOUND('',#17640,.F.);
#17643=CARTESIAN_POINT('',(2.6675E1,3.4E0,-7.325E0));
#17644=DIRECTION('',(0.E0,1.E0,0.E0));
#17645=DIRECTION('',(0.E0,0.E0,-1.E0));
#17646=AXIS2_PLACEMENT_3D('',#17643,#17644,#17645);
#17647=PLANE('',#17646);
#17648=ORIENTED_EDGE('',*,*,#17634,.T.);
#17649=ORIENTED_EDGE('',*,*,#17624,.T.);
#17651=ORIENTED_EDGE('',*,*,#17650,.F.);
#17652=EDGE_LOOP('',(#17648,#17649,#17651));
#17653=FACE_OUTER_BOUND('',#17652,.F.);
#17655=CARTESIAN_POINT('',(2.6675E1,3.916366322829E0,-7.4E0));
#17656=DIRECTION('',(0.E0,0.E0,1.E0));
#17657=DIRECTION('',(1.E0,0.E0,0.E0));
#17658=AXIS2_PLACEMENT_3D('',#17655,#17656,#17657);
#17659=PLANE('',#17658);
#17660=ORIENTED_EDGE('',*,*,#17650,.T.);
#17661=ORIENTED_EDGE('',*,*,#17622,.T.);
#17662=ORIENTED_EDGE('',*,*,#17510,.T.);
#17663=ORIENTED_EDGE('',*,*,#17636,.T.);
#17664=EDGE_LOOP('',(#17660,#17661,#17662,#17663));
#17665=FACE_OUTER_BOUND('',#17664,.F.);
#17667=CARTESIAN_POINT('',(2.675E1,7.166366322828E0,-6.9E0));
#17668=DIRECTION('',(1.E0,0.E0,0.E0));
#17669=DIRECTION('',(0.E0,0.E0,-1.E0));
#17670=AXIS2_PLACEMENT_3D('',#17667,#17668,#17669);
#17671=PLANE('',#17670);
#17672=ORIENTED_EDGE('',*,*,#17506,.T.);
#17674=ORIENTED_EDGE('',*,*,#17673,.F.);
#17676=ORIENTED_EDGE('',*,*,#17675,.F.);
#17677=ORIENTED_EDGE('',*,*,#17616,.T.);
#17678=EDGE_LOOP('',(#17672,#17674,#17676,#17677));
#17679=FACE_OUTER_BOUND('',#17678,.F.);
#17681=CARTESIAN_POINT('',(2.66E1,1.025406331239E1,-6.55E0));
#17682=DIRECTION('',(0.E0,-1.E0,0.E0));
#17683=DIRECTION('',(0.E0,0.E0,-1.E0));
#17684=AXIS2_PLACEMENT_3D('',#17681,#17682,#17683);
#17685=CYLINDRICAL_SURFACE('',#17684,1.5E-1);
#17687=ORIENTED_EDGE('',*,*,#17686,.F.);
#17689=ORIENTED_EDGE('',*,*,#17688,.F.);
#17691=ORIENTED_EDGE('',*,*,#17690,.F.);
#17692=ORIENTED_EDGE('',*,*,#17534,.T.);
#17693=ORIENTED_EDGE('',*,*,#17551,.T.);
#17695=ORIENTED_EDGE('',*,*,#17694,.F.);
#17696=ORIENTED_EDGE('',*,*,#17673,.T.);
#17697=EDGE_LOOP('',(#17687,#17689,#17691,#17692,#17693,#17695,#17696));
#17698=FACE_OUTER_BOUND('',#17697,.F.);
#17700=CARTESIAN_POINT('',(2.675E1,3.916366322829E0,-6.475E0));
#17701=DIRECTION('',(1.E0,0.E0,0.E0));
#17702=DIRECTION('',(0.E0,0.E0,1.E0));
#17703=AXIS2_PLACEMENT_3D('',#17700,#17701,#17702);
#17704=PLANE('',#17703);
#17706=ORIENTED_EDGE('',*,*,#17705,.F.);
#17707=ORIENTED_EDGE('',*,*,#17686,.T.);
#17708=ORIENTED_EDGE('',*,*,#17504,.T.);
#17710=ORIENTED_EDGE('',*,*,#17709,.F.);
#17711=EDGE_LOOP('',(#17706,#17707,#17708,#17710));
#17712=FACE_OUTER_BOUND('',#17711,.F.);
#17714=CARTESIAN_POINT('',(2.6675E1,3.4E0,-6.475E0));
#17715=DIRECTION('',(0.E0,1.E0,0.E0));
#17716=DIRECTION('',(0.E0,0.E0,-1.E0));
#17717=AXIS2_PLACEMENT_3D('',#17714,#17715,#17716);
#17718=PLANE('',#17717);
#17719=ORIENTED_EDGE('',*,*,#17705,.T.);
#17721=ORIENTED_EDGE('',*,*,#17720,.F.);
#17722=ORIENTED_EDGE('',*,*,#17688,.T.);
#17723=EDGE_LOOP('',(#17719,#17721,#17722));
#17724=FACE_OUTER_BOUND('',#17723,.F.);
#17726=CARTESIAN_POINT('',(2.6675E1,3.916366322828E0,-6.4E0));
#17727=DIRECTION('',(0.E0,0.E0,1.E0));
#17728=DIRECTION('',(-1.E0,0.E0,0.E0));
#17729=AXIS2_PLACEMENT_3D('',#17726,#17727,#17728);
#17730=PLANE('',#17729);
#17731=ORIENTED_EDGE('',*,*,#17720,.T.);
#17732=ORIENTED_EDGE('',*,*,#17709,.T.);
#17733=ORIENTED_EDGE('',*,*,#17502,.T.);
#17734=ORIENTED_EDGE('',*,*,#17690,.T.);
#17735=EDGE_LOOP('',(#17731,#17732,#17733,#17734));
#17736=FACE_OUTER_BOUND('',#17735,.F.);
#17738=CARTESIAN_POINT('',(2.665E1,1.04E1,-6.9E0));
#17739=DIRECTION('',(9.805806756923E-1,1.961161351312E-1,0.E0));
#17740=DIRECTION('',(0.E0,0.E0,1.E0));
#17741=AXIS2_PLACEMENT_3D('',#17738,#17739,#17740);
#17742=PLANE('',#17741);
#17743=ORIENTED_EDGE('',*,*,#17585,.T.);
#17744=ORIENTED_EDGE('',*,*,#17618,.T.);
#17745=ORIENTED_EDGE('',*,*,#17675,.T.);
#17746=ORIENTED_EDGE('',*,*,#17694,.T.);
#17747=ORIENTED_EDGE('',*,*,#17549,.T.);
#17748=ORIENTED_EDGE('',*,*,#17568,.T.);
#17749=EDGE_LOOP('',(#17743,#17744,#17745,#17746,#17747,#17748));
#17750=FACE_OUTER_BOUND('',#17749,.F.);
#17752=CARTESIAN_POINT('',(2.59E1,3.265606601718E0,-7.25E0));
#17753=DIRECTION('',(0.E0,1.E0,0.E0));
#17754=DIRECTION('',(0.E0,0.E0,-1.E0));
#17755=AXIS2_PLACEMENT_3D('',#17752,#17753,#17754);
#17756=CYLINDRICAL_SURFACE('',#17755,1.5E-1);
#17758=ORIENTED_EDGE('',*,*,#17757,.F.);
#17760=ORIENTED_EDGE('',*,*,#17759,.F.);
#17762=ORIENTED_EDGE('',*,*,#17761,.F.);
#17763=ORIENTED_EDGE('',*,*,#17604,.T.);
#17764=ORIENTED_EDGE('',*,*,#17590,.T.);
#17766=ORIENTED_EDGE('',*,*,#17765,.F.);
#17768=ORIENTED_EDGE('',*,*,#17767,.T.);
#17769=EDGE_LOOP('',(#17758,#17760,#17762,#17763,#17764,#17766,#17768));
#17770=FACE_OUTER_BOUND('',#17769,.F.);
#17772=CARTESIAN_POINT('',(2.575E1,3.916366322829E0,-7.325E0));
#17773=DIRECTION('',(1.E0,0.E0,0.E0));
#17774=DIRECTION('',(0.E0,0.E0,1.E0));
#17775=AXIS2_PLACEMENT_3D('',#17772,#17773,#17774);
#17776=PLANE('',#17775);
#17778=ORIENTED_EDGE('',*,*,#17777,.F.);
#17779=ORIENTED_EDGE('',*,*,#17757,.T.);
#17780=ORIENTED_EDGE('',*,*,#17516,.T.);
#17782=ORIENTED_EDGE('',*,*,#17781,.F.);
#17783=EDGE_LOOP('',(#17778,#17779,#17780,#17782));
#17784=FACE_OUTER_BOUND('',#17783,.F.);
#17786=CARTESIAN_POINT('',(2.5825E1,3.4E0,-7.325E0));
#17787=DIRECTION('',(0.E0,1.E0,0.E0));
#17788=DIRECTION('',(0.E0,0.E0,-1.E0));
#17789=AXIS2_PLACEMENT_3D('',#17786,#17787,#17788);
#17790=PLANE('',#17789);
#17791=ORIENTED_EDGE('',*,*,#17777,.T.);
#17793=ORIENTED_EDGE('',*,*,#17792,.F.);
#17794=ORIENTED_EDGE('',*,*,#17759,.T.);
#17795=EDGE_LOOP('',(#17791,#17793,#17794));
#17796=FACE_OUTER_BOUND('',#17795,.F.);
#17798=CARTESIAN_POINT('',(2.5825E1,3.916366322829E0,-7.4E0));
#17799=DIRECTION('',(0.E0,0.E0,1.E0));
#17800=DIRECTION('',(-1.E0,0.E0,0.E0));
#17801=AXIS2_PLACEMENT_3D('',#17798,#17799,#17800);
#17802=PLANE('',#17801);
#17803=ORIENTED_EDGE('',*,*,#17792,.T.);
#17804=ORIENTED_EDGE('',*,*,#17781,.T.);
#17805=ORIENTED_EDGE('',*,*,#17514,.T.);
#17806=ORIENTED_EDGE('',*,*,#17761,.T.);
#17807=EDGE_LOOP('',(#17803,#17804,#17805,#17806));
#17808=FACE_OUTER_BOUND('',#17807,.F.);
#17810=CARTESIAN_POINT('',(2.585E1,1.04E1,-6.9E0));
#17811=DIRECTION('',(9.805806756923E-1,-1.961161351312E-1,0.E0));
#17812=DIRECTION('',(0.E0,0.E0,1.E0));
#17813=AXIS2_PLACEMENT_3D('',#17810,#17811,#17812);
#17814=PLANE('',#17813);
#17815=ORIENTED_EDGE('',*,*,#17588,.T.);
#17816=ORIENTED_EDGE('',*,*,#17571,.T.);
#17817=ORIENTED_EDGE('',*,*,#17556,.T.);
#17819=ORIENTED_EDGE('',*,*,#17818,.T.);
#17821=ORIENTED_EDGE('',*,*,#17820,.T.);
#17822=ORIENTED_EDGE('',*,*,#17765,.T.);
#17823=EDGE_LOOP('',(#17815,#17816,#17817,#17819,#17821,#17822));
#17824=FACE_OUTER_BOUND('',#17823,.F.);
#17826=CARTESIAN_POINT('',(2.59E1,3.265606601718E0,-6.55E0));
#17827=DIRECTION('',(0.E0,1.E0,0.E0));
#17828=DIRECTION('',(0.E0,0.E0,-1.E0));
#17829=AXIS2_PLACEMENT_3D('',#17826,#17827,#17828);
#17830=CYLINDRICAL_SURFACE('',#17829,1.5E-1);
#17832=ORIENTED_EDGE('',*,*,#17831,.F.);
#17834=ORIENTED_EDGE('',*,*,#17833,.F.);
#17835=ORIENTED_EDGE('',*,*,#17818,.F.);
#17836=ORIENTED_EDGE('',*,*,#17554,.T.);
#17837=ORIENTED_EDGE('',*,*,#17537,.T.);
#17839=ORIENTED_EDGE('',*,*,#17838,.F.);
#17841=ORIENTED_EDGE('',*,*,#17840,.F.);
#17842=EDGE_LOOP('',(#17832,#17834,#17835,#17836,#17837,#17839,#17841));
#17843=FACE_OUTER_BOUND('',#17842,.F.);
#17845=CARTESIAN_POINT('',(2.575E1,3.916366322829E0,-6.475E0));
#17846=DIRECTION('',(1.E0,0.E0,0.E0));
#17847=DIRECTION('',(0.E0,0.E0,1.E0));
#17848=AXIS2_PLACEMENT_3D('',#17845,#17846,#17847);
#17849=PLANE('',#17848);
#17851=ORIENTED_EDGE('',*,*,#17850,.F.);
#17853=ORIENTED_EDGE('',*,*,#17852,.F.);
#17854=ORIENTED_EDGE('',*,*,#17520,.T.);
#17855=ORIENTED_EDGE('',*,*,#17831,.T.);
#17856=EDGE_LOOP('',(#17851,#17853,#17854,#17855));
#17857=FACE_OUTER_BOUND('',#17856,.F.);
#17859=CARTESIAN_POINT('',(2.5825E1,3.4E0,-6.475E0));
#17860=DIRECTION('',(0.E0,1.E0,0.E0));
#17861=DIRECTION('',(0.E0,0.E0,-1.E0));
#17862=AXIS2_PLACEMENT_3D('',#17859,#17860,#17861);
#17863=PLANE('',#17862);
#17864=ORIENTED_EDGE('',*,*,#17850,.T.);
#17865=ORIENTED_EDGE('',*,*,#17840,.T.);
#17867=ORIENTED_EDGE('',*,*,#17866,.F.);
#17868=EDGE_LOOP('',(#17864,#17865,#17867));
#17869=FACE_OUTER_BOUND('',#17868,.F.);
#17871=CARTESIAN_POINT('',(2.5825E1,3.916366322828E0,-6.4E0));
#17872=DIRECTION('',(0.E0,0.E0,1.E0));
#17873=DIRECTION('',(1.E0,0.E0,0.E0));
#17874=AXIS2_PLACEMENT_3D('',#17871,#17872,#17873);
#17875=PLANE('',#17874);
#17876=ORIENTED_EDGE('',*,*,#17866,.T.);
#17877=ORIENTED_EDGE('',*,*,#17838,.T.);
#17878=ORIENTED_EDGE('',*,*,#17522,.T.);
#17879=ORIENTED_EDGE('',*,*,#17852,.T.);
#17880=EDGE_LOOP('',(#17876,#17877,#17878,#17879));
#17881=FACE_OUTER_BOUND('',#17880,.F.);
#17883=CARTESIAN_POINT('',(2.575E1,7.166366322826E0,-6.9E0));
#17884=DIRECTION('',(1.E0,0.E0,0.E0));
#17885=DIRECTION('',(0.E0,0.E0,-1.E0));
#17886=AXIS2_PLACEMENT_3D('',#17883,#17884,#17885);
#17887=PLANE('',#17886);
#17888=ORIENTED_EDGE('',*,*,#17518,.T.);
#17889=ORIENTED_EDGE('',*,*,#17767,.F.);
#17890=ORIENTED_EDGE('',*,*,#17820,.F.);
#17891=ORIENTED_EDGE('',*,*,#17833,.T.);
#17892=EDGE_LOOP('',(#17888,#17889,#17890,#17891));
#17893=FACE_OUTER_BOUND('',#17892,.F.);
#17895=CARTESIAN_POINT('',(2.775E1,1.7E0,-6.45E0));
#17896=DIRECTION('',(1.E0,0.E0,0.E0));
#17897=DIRECTION('',(0.E0,0.E0,1.E0));
#17898=AXIS2_PLACEMENT_3D('',#17895,#17896,#17897);
#17899=PLANE('',#17898);
#17900=ORIENTED_EDGE('',*,*,#14567,.T.);
#17901=ORIENTED_EDGE('',*,*,#14243,.T.);
#17902=ORIENTED_EDGE('',*,*,#14290,.T.);
#17903=ORIENTED_EDGE('',*,*,#14305,.T.);
#17904=ORIENTED_EDGE('',*,*,#14320,.T.);
#17905=ORIENTED_EDGE('',*,*,#14549,.T.);
#17906=EDGE_LOOP('',(#17900,#17901,#17902,#17903,#17904,#17905));
#17907=FACE_OUTER_BOUND('',#17906,.F.);
#17909=CARTESIAN_POINT('',(2.475E1,1.7E0,-6.45E0));
#17910=DIRECTION('',(1.E0,0.E0,0.E0));
#17911=DIRECTION('',(0.E0,0.E0,1.E0));
#17912=AXIS2_PLACEMENT_3D('',#17909,#17910,#17911);
#17913=PLANE('',#17912);
#17914=ORIENTED_EDGE('',*,*,#14570,.T.);
#17915=ORIENTED_EDGE('',*,*,#14552,.T.);
#17916=ORIENTED_EDGE('',*,*,#14323,.T.);
#17917=ORIENTED_EDGE('',*,*,#14308,.T.);
#17918=ORIENTED_EDGE('',*,*,#14293,.T.);
#17919=ORIENTED_EDGE('',*,*,#14278,.T.);
#17920=EDGE_LOOP('',(#17914,#17915,#17916,#17917,#17918,#17919));
#17921=FACE_OUTER_BOUND('',#17920,.F.);
#17923=CARTESIAN_POINT('',(2.025E1,1.7E0,-6.45E0));
#17924=DIRECTION('',(1.E0,0.E0,0.E0));
#17925=DIRECTION('',(0.E0,0.E0,1.E0));
#17926=AXIS2_PLACEMENT_3D('',#17923,#17924,#17925);
#17927=PLANE('',#17926);
#17929=ORIENTED_EDGE('',*,*,#17928,.T.);
#17931=ORIENTED_EDGE('',*,*,#17930,.T.);
#17932=ORIENTED_EDGE('',*,*,#14573,.T.);
#17933=ORIENTED_EDGE('',*,*,#14274,.T.);
#17935=ORIENTED_EDGE('',*,*,#17934,.T.);
#17937=ORIENTED_EDGE('',*,*,#17936,.T.);
#17938=EDGE_LOOP('',(#17929,#17931,#17932,#17933,#17935,#17937));
#17939=FACE_OUTER_BOUND('',#17938,.F.);
#17941=CARTESIAN_POINT('',(1.8E1,1.6E0,-3.5E0));
#17942=DIRECTION('',(0.E0,0.E0,1.E0));
#17943=DIRECTION('',(0.E0,-1.E0,0.E0));
#17944=AXIS2_PLACEMENT_3D('',#17941,#17942,#17943);
#17945=PLANE('',#17944);
#17947=ORIENTED_EDGE('',*,*,#17946,.F.);
#17948=ORIENTED_EDGE('',*,*,#17928,.F.);
#17950=ORIENTED_EDGE('',*,*,#17949,.T.);
#17952=ORIENTED_EDGE('',*,*,#17951,.F.);
#17953=EDGE_LOOP('',(#17947,#17948,#17950,#17952));
#17954=FACE_OUTER_BOUND('',#17953,.F.);
#17956=ORIENTED_EDGE('',*,*,#17955,.F.);
#17958=ORIENTED_EDGE('',*,*,#17957,.T.);
#17960=ORIENTED_EDGE('',*,*,#17959,.F.);
#17962=ORIENTED_EDGE('',*,*,#17961,.T.);
#17964=ORIENTED_EDGE('',*,*,#17963,.F.);
#17966=ORIENTED_EDGE('',*,*,#17965,.T.);
#17968=ORIENTED_EDGE('',*,*,#17967,.F.);
#17970=ORIENTED_EDGE('',*,*,#17969,.T.);
#17971=EDGE_LOOP('',(#17956,#17958,#17960,#17962,#17964,#17966,#17968,#17970));
#17972=FACE_BOUND('',#17971,.F.);
#17974=CARTESIAN_POINT('',(1.8575E1,1.6E0,-2.250000000001E0));
#17975=DIRECTION('',(0.E0,1.E0,0.E0));
#17976=DIRECTION('',(0.E0,0.E0,1.E0));
#17977=AXIS2_PLACEMENT_3D('',#17974,#17975,#17976);
#17978=PLANE('',#17977);
#17980=ORIENTED_EDGE('',*,*,#17979,.F.);
#17982=ORIENTED_EDGE('',*,*,#17981,.F.);
#17983=ORIENTED_EDGE('',*,*,#17955,.T.);
#17985=ORIENTED_EDGE('',*,*,#17984,.F.);
#17986=EDGE_LOOP('',(#17980,#17982,#17983,#17985));
#17987=FACE_OUTER_BOUND('',#17986,.F.);
#17989=CARTESIAN_POINT('',(1.852196699141E1,1.699999999999E0,
-5.000000000008E-1));
#17990=DIRECTION('',(0.E0,9.805806756911E-1,-1.961161351375E-1));
#17991=DIRECTION('',(-1.E0,0.E0,0.E0));
#17992=AXIS2_PLACEMENT_3D('',#17989,#17990,#17991);
#17993=PLANE('',#17992);
#17995=ORIENTED_EDGE('',*,*,#17994,.F.);
#17997=ORIENTED_EDGE('',*,*,#17996,.F.);
#17999=ORIENTED_EDGE('',*,*,#17998,.F.);
#18000=ORIENTED_EDGE('',*,*,#17979,.T.);
#18002=ORIENTED_EDGE('',*,*,#18001,.F.);
#18004=ORIENTED_EDGE('',*,*,#18003,.F.);
#18005=EDGE_LOOP('',(#17995,#17997,#17999,#18000,#18002,#18004));
#18006=FACE_OUTER_BOUND('',#18005,.F.);
#18008=CARTESIAN_POINT('',(1.86E1,2.1E0,0.E0));
#18009=DIRECTION('',(0.E0,0.E0,1.E0));
#18010=DIRECTION('',(0.E0,1.E0,0.E0));
#18011=AXIS2_PLACEMENT_3D('',#18008,#18009,#18010);
#18012=PLANE('',#18011);
#18014=ORIENTED_EDGE('',*,*,#18013,.F.);
#18016=ORIENTED_EDGE('',*,*,#18015,.F.);
#18017=ORIENTED_EDGE('',*,*,#17994,.T.);
#18019=ORIENTED_EDGE('',*,*,#18018,.F.);
#18020=EDGE_LOOP('',(#18014,#18016,#18017,#18019));
#18021=FACE_OUTER_BOUND('',#18020,.F.);
#18023=CARTESIAN_POINT('',(1.852196699141E1,2.500000000001E0,
-5.000000000008E-1));
#18024=DIRECTION('',(0.E0,9.805806756911E-1,1.961161351375E-1));
#18025=DIRECTION('',(-1.E0,0.E0,0.E0));
#18026=AXIS2_PLACEMENT_3D('',#18023,#18024,#18025);
#18027=PLANE('',#18026);
#18029=ORIENTED_EDGE('',*,*,#18028,.F.);
#18031=ORIENTED_EDGE('',*,*,#18030,.F.);
#18033=ORIENTED_EDGE('',*,*,#18032,.F.);
#18034=ORIENTED_EDGE('',*,*,#18013,.T.);
#18036=ORIENTED_EDGE('',*,*,#18035,.F.);
#18038=ORIENTED_EDGE('',*,*,#18037,.F.);
#18039=EDGE_LOOP('',(#18029,#18031,#18033,#18034,#18036,#18038));
#18040=FACE_OUTER_BOUND('',#18039,.F.);
#18042=CARTESIAN_POINT('',(1.8575E1,2.6E0,-2.250000000001E0));
#18043=DIRECTION('',(0.E0,1.E0,0.E0));
#18044=DIRECTION('',(0.E0,0.E0,-1.E0));
#18045=AXIS2_PLACEMENT_3D('',#18042,#18043,#18044);
#18046=PLANE('',#18045);
#18047=ORIENTED_EDGE('',*,*,#17963,.T.);
#18049=ORIENTED_EDGE('',*,*,#18048,.F.);
#18050=ORIENTED_EDGE('',*,*,#18028,.T.);
#18052=ORIENTED_EDGE('',*,*,#18051,.F.);
#18053=EDGE_LOOP('',(#18047,#18049,#18050,#18052));
#18054=FACE_OUTER_BOUND('',#18053,.F.);
#18056=CARTESIAN_POINT('',(1.91E1,2.45E0,-3.554393398282E0));
#18057=DIRECTION('',(0.E0,0.E0,1.E0));
#18058=DIRECTION('',(-1.E0,0.E0,0.E0));
#18059=AXIS2_PLACEMENT_3D('',#18056,#18057,#18058);
#18060=CYLINDRICAL_SURFACE('',#18059,1.5E-1);
#18062=ORIENTED_EDGE('',*,*,#18061,.F.);
#18064=ORIENTED_EDGE('',*,*,#18063,.F.);
#18065=ORIENTED_EDGE('',*,*,#18030,.T.);
#18066=ORIENTED_EDGE('',*,*,#18048,.T.);
#18067=ORIENTED_EDGE('',*,*,#17961,.F.);
#18068=EDGE_LOOP('',(#18062,#18064,#18065,#18066,#18067));
#18069=FACE_OUTER_BOUND('',#18068,.F.);
#18071=CARTESIAN_POINT('',(1.925E1,2.1E0,-2.250000000001E0));
#18072=DIRECTION('',(1.E0,0.E0,0.E0));
#18073=DIRECTION('',(0.E0,-1.E0,0.E0));
#18074=AXIS2_PLACEMENT_3D('',#18071,#18072,#18073);
#18075=PLANE('',#18074);
#18077=ORIENTED_EDGE('',*,*,#18076,.F.);
#18079=ORIENTED_EDGE('',*,*,#18078,.F.);
#18080=ORIENTED_EDGE('',*,*,#18061,.T.);
#18081=ORIENTED_EDGE('',*,*,#17959,.T.);
#18082=EDGE_LOOP('',(#18077,#18079,#18080,#18081));
#18083=FACE_OUTER_BOUND('',#18082,.F.);
#18085=CARTESIAN_POINT('',(1.91E1,1.75E0,-7.259366876083E-1));
#18086=DIRECTION('',(0.E0,0.E0,-1.E0));
#18087=DIRECTION('',(1.E0,0.E0,0.E0));
#18088=AXIS2_PLACEMENT_3D('',#18085,#18086,#18087);
#18089=CYLINDRICAL_SURFACE('',#18088,1.5E-1);
#18090=ORIENTED_EDGE('',*,*,#17981,.T.);
#18091=ORIENTED_EDGE('',*,*,#17998,.T.);
#18093=ORIENTED_EDGE('',*,*,#18092,.F.);
#18094=ORIENTED_EDGE('',*,*,#18076,.T.);
#18095=ORIENTED_EDGE('',*,*,#17957,.F.);
#18096=EDGE_LOOP('',(#18090,#18091,#18093,#18094,#18095));
#18097=FACE_OUTER_BOUND('',#18096,.F.);
#18099=CARTESIAN_POINT('',(1.915E1,2.1E0,-5.000000000009E-1));
#18100=DIRECTION('',(9.805806756923E-1,0.E0,1.961161351315E-1));
#18101=DIRECTION('',(0.E0,1.E0,0.E0));
#18102=AXIS2_PLACEMENT_3D('',#18099,#18100,#18101);
#18103=PLANE('',#18102);
#18104=ORIENTED_EDGE('',*,*,#17996,.T.);
#18105=ORIENTED_EDGE('',*,*,#18015,.T.);
#18106=ORIENTED_EDGE('',*,*,#18032,.T.);
#18107=ORIENTED_EDGE('',*,*,#18063,.T.);
#18108=ORIENTED_EDGE('',*,*,#18078,.T.);
#18109=ORIENTED_EDGE('',*,*,#18092,.T.);
#18110=EDGE_LOOP('',(#18104,#18105,#18106,#18107,#18108,#18109));
#18111=FACE_OUTER_BOUND('',#18110,.F.);
#18113=CARTESIAN_POINT('',(1.84E1,2.45E0,-7.259366876095E-1));
#18114=DIRECTION('',(0.E0,0.E0,-1.E0));
#18115=DIRECTION('',(1.E0,0.E0,0.E0));
#18116=AXIS2_PLACEMENT_3D('',#18113,#18114,#18115);
#18117=CYLINDRICAL_SURFACE('',#18116,1.5E-1);
#18118=ORIENTED_EDGE('',*,*,#18051,.T.);
#18119=ORIENTED_EDGE('',*,*,#18037,.T.);
#18121=ORIENTED_EDGE('',*,*,#18120,.F.);
#18123=ORIENTED_EDGE('',*,*,#18122,.T.);
#18124=ORIENTED_EDGE('',*,*,#17965,.F.);
#18125=EDGE_LOOP('',(#18118,#18119,#18121,#18123,#18124));
#18126=FACE_OUTER_BOUND('',#18125,.F.);
#18128=CARTESIAN_POINT('',(1.835E1,2.1E0,-5.000000000053E-1));
#18129=DIRECTION('',(9.805806756923E-1,0.E0,-1.961161351314E-1));
#18130=DIRECTION('',(0.E0,1.E0,0.E0));
#18131=AXIS2_PLACEMENT_3D('',#18128,#18129,#18130);
#18132=PLANE('',#18131);
#18134=ORIENTED_EDGE('',*,*,#18133,.T.);
#18135=ORIENTED_EDGE('',*,*,#18120,.T.);
#18136=ORIENTED_EDGE('',*,*,#18035,.T.);
#18137=ORIENTED_EDGE('',*,*,#18018,.T.);
#18138=ORIENTED_EDGE('',*,*,#18003,.T.);
#18140=ORIENTED_EDGE('',*,*,#18139,.T.);
#18141=EDGE_LOOP('',(#18134,#18135,#18136,#18137,#18138,#18140));
#18142=FACE_OUTER_BOUND('',#18141,.F.);
#18144=CARTESIAN_POINT('',(1.825E1,2.1E0,-2.250000000002E0));
#18145=DIRECTION('',(1.E0,0.E0,0.E0));
#18146=DIRECTION('',(0.E0,0.E0,-1.E0));
#18147=AXIS2_PLACEMENT_3D('',#18144,#18145,#18146);
#18148=PLANE('',#18147);
#18149=ORIENTED_EDGE('',*,*,#18122,.F.);
#18150=ORIENTED_EDGE('',*,*,#18133,.F.);
#18152=ORIENTED_EDGE('',*,*,#18151,.T.);
#18153=ORIENTED_EDGE('',*,*,#17967,.T.);
#18154=EDGE_LOOP('',(#18149,#18150,#18152,#18153));
#18155=FACE_OUTER_BOUND('',#18154,.F.);
#18157=CARTESIAN_POINT('',(1.84E1,1.75E0,-3.554393398282E0));
#18158=DIRECTION('',(0.E0,0.E0,1.E0));
#18159=DIRECTION('',(-1.E0,0.E0,0.E0));
#18160=AXIS2_PLACEMENT_3D('',#18157,#18158,#18159);
#18161=CYLINDRICAL_SURFACE('',#18160,1.5E-1);
#18162=ORIENTED_EDGE('',*,*,#18151,.F.);
#18163=ORIENTED_EDGE('',*,*,#18139,.F.);
#18164=ORIENTED_EDGE('',*,*,#18001,.T.);
#18165=ORIENTED_EDGE('',*,*,#17984,.T.);
#18166=ORIENTED_EDGE('',*,*,#17969,.F.);
#18167=EDGE_LOOP('',(#18162,#18163,#18164,#18165,#18166));
#18168=FACE_OUTER_BOUND('',#18167,.F.);
#18170=CARTESIAN_POINT('',(1.8E1,3.1E0,-3.3E0));
#18171=DIRECTION('',(0.E0,-5.547001962258E-1,8.320502943374E-1));
#18172=DIRECTION('',(1.E0,0.E0,0.E0));
#18173=AXIS2_PLACEMENT_3D('',#18170,#18171,#18172);
#18174=PLANE('',#18173);
#18175=ORIENTED_EDGE('',*,*,#14575,.T.);
#18176=ORIENTED_EDGE('',*,*,#17930,.F.);
#18177=ORIENTED_EDGE('',*,*,#17946,.T.);
#18179=ORIENTED_EDGE('',*,*,#18178,.F.);
#18180=EDGE_LOOP('',(#18175,#18176,#18177,#18179));
#18181=FACE_OUTER_BOUND('',#18180,.F.);
#18183=CARTESIAN_POINT('',(1.725E1,1.7E0,-6.45E0));
#18184=DIRECTION('',(1.E0,0.E0,0.E0));
#18185=DIRECTION('',(0.E0,0.E0,1.E0));
#18186=AXIS2_PLACEMENT_3D('',#18183,#18184,#18185);
#18187=PLANE('',#18186);
#18188=ORIENTED_EDGE('',*,*,#14577,.T.);
#18189=ORIENTED_EDGE('',*,*,#18178,.T.);
#18190=ORIENTED_EDGE('',*,*,#17951,.T.);
#18192=ORIENTED_EDGE('',*,*,#18191,.T.);
#18194=ORIENTED_EDGE('',*,*,#18193,.T.);
#18195=ORIENTED_EDGE('',*,*,#14270,.T.);
#18196=EDGE_LOOP('',(#18188,#18189,#18190,#18192,#18194,#18195));
#18197=FACE_OUTER_BOUND('',#18196,.F.);
#18199=CARTESIAN_POINT('',(1.8E1,4.E-1,-6.65E0));
#18200=DIRECTION('',(0.E0,1.E0,0.E0));
#18201=DIRECTION('',(0.E0,0.E0,-1.E0));
#18202=AXIS2_PLACEMENT_3D('',#18199,#18200,#18201);
#18203=PLANE('',#18202);
#18204=ORIENTED_EDGE('',*,*,#17949,.F.);
#18205=ORIENTED_EDGE('',*,*,#17936,.F.);
#18207=ORIENTED_EDGE('',*,*,#18206,.T.);
#18208=ORIENTED_EDGE('',*,*,#18191,.F.);
#18209=EDGE_LOOP('',(#18204,#18205,#18207,#18208));
#18210=FACE_OUTER_BOUND('',#18209,.F.);
#18212=CARTESIAN_POINT('',(1.8E1,2.E-1,-9.8E0));
#18213=DIRECTION('',(0.E0,0.E0,1.E0));
#18214=DIRECTION('',(0.E0,-1.E0,0.E0));
#18215=AXIS2_PLACEMENT_3D('',#18212,#18213,#18214);
#18216=PLANE('',#18215);
#18217=ORIENTED_EDGE('',*,*,#18206,.F.);
#18218=ORIENTED_EDGE('',*,*,#17934,.F.);
#18219=ORIENTED_EDGE('',*,*,#14272,.T.);
#18220=ORIENTED_EDGE('',*,*,#18193,.F.);
#18221=EDGE_LOOP('',(#18217,#18218,#18219,#18220));
#18222=FACE_OUTER_BOUND('',#18221,.F.);
#18224=CARTESIAN_POINT('',(1.275E1,1.7E0,-6.45E0));
#18225=DIRECTION('',(1.E0,0.E0,0.E0));
#18226=DIRECTION('',(0.E0,0.E0,1.E0));
#18227=AXIS2_PLACEMENT_3D('',#18224,#18225,#18226);
#18228=PLANE('',#18227);
#18230=ORIENTED_EDGE('',*,*,#18229,.T.);
#18232=ORIENTED_EDGE('',*,*,#18231,.T.);
#18233=ORIENTED_EDGE('',*,*,#14580,.T.);
#18234=ORIENTED_EDGE('',*,*,#14266,.T.);
#18236=ORIENTED_EDGE('',*,*,#18235,.T.);
#18238=ORIENTED_EDGE('',*,*,#18237,.T.);
#18239=EDGE_LOOP('',(#18230,#18232,#18233,#18234,#18236,#18238));
#18240=FACE_OUTER_BOUND('',#18239,.F.);
#18242=CARTESIAN_POINT('',(1.05E1,1.600000000001E0,-3.5E0));
#18243=DIRECTION('',(0.E0,0.E0,1.E0));
#18244=DIRECTION('',(0.E0,-1.E0,0.E0));
#18245=AXIS2_PLACEMENT_3D('',#18242,#18243,#18244);
#18246=PLANE('',#18245);
#18248=ORIENTED_EDGE('',*,*,#18247,.F.);
#18249=ORIENTED_EDGE('',*,*,#18229,.F.);
#18251=ORIENTED_EDGE('',*,*,#18250,.T.);
#18253=ORIENTED_EDGE('',*,*,#18252,.F.);
#18254=EDGE_LOOP('',(#18248,#18249,#18251,#18253));
#18255=FACE_OUTER_BOUND('',#18254,.F.);
#18257=ORIENTED_EDGE('',*,*,#18256,.F.);
#18259=ORIENTED_EDGE('',*,*,#18258,.T.);
#18261=ORIENTED_EDGE('',*,*,#18260,.F.);
#18263=ORIENTED_EDGE('',*,*,#18262,.T.);
#18265=ORIENTED_EDGE('',*,*,#18264,.F.);
#18267=ORIENTED_EDGE('',*,*,#18266,.T.);
#18269=ORIENTED_EDGE('',*,*,#18268,.F.);
#18271=ORIENTED_EDGE('',*,*,#18270,.T.);
#18272=EDGE_LOOP('',(#18257,#18259,#18261,#18263,#18265,#18267,#18269,#18271));
#18273=FACE_BOUND('',#18272,.F.);
#18275=CARTESIAN_POINT('',(1.1075E1,1.6E0,-2.250000000001E0));
#18276=DIRECTION('',(0.E0,1.E0,0.E0));
#18277=DIRECTION('',(0.E0,0.E0,1.E0));
#18278=AXIS2_PLACEMENT_3D('',#18275,#18276,#18277);
#18279=PLANE('',#18278);
#18281=ORIENTED_EDGE('',*,*,#18280,.F.);
#18283=ORIENTED_EDGE('',*,*,#18282,.F.);
#18284=ORIENTED_EDGE('',*,*,#18256,.T.);
#18286=ORIENTED_EDGE('',*,*,#18285,.F.);
#18287=EDGE_LOOP('',(#18281,#18283,#18284,#18286));
#18288=FACE_OUTER_BOUND('',#18287,.F.);
#18290=CARTESIAN_POINT('',(1.102196699141E1,1.699999999999E0,
-5.000000000008E-1));
#18291=DIRECTION('',(0.E0,9.805806756911E-1,-1.961161351375E-1));
#18292=DIRECTION('',(-1.E0,0.E0,0.E0));
#18293=AXIS2_PLACEMENT_3D('',#18290,#18291,#18292);
#18294=PLANE('',#18293);
#18296=ORIENTED_EDGE('',*,*,#18295,.F.);
#18298=ORIENTED_EDGE('',*,*,#18297,.F.);
#18300=ORIENTED_EDGE('',*,*,#18299,.F.);
#18301=ORIENTED_EDGE('',*,*,#18280,.T.);
#18303=ORIENTED_EDGE('',*,*,#18302,.F.);
#18305=ORIENTED_EDGE('',*,*,#18304,.F.);
#18306=EDGE_LOOP('',(#18296,#18298,#18300,#18301,#18303,#18305));
#18307=FACE_OUTER_BOUND('',#18306,.F.);
#18309=CARTESIAN_POINT('',(1.11E1,2.1E0,0.E0));
#18310=DIRECTION('',(0.E0,0.E0,1.E0));
#18311=DIRECTION('',(0.E0,1.E0,0.E0));
#18312=AXIS2_PLACEMENT_3D('',#18309,#18310,#18311);
#18313=PLANE('',#18312);
#18315=ORIENTED_EDGE('',*,*,#18314,.F.);
#18317=ORIENTED_EDGE('',*,*,#18316,.F.);
#18318=ORIENTED_EDGE('',*,*,#18295,.T.);
#18320=ORIENTED_EDGE('',*,*,#18319,.F.);
#18321=EDGE_LOOP('',(#18315,#18317,#18318,#18320));
#18322=FACE_OUTER_BOUND('',#18321,.F.);
#18324=CARTESIAN_POINT('',(1.102196699141E1,2.500000000001E0,
-5.000000000008E-1));
#18325=DIRECTION('',(0.E0,9.805806756911E-1,1.961161351375E-1));
#18326=DIRECTION('',(-1.E0,0.E0,0.E0));
#18327=AXIS2_PLACEMENT_3D('',#18324,#18325,#18326);
#18328=PLANE('',#18327);
#18330=ORIENTED_EDGE('',*,*,#18329,.F.);
#18332=ORIENTED_EDGE('',*,*,#18331,.F.);
#18334=ORIENTED_EDGE('',*,*,#18333,.F.);
#18335=ORIENTED_EDGE('',*,*,#18314,.T.);
#18337=ORIENTED_EDGE('',*,*,#18336,.F.);
#18339=ORIENTED_EDGE('',*,*,#18338,.F.);
#18340=EDGE_LOOP('',(#18330,#18332,#18334,#18335,#18337,#18339));
#18341=FACE_OUTER_BOUND('',#18340,.F.);
#18343=CARTESIAN_POINT('',(1.1075E1,2.6E0,-2.250000000001E0));
#18344=DIRECTION('',(0.E0,1.E0,0.E0));
#18345=DIRECTION('',(0.E0,0.E0,-1.E0));
#18346=AXIS2_PLACEMENT_3D('',#18343,#18344,#18345);
#18347=PLANE('',#18346);
#18348=ORIENTED_EDGE('',*,*,#18264,.T.);
#18350=ORIENTED_EDGE('',*,*,#18349,.F.);
#18351=ORIENTED_EDGE('',*,*,#18329,.T.);
#18353=ORIENTED_EDGE('',*,*,#18352,.F.);
#18354=EDGE_LOOP('',(#18348,#18350,#18351,#18353));
#18355=FACE_OUTER_BOUND('',#18354,.F.);
#18357=CARTESIAN_POINT('',(1.16E1,2.45E0,-3.554393398282E0));
#18358=DIRECTION('',(0.E0,0.E0,1.E0));
#18359=DIRECTION('',(-1.E0,0.E0,0.E0));
#18360=AXIS2_PLACEMENT_3D('',#18357,#18358,#18359);
#18361=CYLINDRICAL_SURFACE('',#18360,1.5E-1);
#18363=ORIENTED_EDGE('',*,*,#18362,.F.);
#18365=ORIENTED_EDGE('',*,*,#18364,.F.);
#18366=ORIENTED_EDGE('',*,*,#18331,.T.);
#18367=ORIENTED_EDGE('',*,*,#18349,.T.);
#18368=ORIENTED_EDGE('',*,*,#18262,.F.);
#18369=EDGE_LOOP('',(#18363,#18365,#18366,#18367,#18368));
#18370=FACE_OUTER_BOUND('',#18369,.F.);
#18372=CARTESIAN_POINT('',(1.175E1,2.1E0,-2.250000000001E0));
#18373=DIRECTION('',(1.E0,0.E0,0.E0));
#18374=DIRECTION('',(0.E0,-1.E0,0.E0));
#18375=AXIS2_PLACEMENT_3D('',#18372,#18373,#18374);
#18376=PLANE('',#18375);
#18378=ORIENTED_EDGE('',*,*,#18377,.F.);
#18380=ORIENTED_EDGE('',*,*,#18379,.F.);
#18381=ORIENTED_EDGE('',*,*,#18362,.T.);
#18382=ORIENTED_EDGE('',*,*,#18260,.T.);
#18383=EDGE_LOOP('',(#18378,#18380,#18381,#18382));
#18384=FACE_OUTER_BOUND('',#18383,.F.);
#18386=CARTESIAN_POINT('',(1.16E1,1.75E0,-7.259366876083E-1));
#18387=DIRECTION('',(0.E0,0.E0,-1.E0));
#18388=DIRECTION('',(1.E0,0.E0,0.E0));
#18389=AXIS2_PLACEMENT_3D('',#18386,#18387,#18388);
#18390=CYLINDRICAL_SURFACE('',#18389,1.5E-1);
#18391=ORIENTED_EDGE('',*,*,#18282,.T.);
#18392=ORIENTED_EDGE('',*,*,#18299,.T.);
#18394=ORIENTED_EDGE('',*,*,#18393,.F.);
#18395=ORIENTED_EDGE('',*,*,#18377,.T.);
#18396=ORIENTED_EDGE('',*,*,#18258,.F.);
#18397=EDGE_LOOP('',(#18391,#18392,#18394,#18395,#18396));
#18398=FACE_OUTER_BOUND('',#18397,.F.);
#18400=CARTESIAN_POINT('',(1.165E1,2.1E0,-5.000000000009E-1));
#18401=DIRECTION('',(9.805806756923E-1,0.E0,1.961161351315E-1));
#18402=DIRECTION('',(0.E0,1.E0,0.E0));
#18403=AXIS2_PLACEMENT_3D('',#18400,#18401,#18402);
#18404=PLANE('',#18403);
#18405=ORIENTED_EDGE('',*,*,#18297,.T.);
#18406=ORIENTED_EDGE('',*,*,#18316,.T.);
#18407=ORIENTED_EDGE('',*,*,#18333,.T.);
#18408=ORIENTED_EDGE('',*,*,#18364,.T.);
#18409=ORIENTED_EDGE('',*,*,#18379,.T.);
#18410=ORIENTED_EDGE('',*,*,#18393,.T.);
#18411=EDGE_LOOP('',(#18405,#18406,#18407,#18408,#18409,#18410));
#18412=FACE_OUTER_BOUND('',#18411,.F.);
#18414=CARTESIAN_POINT('',(1.09E1,2.45E0,-7.259366876095E-1));
#18415=DIRECTION('',(0.E0,0.E0,-1.E0));
#18416=DIRECTION('',(1.E0,0.E0,0.E0));
#18417=AXIS2_PLACEMENT_3D('',#18414,#18415,#18416);
#18418=CYLINDRICAL_SURFACE('',#18417,1.5E-1);
#18419=ORIENTED_EDGE('',*,*,#18352,.T.);
#18420=ORIENTED_EDGE('',*,*,#18338,.T.);
#18422=ORIENTED_EDGE('',*,*,#18421,.F.);
#18424=ORIENTED_EDGE('',*,*,#18423,.T.);
#18425=ORIENTED_EDGE('',*,*,#18266,.F.);
#18426=EDGE_LOOP('',(#18419,#18420,#18422,#18424,#18425));
#18427=FACE_OUTER_BOUND('',#18426,.F.);
#18429=CARTESIAN_POINT('',(1.085E1,2.1E0,-5.000000000053E-1));
#18430=DIRECTION('',(9.805806756923E-1,0.E0,-1.961161351314E-1));
#18431=DIRECTION('',(0.E0,1.E0,0.E0));
#18432=AXIS2_PLACEMENT_3D('',#18429,#18430,#18431);
#18433=PLANE('',#18432);
#18435=ORIENTED_EDGE('',*,*,#18434,.T.);
#18436=ORIENTED_EDGE('',*,*,#18421,.T.);
#18437=ORIENTED_EDGE('',*,*,#18336,.T.);
#18438=ORIENTED_EDGE('',*,*,#18319,.T.);
#18439=ORIENTED_EDGE('',*,*,#18304,.T.);
#18441=ORIENTED_EDGE('',*,*,#18440,.T.);
#18442=EDGE_LOOP('',(#18435,#18436,#18437,#18438,#18439,#18441));
#18443=FACE_OUTER_BOUND('',#18442,.F.);
#18445=CARTESIAN_POINT('',(1.075E1,2.1E0,-2.250000000002E0));
#18446=DIRECTION('',(1.E0,0.E0,0.E0));
#18447=DIRECTION('',(0.E0,0.E0,-1.E0));
#18448=AXIS2_PLACEMENT_3D('',#18445,#18446,#18447);
#18449=PLANE('',#18448);
#18450=ORIENTED_EDGE('',*,*,#18423,.F.);
#18451=ORIENTED_EDGE('',*,*,#18434,.F.);
#18453=ORIENTED_EDGE('',*,*,#18452,.T.);
#18454=ORIENTED_EDGE('',*,*,#18268,.T.);
#18455=EDGE_LOOP('',(#18450,#18451,#18453,#18454));
#18456=FACE_OUTER_BOUND('',#18455,.F.);
#18458=CARTESIAN_POINT('',(1.09E1,1.75E0,-3.554393398282E0));
#18459=DIRECTION('',(0.E0,0.E0,1.E0));
#18460=DIRECTION('',(-1.E0,0.E0,0.E0));
#18461=AXIS2_PLACEMENT_3D('',#18458,#18459,#18460);
#18462=CYLINDRICAL_SURFACE('',#18461,1.5E-1);
#18463=ORIENTED_EDGE('',*,*,#18452,.F.);
#18464=ORIENTED_EDGE('',*,*,#18440,.F.);
#18465=ORIENTED_EDGE('',*,*,#18302,.T.);
#18466=ORIENTED_EDGE('',*,*,#18285,.T.);
#18467=ORIENTED_EDGE('',*,*,#18270,.F.);
#18468=EDGE_LOOP('',(#18463,#18464,#18465,#18466,#18467));
#18469=FACE_OUTER_BOUND('',#18468,.F.);
#18471=CARTESIAN_POINT('',(1.05E1,3.1E0,-3.3E0));
#18472=DIRECTION('',(0.E0,-5.547001962258E-1,8.320502943374E-1));
#18473=DIRECTION('',(1.E0,0.E0,0.E0));
#18474=AXIS2_PLACEMENT_3D('',#18471,#18472,#18473);
#18475=PLANE('',#18474);
#18476=ORIENTED_EDGE('',*,*,#14582,.T.);
#18477=ORIENTED_EDGE('',*,*,#18231,.F.);
#18478=ORIENTED_EDGE('',*,*,#18247,.T.);
#18480=ORIENTED_EDGE('',*,*,#18479,.F.);
#18481=EDGE_LOOP('',(#18476,#18477,#18478,#18480));
#18482=FACE_OUTER_BOUND('',#18481,.F.);
#18484=CARTESIAN_POINT('',(9.75E0,1.7E0,-6.45E0));
#18485=DIRECTION('',(1.E0,0.E0,0.E0));
#18486=DIRECTION('',(0.E0,0.E0,1.E0));
#18487=AXIS2_PLACEMENT_3D('',#18484,#18485,#18486);
#18488=PLANE('',#18487);
#18489=ORIENTED_EDGE('',*,*,#14584,.T.);
#18490=ORIENTED_EDGE('',*,*,#18479,.T.);
#18491=ORIENTED_EDGE('',*,*,#18252,.T.);
#18493=ORIENTED_EDGE('',*,*,#18492,.T.);
#18495=ORIENTED_EDGE('',*,*,#18494,.T.);
#18496=ORIENTED_EDGE('',*,*,#14262,.T.);
#18497=EDGE_LOOP('',(#18489,#18490,#18491,#18493,#18495,#18496));
#18498=FACE_OUTER_BOUND('',#18497,.F.);
#18500=CARTESIAN_POINT('',(1.05E1,4.E-1,-6.65E0));
#18501=DIRECTION('',(0.E0,1.E0,0.E0));
#18502=DIRECTION('',(0.E0,0.E0,-1.E0));
#18503=AXIS2_PLACEMENT_3D('',#18500,#18501,#18502);
#18504=PLANE('',#18503);
#18505=ORIENTED_EDGE('',*,*,#18250,.F.);
#18506=ORIENTED_EDGE('',*,*,#18237,.F.);
#18508=ORIENTED_EDGE('',*,*,#18507,.T.);
#18509=ORIENTED_EDGE('',*,*,#18492,.F.);
#18510=EDGE_LOOP('',(#18505,#18506,#18508,#18509));
#18511=FACE_OUTER_BOUND('',#18510,.F.);
#18513=CARTESIAN_POINT('',(1.05E1,2.E-1,-9.8E0));
#18514=DIRECTION('',(0.E0,0.E0,1.E0));
#18515=DIRECTION('',(0.E0,-1.E0,0.E0));
#18516=AXIS2_PLACEMENT_3D('',#18513,#18514,#18515);
#18517=PLANE('',#18516);
#18518=ORIENTED_EDGE('',*,*,#18507,.F.);
#18519=ORIENTED_EDGE('',*,*,#18235,.F.);
#18520=ORIENTED_EDGE('',*,*,#14264,.T.);
#18521=ORIENTED_EDGE('',*,*,#18494,.F.);
#18522=EDGE_LOOP('',(#18518,#18519,#18520,#18521));
#18523=FACE_OUTER_BOUND('',#18522,.F.);
#18525=CARTESIAN_POINT('',(5.25E0,1.7E0,-6.45E0));
#18526=DIRECTION('',(1.E0,0.E0,0.E0));
#18527=DIRECTION('',(0.E0,0.E0,1.E0));
#18528=AXIS2_PLACEMENT_3D('',#18525,#18526,#18527);
#18529=PLANE('',#18528);
#18531=ORIENTED_EDGE('',*,*,#18530,.T.);
#18533=ORIENTED_EDGE('',*,*,#18532,.T.);
#18534=ORIENTED_EDGE('',*,*,#14587,.T.);
#18535=ORIENTED_EDGE('',*,*,#14258,.T.);
#18537=ORIENTED_EDGE('',*,*,#18536,.T.);
#18539=ORIENTED_EDGE('',*,*,#18538,.T.);
#18540=EDGE_LOOP('',(#18531,#18533,#18534,#18535,#18537,#18539));
#18541=FACE_OUTER_BOUND('',#18540,.F.);
#18543=CARTESIAN_POINT('',(3.E0,1.600000000001E0,-3.5E0));
#18544=DIRECTION('',(0.E0,0.E0,1.E0));
#18545=DIRECTION('',(0.E0,-1.E0,0.E0));
#18546=AXIS2_PLACEMENT_3D('',#18543,#18544,#18545);
#18547=PLANE('',#18546);
#18549=ORIENTED_EDGE('',*,*,#18548,.F.);
#18550=ORIENTED_EDGE('',*,*,#18530,.F.);
#18552=ORIENTED_EDGE('',*,*,#18551,.T.);
#18554=ORIENTED_EDGE('',*,*,#18553,.F.);
#18555=EDGE_LOOP('',(#18549,#18550,#18552,#18554));
#18556=FACE_OUTER_BOUND('',#18555,.F.);
#18558=ORIENTED_EDGE('',*,*,#18557,.F.);
#18560=ORIENTED_EDGE('',*,*,#18559,.T.);
#18562=ORIENTED_EDGE('',*,*,#18561,.F.);
#18564=ORIENTED_EDGE('',*,*,#18563,.T.);
#18566=ORIENTED_EDGE('',*,*,#18565,.F.);
#18568=ORIENTED_EDGE('',*,*,#18567,.T.);
#18570=ORIENTED_EDGE('',*,*,#18569,.F.);
#18572=ORIENTED_EDGE('',*,*,#18571,.T.);
#18573=EDGE_LOOP('',(#18558,#18560,#18562,#18564,#18566,#18568,#18570,#18572));
#18574=FACE_BOUND('',#18573,.F.);
#18576=CARTESIAN_POINT('',(3.574999999999E0,1.6E0,-2.250000000001E0));
#18577=DIRECTION('',(0.E0,1.E0,0.E0));
#18578=DIRECTION('',(0.E0,0.E0,1.E0));
#18579=AXIS2_PLACEMENT_3D('',#18576,#18577,#18578);
#18580=PLANE('',#18579);
#18582=ORIENTED_EDGE('',*,*,#18581,.F.);
#18584=ORIENTED_EDGE('',*,*,#18583,.F.);
#18585=ORIENTED_EDGE('',*,*,#18557,.T.);
#18587=ORIENTED_EDGE('',*,*,#18586,.F.);
#18588=EDGE_LOOP('',(#18582,#18584,#18585,#18587));
#18589=FACE_OUTER_BOUND('',#18588,.F.);
#18591=CARTESIAN_POINT('',(3.521966991411E0,1.699999999999E0,
-5.000000000009E-1));
#18592=DIRECTION('',(0.E0,9.805806756910E-1,-1.961161351376E-1));
#18593=DIRECTION('',(-1.E0,0.E0,0.E0));
#18594=AXIS2_PLACEMENT_3D('',#18591,#18592,#18593);
#18595=PLANE('',#18594);
#18597=ORIENTED_EDGE('',*,*,#18596,.F.);
#18599=ORIENTED_EDGE('',*,*,#18598,.F.);
#18601=ORIENTED_EDGE('',*,*,#18600,.F.);
#18602=ORIENTED_EDGE('',*,*,#18581,.T.);
#18604=ORIENTED_EDGE('',*,*,#18603,.F.);
#18606=ORIENTED_EDGE('',*,*,#18605,.F.);
#18607=EDGE_LOOP('',(#18597,#18599,#18601,#18602,#18604,#18606));
#18608=FACE_OUTER_BOUND('',#18607,.F.);
#18610=CARTESIAN_POINT('',(3.6E0,2.1E0,-7.993605777301E-14));
#18611=DIRECTION('',(0.E0,0.E0,1.E0));
#18612=DIRECTION('',(0.E0,1.E0,0.E0));
#18613=AXIS2_PLACEMENT_3D('',#18610,#18611,#18612);
#18614=PLANE('',#18613);
#18616=ORIENTED_EDGE('',*,*,#18615,.F.);
#18618=ORIENTED_EDGE('',*,*,#18617,.F.);
#18619=ORIENTED_EDGE('',*,*,#18596,.T.);
#18621=ORIENTED_EDGE('',*,*,#18620,.F.);
#18622=EDGE_LOOP('',(#18616,#18618,#18619,#18621));
#18623=FACE_OUTER_BOUND('',#18622,.F.);
#18625=CARTESIAN_POINT('',(3.521966991411E0,2.500000000001E0,
-5.000000000009E-1));
#18626=DIRECTION('',(0.E0,9.805806756910E-1,1.961161351375E-1));
#18627=DIRECTION('',(-1.E0,0.E0,0.E0));
#18628=AXIS2_PLACEMENT_3D('',#18625,#18626,#18627);
#18629=PLANE('',#18628);
#18631=ORIENTED_EDGE('',*,*,#18630,.F.);
#18633=ORIENTED_EDGE('',*,*,#18632,.F.);
#18635=ORIENTED_EDGE('',*,*,#18634,.F.);
#18636=ORIENTED_EDGE('',*,*,#18615,.T.);
#18638=ORIENTED_EDGE('',*,*,#18637,.F.);
#18640=ORIENTED_EDGE('',*,*,#18639,.F.);
#18641=EDGE_LOOP('',(#18631,#18633,#18635,#18636,#18638,#18640));
#18642=FACE_OUTER_BOUND('',#18641,.F.);
#18644=CARTESIAN_POINT('',(3.574999999999E0,2.6E0,-2.250000000001E0));
#18645=DIRECTION('',(0.E0,1.E0,0.E0));
#18646=DIRECTION('',(0.E0,0.E0,-1.E0));
#18647=AXIS2_PLACEMENT_3D('',#18644,#18645,#18646);
#18648=PLANE('',#18647);
#18649=ORIENTED_EDGE('',*,*,#18565,.T.);
#18651=ORIENTED_EDGE('',*,*,#18650,.F.);
#18652=ORIENTED_EDGE('',*,*,#18630,.T.);
#18654=ORIENTED_EDGE('',*,*,#18653,.F.);
#18655=EDGE_LOOP('',(#18649,#18651,#18652,#18654));
#18656=FACE_OUTER_BOUND('',#18655,.F.);
#18658=CARTESIAN_POINT('',(4.1E0,2.45E0,-3.554393398282E0));
#18659=DIRECTION('',(0.E0,0.E0,1.E0));
#18660=DIRECTION('',(-1.E0,0.E0,0.E0));
#18661=AXIS2_PLACEMENT_3D('',#18658,#18659,#18660);
#18662=CYLINDRICAL_SURFACE('',#18661,1.5E-1);
#18664=ORIENTED_EDGE('',*,*,#18663,.F.);
#18666=ORIENTED_EDGE('',*,*,#18665,.F.);
#18667=ORIENTED_EDGE('',*,*,#18632,.T.);
#18668=ORIENTED_EDGE('',*,*,#18650,.T.);
#18669=ORIENTED_EDGE('',*,*,#18563,.F.);
#18670=EDGE_LOOP('',(#18664,#18666,#18667,#18668,#18669));
#18671=FACE_OUTER_BOUND('',#18670,.F.);
#18673=CARTESIAN_POINT('',(4.25E0,2.1E0,-2.250000000001E0));
#18674=DIRECTION('',(1.E0,0.E0,0.E0));
#18675=DIRECTION('',(0.E0,-1.E0,0.E0));
#18676=AXIS2_PLACEMENT_3D('',#18673,#18674,#18675);
#18677=PLANE('',#18676);
#18679=ORIENTED_EDGE('',*,*,#18678,.F.);
#18681=ORIENTED_EDGE('',*,*,#18680,.F.);
#18682=ORIENTED_EDGE('',*,*,#18663,.T.);
#18683=ORIENTED_EDGE('',*,*,#18561,.T.);
#18684=EDGE_LOOP('',(#18679,#18681,#18682,#18683));
#18685=FACE_OUTER_BOUND('',#18684,.F.);
#18687=CARTESIAN_POINT('',(4.1E0,1.75E0,-7.259366876083E-1));
#18688=DIRECTION('',(0.E0,0.E0,-1.E0));
#18689=DIRECTION('',(1.E0,0.E0,0.E0));
#18690=AXIS2_PLACEMENT_3D('',#18687,#18688,#18689);
#18691=CYLINDRICAL_SURFACE('',#18690,1.5E-1);
#18692=ORIENTED_EDGE('',*,*,#18583,.T.);
#18693=ORIENTED_EDGE('',*,*,#18600,.T.);
#18695=ORIENTED_EDGE('',*,*,#18694,.F.);
#18696=ORIENTED_EDGE('',*,*,#18678,.T.);
#18697=ORIENTED_EDGE('',*,*,#18559,.F.);
#18698=EDGE_LOOP('',(#18692,#18693,#18695,#18696,#18697));
#18699=FACE_OUTER_BOUND('',#18698,.F.);
#18701=CARTESIAN_POINT('',(4.15E0,2.1E0,-5.000000000009E-1));
#18702=DIRECTION('',(9.805806756912E-1,0.E0,1.961161351368E-1));
#18703=DIRECTION('',(0.E0,1.E0,0.E0));
#18704=AXIS2_PLACEMENT_3D('',#18701,#18702,#18703);
#18705=PLANE('',#18704);
#18706=ORIENTED_EDGE('',*,*,#18598,.T.);
#18707=ORIENTED_EDGE('',*,*,#18617,.T.);
#18708=ORIENTED_EDGE('',*,*,#18634,.T.);
#18709=ORIENTED_EDGE('',*,*,#18665,.T.);
#18710=ORIENTED_EDGE('',*,*,#18680,.T.);
#18711=ORIENTED_EDGE('',*,*,#18694,.T.);
#18712=EDGE_LOOP('',(#18706,#18707,#18708,#18709,#18710,#18711));
#18713=FACE_OUTER_BOUND('',#18712,.F.);
#18715=CARTESIAN_POINT('',(3.4E0,2.45E0,-7.259366876083E-1));
#18716=DIRECTION('',(0.E0,0.E0,-1.E0));
#18717=DIRECTION('',(1.E0,0.E0,0.E0));
#18718=AXIS2_PLACEMENT_3D('',#18715,#18716,#18717);
#18719=CYLINDRICAL_SURFACE('',#18718,1.5E-1);
#18720=ORIENTED_EDGE('',*,*,#18653,.T.);
#18721=ORIENTED_EDGE('',*,*,#18639,.T.);
#18723=ORIENTED_EDGE('',*,*,#18722,.F.);
#18725=ORIENTED_EDGE('',*,*,#18724,.T.);
#18726=ORIENTED_EDGE('',*,*,#18567,.F.);
#18727=EDGE_LOOP('',(#18720,#18721,#18723,#18725,#18726));
#18728=FACE_OUTER_BOUND('',#18727,.F.);
#18730=CARTESIAN_POINT('',(3.35E0,2.1E0,-5.000000000009E-1));
#18731=DIRECTION('',(9.805806756912E-1,0.E0,-1.961161351368E-1));
#18732=DIRECTION('',(0.E0,1.E0,0.E0));
#18733=AXIS2_PLACEMENT_3D('',#18730,#18731,#18732);
#18734=PLANE('',#18733);
#18736=ORIENTED_EDGE('',*,*,#18735,.T.);
#18737=ORIENTED_EDGE('',*,*,#18722,.T.);
#18738=ORIENTED_EDGE('',*,*,#18637,.T.);
#18739=ORIENTED_EDGE('',*,*,#18620,.T.);
#18740=ORIENTED_EDGE('',*,*,#18605,.T.);
#18742=ORIENTED_EDGE('',*,*,#18741,.T.);
#18743=EDGE_LOOP('',(#18736,#18737,#18738,#18739,#18740,#18742));
#18744=FACE_OUTER_BOUND('',#18743,.F.);
#18746=CARTESIAN_POINT('',(3.25E0,2.1E0,-2.250000000001E0));
#18747=DIRECTION('',(1.E0,0.E0,0.E0));
#18748=DIRECTION('',(0.E0,0.E0,-1.E0));
#18749=AXIS2_PLACEMENT_3D('',#18746,#18747,#18748);
#18750=PLANE('',#18749);
#18751=ORIENTED_EDGE('',*,*,#18724,.F.);
#18752=ORIENTED_EDGE('',*,*,#18735,.F.);
#18754=ORIENTED_EDGE('',*,*,#18753,.T.);
#18755=ORIENTED_EDGE('',*,*,#18569,.T.);
#18756=EDGE_LOOP('',(#18751,#18752,#18754,#18755));
#18757=FACE_OUTER_BOUND('',#18756,.F.);
#18759=CARTESIAN_POINT('',(3.4E0,1.75E0,-3.554393398282E0));
#18760=DIRECTION('',(0.E0,0.E0,1.E0));
#18761=DIRECTION('',(-1.E0,0.E0,0.E0));
#18762=AXIS2_PLACEMENT_3D('',#18759,#18760,#18761);
#18763=CYLINDRICAL_SURFACE('',#18762,1.5E-1);
#18764=ORIENTED_EDGE('',*,*,#18753,.F.);
#18765=ORIENTED_EDGE('',*,*,#18741,.F.);
#18766=ORIENTED_EDGE('',*,*,#18603,.T.);
#18767=ORIENTED_EDGE('',*,*,#18586,.T.);
#18768=ORIENTED_EDGE('',*,*,#18571,.F.);
#18769=EDGE_LOOP('',(#18764,#18765,#18766,#18767,#18768));
#18770=FACE_OUTER_BOUND('',#18769,.F.);
#18772=CARTESIAN_POINT('',(3.E0,3.1E0,-3.3E0));
#18773=DIRECTION('',(0.E0,-5.547001962258E-1,8.320502943374E-1));
#18774=DIRECTION('',(1.E0,0.E0,0.E0));
#18775=AXIS2_PLACEMENT_3D('',#18772,#18773,#18774);
#18776=PLANE('',#18775);
#18777=ORIENTED_EDGE('',*,*,#14589,.T.);
#18778=ORIENTED_EDGE('',*,*,#18532,.F.);
#18779=ORIENTED_EDGE('',*,*,#18548,.T.);
#18781=ORIENTED_EDGE('',*,*,#18780,.F.);
#18782=EDGE_LOOP('',(#18777,#18778,#18779,#18781));
#18783=FACE_OUTER_BOUND('',#18782,.F.);
#18785=CARTESIAN_POINT('',(2.25E0,1.7E0,-6.45E0));
#18786=DIRECTION('',(1.E0,0.E0,0.E0));
#18787=DIRECTION('',(0.E0,0.E0,1.E0));
#18788=AXIS2_PLACEMENT_3D('',#18785,#18786,#18787);
#18789=PLANE('',#18788);
#18790=ORIENTED_EDGE('',*,*,#14591,.T.);
#18791=ORIENTED_EDGE('',*,*,#18780,.T.);
#18792=ORIENTED_EDGE('',*,*,#18553,.T.);
#18794=ORIENTED_EDGE('',*,*,#18793,.T.);
#18796=ORIENTED_EDGE('',*,*,#18795,.T.);
#18797=ORIENTED_EDGE('',*,*,#14254,.T.);
#18798=EDGE_LOOP('',(#18790,#18791,#18792,#18794,#18796,#18797));
#18799=FACE_OUTER_BOUND('',#18798,.F.);
#18801=CARTESIAN_POINT('',(3.E0,4.E-1,-6.65E0));
#18802=DIRECTION('',(0.E0,1.E0,0.E0));
#18803=DIRECTION('',(0.E0,0.E0,-1.E0));
#18804=AXIS2_PLACEMENT_3D('',#18801,#18802,#18803);
#18805=PLANE('',#18804);
#18806=ORIENTED_EDGE('',*,*,#18551,.F.);
#18807=ORIENTED_EDGE('',*,*,#18538,.F.);
#18809=ORIENTED_EDGE('',*,*,#18808,.T.);
#18810=ORIENTED_EDGE('',*,*,#18793,.F.);
#18811=EDGE_LOOP('',(#18806,#18807,#18809,#18810));
#18812=FACE_OUTER_BOUND('',#18811,.F.);
#18814=CARTESIAN_POINT('',(3.E0,2.E-1,-9.8E0));
#18815=DIRECTION('',(0.E0,0.E0,1.E0));
#18816=DIRECTION('',(0.E0,-1.E0,0.E0));
#18817=AXIS2_PLACEMENT_3D('',#18814,#18815,#18816);
#18818=PLANE('',#18817);
#18819=ORIENTED_EDGE('',*,*,#18808,.F.);
#18820=ORIENTED_EDGE('',*,*,#18536,.F.);
#18821=ORIENTED_EDGE('',*,*,#14256,.T.);
#18822=ORIENTED_EDGE('',*,*,#18795,.F.);
#18823=EDGE_LOOP('',(#18819,#18820,#18821,#18822));
#18824=FACE_OUTER_BOUND('',#18823,.F.);
#18826=CLOSED_SHELL('',(#9163,#9178,#9209,#9224,#9721,#9736,#9750,#9764,#9778,
#9792,#9806,#9820,#9834,#9848,#9862,#9876,#9890,#9904,#9918,#9932,#9946,#9960,
#9974,#9988,#10002,#10016,#10030,#10044,#10058,#10072,#10086,#10100,#10114,
#10128,#10142,#10156,#10170,#10183,#10274,#10289,#10344,#10357,#10370,#10383,
#10396,#10409,#10422,#10435,#10448,#10461,#10474,#10487,#10500,#10513,#10526,
#10539,#10552,#10565,#10578,#10591,#10604,#10617,#10630,#10642,#10657,#10671,
#10685,#10699,#10713,#10727,#10741,#10755,#10769,#10782,#10800,#10815,#10829,
#10843,#10857,#10871,#10885,#10899,#10913,#10927,#10941,#10955,#10968,#10988,
#11003,#11017,#11031,#11045,#11059,#11073,#11087,#11101,#11115,#11129,#11143,
#11157,#11171,#11185,#11199,#11213,#11227,#11241,#11387,#11400,#11413,#11426,
#11439,#11452,#11465,#11478,#11491,#11504,#11517,#11530,#11543,#11556,#11569,
#11582,#11595,#11608,#11621,#11634,#11647,#11660,#11673,#11686,#11699,#11712,
#11725,#11738,#11751,#11764,#11777,#11790,#11803,#11816,#11829,#11842,#11855,
#11868,#11881,#11894,#11907,#11920,#11933,#11946,#11959,#11972,#11985,#11998,
#12011,#12024,#12037,#12050,#12063,#12076,#12089,#12102,#12115,#12128,#12141,
#12154,#12166,#12181,#12195,#12209,#12223,#12237,#12251,#12265,#12279,#12293,
#12307,#12321,#12335,#12349,#12363,#12377,#12391,#12405,#12419,#12433,#12447,
#12461,#12475,#12489,#12503,#12517,#12531,#12545,#12559,#12573,#12587,#12601,
#12615,#12629,#12643,#12657,#12670,#12770,#12785,#12846,#12859,#12872,#12885,
#12898,#12911,#12924,#12937,#12950,#12963,#12976,#12989,#13002,#13015,#13028,
#13041,#13054,#13067,#13080,#13093,#13106,#13119,#13132,#13145,#13158,#13171,
#13183,#13198,#13212,#13226,#13240,#13254,#13268,#13282,#13296,#13310,#13324,
#13338,#13352,#13366,#13380,#13394,#13408,#13422,#13436,#13450,#13464,#13478,
#13492,#13506,#13520,#13534,#13548,#13562,#13576,#13590,#13604,#13618,#13632,
#13646,#13660,#13674,#13688,#13702,#13716,#13730,#13744,#13758,#13772,#13786,
#13800,#13814,#13828,#13842,#13856,#13870,#13884,#13898,#13912,#13926,#13940,
#13954,#13968,#13982,#13996,#14010,#14023,#14091,#14106,#14120,#14134,#14148,
#14161,#14182,#14197,#14210,#14223,#14235,#14282,#14297,#14312,#14345,#14360,
#14379,#14394,#14413,#14427,#14442,#14456,#14470,#14484,#14499,#14515,#14528,
#14541,#14556,#14598,#14677,#14692,#14707,#14826,#14843,#14892,#14906,#14922,
#14936,#14950,#14965,#14978,#14990,#15003,#15018,#15032,#15045,#15061,#15077,
#15092,#15107,#15121,#15135,#15149,#15164,#15177,#15192,#15206,#15220,#15234,
#15249,#15262,#15277,#15291,#15305,#15319,#15334,#15347,#15362,#15375,#15387,
#15400,#15413,#15425,#15438,#15451,#15463,#15476,#15489,#15501,#15514,#15527,
#15543,#15557,#15574,#15586,#15599,#15616,#15630,#15644,#15658,#15671,#15685,
#15698,#15715,#15729,#15743,#15757,#15770,#15784,#15797,#15814,#15828,#15842,
#15856,#15869,#15882,#15893,#15904,#15916,#15930,#15941,#15953,#15967,#15978,
#15990,#16004,#16015,#16032,#16047,#16063,#16079,#16116,#16131,#16150,#16165,
#16184,#16198,#16218,#16232,#16244,#16256,#16270,#16289,#16303,#16315,#16327,
#16341,#16361,#16375,#16387,#16399,#16415,#16434,#16448,#16460,#16472,#16484,
#16501,#16516,#16532,#16548,#16585,#16600,#16619,#16634,#16653,#16667,#16687,
#16701,#16713,#16725,#16739,#16758,#16772,#16784,#16796,#16810,#16830,#16844,
#16856,#16868,#16884,#16903,#16917,#16929,#16941,#16953,#16970,#16985,#17001,
#17017,#17054,#17069,#17088,#17103,#17122,#17136,#17156,#17170,#17182,#17194,
#17208,#17227,#17241,#17253,#17265,#17279,#17299,#17313,#17325,#17337,#17353,
#17372,#17386,#17398,#17410,#17422,#17439,#17454,#17472,#17488,#17526,#17541,
#17560,#17575,#17594,#17608,#17628,#17642,#17654,#17666,#17680,#17699,#17713,
#17725,#17737,#17751,#17771,#17785,#17797,#17809,#17825,#17844,#17858,#17870,
#17882,#17894,#17908,#17922,#17940,#17973,#17988,#18007,#18022,#18041,#18055,
#18070,#18084,#18098,#18112,#18127,#18143,#18156,#18169,#18182,#18198,#18211,
#18223,#18241,#18274,#18289,#18308,#18323,#18342,#18356,#18371,#18385,#18399,
#18413,#18428,#18444,#18457,#18470,#18483,#18499,#18512,#18524,#18542,#18575,
#18590,#18609,#18624,#18643,#18657,#18672,#18686,#18700,#18714,#18729,#18745,
#18758,#18771,#18784,#18800,#18813,#18825));
#18827=MANIFOLD_SOLID_BREP('',#18826);
#18828=PRESENTATION_LAYER_ASSIGNMENT('___SHELL','',(#18827));
#18829=PRESENTATION_LAYER_ASSIGNMENT('INTF_75','',(#18827));
#18830=PRESENTATION_LAYER_ASSIGNMENT('COLOR3','',(#18827));
#18831=PRESENTATION_LAYER_ASSIGNMENT('INTF_44_3','',(#18827));
#18832=PRESENTATION_LAYER_ASSIGNMENT('1_2','',(#18827));
#18833=PRESENTATION_LAYER_ASSIGNMENT('75_2','',(#18827));
#18834=PRESENTATION_LAYER_ASSIGNMENT('44_3','',(#18827));
#18835=PRESENTATION_LAYER_ASSIGNMENT('44_1_1','',(#18827));
#18836=PRESENTATION_LAYER_ASSIGNMENT('INTF_75_1','',(#18827));
#18837=PRESENTATION_LAYER_ASSIGNMENT('COLOR3_3','',(#18827));
#18838=PRESENTATION_LAYER_ASSIGNMENT('INTF_44_2','',(#18827));
#18839=PRESENTATION_LAYER_ASSIGNMENT('___SHELL_1','',(#18827));
#18840=PRESENTATION_LAYER_ASSIGNMENT('1','',(#18827));
#18841=PRESENTATION_LAYER_ASSIGNMENT('75_3','',(#18827));
#18842=PRESENTATION_LAYER_ASSIGNMENT('44_2','',(#18827));
#18843=PRESENTATION_LAYER_ASSIGNMENT('44_1_2','',(#18827));
#18844=PRESENTATION_LAYER_ASSIGNMENT('INTF_75_2','',(#18827));
#18845=PRESENTATION_LAYER_ASSIGNMENT('COLOR3_1','',(#18827));
#18846=PRESENTATION_LAYER_ASSIGNMENT('INTF_44','',(#18827));
#18847=PRESENTATION_LAYER_ASSIGNMENT('___SHELL_2','',(#18827));
#18848=PRESENTATION_LAYER_ASSIGNMENT('1_1','',(#18827));
#18849=PRESENTATION_LAYER_ASSIGNMENT('75_1','',(#18827));
#18850=PRESENTATION_LAYER_ASSIGNMENT('44','',(#18827));
#18851=PRESENTATION_LAYER_ASSIGNMENT('44_1_3','',(#18827));
#18852=PRESENTATION_LAYER_ASSIGNMENT('BIAN','',(#18827));
#18853=PRESENTATION_LAYER_ASSIGNMENT('ZHONG','',(#18827));
#18854=PRESENTATION_LAYER_ASSIGNMENT('ZHONG_1','',(#18827));
#18855=PRESENTATION_LAYER_ASSIGNMENT('ZHONG_2','',(#18827));
#18856=PRESENTATION_LAYER_ASSIGNMENT('PRT0015','',(#18827));
#18859=PLANE_ANGLE_MEASURE_WITH_UNIT(PLANE_ANGLE_MEASURE(1.745329251994E-2),
#18858);
#18860=(CONVERSION_BASED_UNIT('DEGREE',#18859)NAMED_UNIT(*)PLANE_ANGLE_UNIT());
#18862=UNCERTAINTY_MEASURE_WITH_UNIT(LENGTH_MEASURE(3.436270553960E-3),#18857,
'distance_accuracy_value',
'Maximum model space distance between geometric entities at asserted connectivities');
#18865=APPLICATION_CONTEXT('automotive_design');
#18866=APPLICATION_PROTOCOL_DEFINITION('international standard',
'automotive_design',2001,#18865);
#18867=PRODUCT_DEFINITION_CONTEXT('part definition',#18865,'design');
#18868=PRODUCT_CONTEXT('',#18865,'mechanical');
#18869=PRODUCT('PRT0018','PRT0018','NOT SPECIFIED',(#18868));
#18870=PRODUCT_DEFINITION_FORMATION('1','LAST_VERSION',#18869);
#18878=DERIVED_UNIT_ELEMENT(#18877,2.E0);
#18879=DERIVED_UNIT((#18878));
#18880=MEASURE_REPRESENTATION_ITEM('surface area measure',AREA_MEASURE(
2.201107500771E3),#18879);
#18885=DERIVED_UNIT_ELEMENT(#18884,3.E0);
#18886=DERIVED_UNIT((#18885));
#18887=MEASURE_REPRESENTATION_ITEM('volume measure',VOLUME_MEASURE(
1.488316966110E3),#18886);
#18891=CARTESIAN_POINT('centre point',(1.500132876154E1,4.713126477691E0,
-6.947501833418E0));
#18896=DERIVED_UNIT_ELEMENT(#18895,2.E0);
#18897=DERIVED_UNIT((#18896));
#18898=MEASURE_REPRESENTATION_ITEM('surface area measure',AREA_MEASURE(
2.201107500771E3),#18897);
#18903=DERIVED_UNIT_ELEMENT(#18902,3.E0);
#18904=DERIVED_UNIT((#18903));
#18905=MEASURE_REPRESENTATION_ITEM('volume measure',VOLUME_MEASURE(
1.488316966110E3),#18904);
#18909=CARTESIAN_POINT('centre point',(1.500132876154E1,4.713126477691E0,
-6.947501833418E0));
#18914=PRODUCT_RELATED_PRODUCT_CATEGORY('part','',(#18869));
#1=COLOUR_RGB('',0.E0,0.E0,7.529411764706E-1);
#2=COLOUR_RGB('',0.E0,4.705882352941E-1,0.E0);
#3=COLOUR_RGB('',0.E0,6.E-1,0.E0);
#4=DRAUGHTING_PRE_DEFINED_COLOUR('green');
#5=DRAUGHTING_PRE_DEFINED_COLOUR('cyan');
#6=COLOUR_RGB('',1.1E-2,1.2E-2,1.E0);
#7=COLOUR_RGB('',1.176470588235E-2,7.490196078431E-1,4.666666666667E-1);
#8=COLOUR_RGB('',3.137254901961E-2,6.196078431373E-1,4.117647058824E-1);
#9=COLOUR_RGB('',1.098039215686E-1,1.098039215686E-1,1.098039215686E-1);
#10=COLOUR_RGB('',1.490196078431E-1,1.E0,7.843137254902E-2);
#11=COLOUR_RGB('',2.E-1,2.E-1,6.E-1);
#12=COLOUR_RGB('',2.E-1,6.E-1,2.E-1);
#13=COLOUR_RGB('',2.509803921569E-1,1.E0,1.E0);
#14=COLOUR_RGB('',2.549019607843E-1,3.764705882353E-1,1.E0);
#15=COLOUR_RGB('',3.92E-1,1.2E-2,1.2E-2);
#16=COLOUR_RGB('',4.1E-1,0.E0,2.2E-1);
#17=COLOUR_RGB('',4.117647058824E-1,2.627450980392E-1,1.137254901961E-1);
#18=COLOUR_RGB('',4.509803921569E-1,1.E0,7.411764705882E-1);
#19=COLOUR_RGB('',4.705882352941E-1,3.254901960784E-1,1.E0);
#20=COLOUR_RGB('',5.058823529412E-1,1.568627450980E-2,1.568627450980E-2);
#21=COLOUR_RGB('',5.764705882353E-1,5.450980392157E-1,3.921568627451E-1);
#22=COLOUR_RGB('',6.392156862745E-1,6.392156862745E-1,6.392156862745E-1);
#23=COLOUR_RGB('',6.588235294118E-1,2.784313725490E-1,1.E0);
#24=COLOUR_RGB('',6.952E-1,7.426E-1,7.9E-1);
#25=COLOUR_RGB('',7.84314E-1,7.84314E-1,7.84314E-1);
#26=COLOUR_RGB('',8.156862745098E-1,5.568627450980E-1,1.E0);
#27=COLOUR_RGB('',8.745098039216E-1,8.745098039216E-1,8.745098039216E-1);
#28=COLOUR_RGB('',8.784E-1,9.49E-1,1.E0);
#29=COLOUR_RGB('',9.019607843137E-1,6.392156862745E-1,1.E0);
#30=COLOUR_RGB('',9.215686274510E-1,7.058823529412E-1,4.705882352941E-1);
#31=COLOUR_RGB('',9.6E-1,9.6E-1,9.6E-1);
#32=COLOUR_RGB('',9.8E-1,6.27E-1,0.E0);
#33=DRAUGHTING_PRE_DEFINED_COLOUR('red');
#34=COLOUR_RGB('',1.E0,0.E0,2.E-1);
#35=DRAUGHTING_PRE_DEFINED_COLOUR('magenta');
#36=DRAUGHTING_PRE_DEFINED_COLOUR('yellow');
#37=COLOUR_RGB('',1.E0,1.E0,5.294117647059E-1);
#38=COLOUR_RGB('',1.E0,1.E0,9.49E-1);
#39=DRAUGHTING_PRE_DEFINED_COLOUR('white');
#296=B_SPLINE_CURVE_WITH_KNOTS('',3,(#292,#293,#294,#295),.UNSPECIFIED.,.F.,.F.,
(4,4),(0.E0,1.E0),.UNSPECIFIED.);
#381=B_SPLINE_CURVE_WITH_KNOTS('',3,(#377,#378,#379,#380),.UNSPECIFIED.,.F.,.F.,
(4,4),(0.E0,1.E0),.UNSPECIFIED.);
#558=B_SPLINE_CURVE_WITH_KNOTS('',3,(#554,#555,#556,#557),.UNSPECIFIED.,.F.,.F.,
(4,4),(0.E0,1.E0),.UNSPECIFIED.);
#747=B_SPLINE_CURVE_WITH_KNOTS('',3,(#743,#744,#745,#746),.UNSPECIFIED.,.F.,.F.,
(4,4),(0.E0,1.E0),.UNSPECIFIED.);
#2624=B_SPLINE_CURVE_WITH_KNOTS('',3,(#2620,#2621,#2622,#2623),.UNSPECIFIED.,
.F.,.F.,(4,4),(0.E0,1.E0),.UNSPECIFIED.);
#2629=B_SPLINE_CURVE_WITH_KNOTS('',3,(#2625,#2626,#2627,#2628),.UNSPECIFIED.,
.F.,.F.,(4,4),(0.E0,1.E0),.UNSPECIFIED.);
#3566=CIRCLE('',#3565,1.5E-1);
#3571=CIRCLE('',#3570,1.5E-1);
#3576=CIRCLE('',#3575,1.5E-1);
#3581=CIRCLE('',#3580,1.5E-1);
#3621=B_SPLINE_CURVE_WITH_KNOTS('',3,(#3614,#3615,#3616,#3617,#3618,#3619,
#3620),.UNSPECIFIED.,.F.,.F.,(4,1,1,1,4),(0.E0,5.E-1,7.5E-1,8.75E-1,1.E0),
.UNSPECIFIED.);
#3645=B_SPLINE_CURVE_WITH_KNOTS('',3,(#3638,#3639,#3640,#3641,#3642,#3643,
#3644),.UNSPECIFIED.,.F.,.F.,(4,1,1,1,4),(0.E0,1.25E-1,2.5E-1,5.E-1,1.E0),
.UNSPECIFIED.);
#3657=B_SPLINE_CURVE_WITH_KNOTS('',3,(#3650,#3651,#3652,#3653,#3654,#3655,
#3656),.UNSPECIFIED.,.F.,.F.,(4,1,1,1,4),(0.E0,1.25E-1,2.5E-1,5.E-1,1.E0),
.UNSPECIFIED.);
#3677=B_SPLINE_CURVE_WITH_KNOTS('',3,(#3670,#3671,#3672,#3673,#3674,#3675,
#3676),.UNSPECIFIED.,.F.,.F.,(4,1,1,1,4),(0.E0,5.E-1,7.5E-1,8.75E-1,1.E0),
.UNSPECIFIED.);
#3689=B_SPLINE_CURVE_WITH_KNOTS('',3,(#3682,#3683,#3684,#3685,#3686,#3687,
#3688),.UNSPECIFIED.,.F.,.F.,(4,1,1,1,4),(0.E0,1.25E-1,2.5E-1,5.E-1,1.E0),
.UNSPECIFIED.);
#3705=B_SPLINE_CURVE_WITH_KNOTS('',3,(#3698,#3699,#3700,#3701,#3702,#3703,
#3704),.UNSPECIFIED.,.F.,.F.,(4,1,1,1,4),(0.E0,1.25E-1,2.5E-1,5.E-1,1.E0),
.UNSPECIFIED.);
#3725=B_SPLINE_CURVE_WITH_KNOTS('',3,(#3718,#3719,#3720,#3721,#3722,#3723,
#3724),.UNSPECIFIED.,.F.,.F.,(4,1,1,1,4),(0.E0,5.E-1,7.5E-1,8.75E-1,1.E0),
.UNSPECIFIED.);
#3741=B_SPLINE_CURVE_WITH_KNOTS('',3,(#3734,#3735,#3736,#3737,#3738,#3739,
#3740),.UNSPECIFIED.,.F.,.F.,(4,1,1,1,4),(0.E0,5.E-1,7.5E-1,8.75E-1,1.E0),
.UNSPECIFIED.);
#3782=CIRCLE('',#3781,3.250000000002E0);
#3787=CIRCLE('',#3786,2.95E0);
#3792=CIRCLE('',#3791,2.95E0);
#3829=CIRCLE('',#3828,1.384999999999E0);
#3834=CIRCLE('',#3833,1.384999999999E0);
#3839=CIRCLE('',#3838,1.384999999999E0);
#3844=CIRCLE('',#3843,1.384999999999E0);
#3849=CIRCLE('',#3848,1.385000000001E0);
#3854=CIRCLE('',#3853,1.385000000002E0);
#3859=CIRCLE('',#3858,1.385000000001E0);
#3864=CIRCLE('',#3863,1.385000000002E0);
#3947=B_SPLINE_CURVE_WITH_KNOTS('',3,(#3941,#3942,#3943,#3944,#3945,#3946),
.UNSPECIFIED.,.F.,.F.,(4,1,1,4),(0.E0,3.333333333333E-1,6.666666666667E-1,1.E0),
.UNSPECIFIED.);
#3997=B_SPLINE_CURVE_WITH_KNOTS('',3,(#3992,#3993,#3994,#3995,#3996),
.UNSPECIFIED.,.F.,.F.,(4,1,4),(0.E0,5.E-1,1.E0),.UNSPECIFIED.);
#4018=CIRCLE('',#4017,3.E-1);
#4091=CIRCLE('',#4090,2.95E0);
#4096=CIRCLE('',#4095,2.95E0);
#4165=CIRCLE('',#4164,2.95E0);
#4170=CIRCLE('',#4169,2.95E0);
#4239=CIRCLE('',#4238,2.95E0);
#4244=CIRCLE('',#4243,2.95E0);
#4319=B_SPLINE_CURVE_WITH_KNOTS('',3,(#4313,#4314,#4315,#4316,#4317,#4318),
.UNSPECIFIED.,.F.,.F.,(4,1,1,4),(0.E0,3.333333333333E-1,6.666666666667E-1,1.E0),
.UNSPECIFIED.);
#4334=B_SPLINE_CURVE_WITH_KNOTS('',3,(#4328,#4329,#4330,#4331,#4332,#4333),
.UNSPECIFIED.,.F.,.F.,(4,1,1,4),(0.E0,3.333333333333E-1,6.666666666667E-1,1.E0),
.UNSPECIFIED.);
#4343=CIRCLE('',#4342,3.250000000002E0);
#4354=B_SPLINE_CURVE_WITH_KNOTS('',3,(#4348,#4349,#4350,#4351,#4352,#4353),
.UNSPECIFIED.,.F.,.F.,(4,1,1,4),(0.E0,3.333333333333E-1,6.666666666667E-1,1.E0),
.UNSPECIFIED.);
#4369=B_SPLINE_CURVE_WITH_KNOTS('',3,(#4363,#4364,#4365,#4366,#4367,#4368),
.UNSPECIFIED.,.F.,.F.,(4,1,1,4),(0.E0,3.333333333333E-1,6.666666666667E-1,1.E0),
.UNSPECIFIED.);
#4378=CIRCLE('',#4377,3.250000000002E0);
#4389=B_SPLINE_CURVE_WITH_KNOTS('',3,(#4383,#4384,#4385,#4386,#4387,#4388),
.UNSPECIFIED.,.F.,.F.,(4,1,1,4),(0.E0,3.333333333333E-1,6.666666666667E-1,1.E0),
.UNSPECIFIED.);
#4404=B_SPLINE_CURVE_WITH_KNOTS('',3,(#4398,#4399,#4400,#4401,#4402,#4403),
.UNSPECIFIED.,.F.,.F.,(4,1,1,4),(0.E0,3.333333333333E-1,6.666666666667E-1,1.E0),
.UNSPECIFIED.);
#4413=CIRCLE('',#4412,3.250000000002E0);
#4420=B_SPLINE_CURVE_WITH_KNOTS('',3,(#4414,#4415,#4416,#4417,#4418,#4419),
.UNSPECIFIED.,.F.,.F.,(4,1,1,4),(0.E0,3.333333333333E-1,6.666666666667E-1,1.E0),
.UNSPECIFIED.);
#4462=B_SPLINE_CURVE_WITH_KNOTS('',3,(#4457,#4458,#4459,#4460,#4461),
.UNSPECIFIED.,.F.,.F.,(4,1,4),(0.E0,5.E-1,1.E0),.UNSPECIFIED.);
#4483=CIRCLE('',#4482,3.E-1);
#4541=B_SPLINE_CURVE_WITH_KNOTS('',3,(#4536,#4537,#4538,#4539,#4540),
.UNSPECIFIED.,.F.,.F.,(4,1,4),(0.E0,5.E-1,1.E0),.UNSPECIFIED.);
#4551=B_SPLINE_CURVE_WITH_KNOTS('',3,(#4546,#4547,#4548,#4549,#4550),
.UNSPECIFIED.,.F.,.F.,(4,1,4),(0.E0,5.E-1,1.E0),.UNSPECIFIED.);
#4609=B_SPLINE_CURVE_WITH_KNOTS('',3,(#4604,#4605,#4606,#4607,#4608),
.UNSPECIFIED.,.F.,.F.,(4,1,4),(0.E0,5.E-1,1.E0),.UNSPECIFIED.);
#4619=B_SPLINE_CURVE_WITH_KNOTS('',3,(#4614,#4615,#4616,#4617,#4618),
.UNSPECIFIED.,.F.,.F.,(4,1,4),(0.E0,5.E-1,1.E0),.UNSPECIFIED.);
#4677=B_SPLINE_CURVE_WITH_KNOTS('',3,(#4672,#4673,#4674,#4675,#4676),
.UNSPECIFIED.,.F.,.F.,(4,1,4),(0.E0,5.E-1,1.E0),.UNSPECIFIED.);
#4687=B_SPLINE_CURVE_WITH_KNOTS('',3,(#4682,#4683,#4684,#4685,#4686),
.UNSPECIFIED.,.F.,.F.,(4,1,4),(0.E0,5.E-1,1.E0),.UNSPECIFIED.);
#4712=CIRCLE('',#4711,1.E0);
#4725=CIRCLE('',#4724,1.E0);
#4738=CIRCLE('',#4737,1.E0);
#4763=CIRCLE('',#4762,1.E0);
#4776=CIRCLE('',#4775,1.E0);
#4801=CIRCLE('',#4800,1.E0);
#4814=CIRCLE('',#4813,1.E0);
#4839=CIRCLE('',#4838,1.E0);
#4860=CIRCLE('',#4859,1.359822825110E0);
#4865=CIRCLE('',#4864,1.359822825110E0);
#4870=CIRCLE('',#4869,3.E-1);
#4875=CIRCLE('',#4874,3.E-1);
#4880=CIRCLE('',#4879,1.359822825110E0);
#4885=CIRCLE('',#4884,1.359822825110E0);
#4890=CIRCLE('',#4889,1.059993042913E0);
#4895=CIRCLE('',#4894,1.059992163432E0);
#4900=CIRCLE('',#4899,1.059993042913E0);
#4932=B_SPLINE_CURVE_WITH_KNOTS('',3,(#4925,#4926,#4927,#4928,#4929,#4930,
#4931),.UNSPECIFIED.,.F.,.F.,(4,1,1,1,4),(0.E0,5.E-1,7.5E-1,8.75E-1,1.E0),
.UNSPECIFIED.);
#4953=CIRCLE('',#4952,1.5E-1);
#4989=B_SPLINE_CURVE_WITH_KNOTS('',3,(#4982,#4983,#4984,#4985,#4986,#4987,
#4988),.UNSPECIFIED.,.F.,.F.,(4,1,1,1,4),(0.E0,1.25E-1,2.5E-1,5.E-1,1.E0),
.UNSPECIFIED.);
#5010=CIRCLE('',#5009,1.5E-1);
#5038=B_SPLINE_CURVE_WITH_KNOTS('',3,(#5031,#5032,#5033,#5034,#5035,#5036,
#5037),.UNSPECIFIED.,.F.,.F.,(4,1,1,1,4),(0.E0,1.25E-1,2.5E-1,5.E-1,1.E0),
.UNSPECIFIED.);
#5058=B_SPLINE_CURVE_WITH_KNOTS('',3,(#5051,#5052,#5053,#5054,#5055,#5056,
#5057),.UNSPECIFIED.,.F.,.F.,(4,1,1,1,4),(0.E0,5.E-1,7.5E-1,8.75E-1,1.E0),
.UNSPECIFIED.);
#5070=B_SPLINE_CURVE_WITH_KNOTS('',3,(#5063,#5064,#5065,#5066,#5067,#5068,
#5069),.UNSPECIFIED.,.F.,.F.,(4,1,1,1,4),(0.E0,1.25E-1,2.5E-1,5.E-1,1.E0),
.UNSPECIFIED.);
#5091=CIRCLE('',#5090,1.5E-1);
#5127=B_SPLINE_CURVE_WITH_KNOTS('',3,(#5120,#5121,#5122,#5123,#5124,#5125,
#5126),.UNSPECIFIED.,.F.,.F.,(4,1,1,1,4),(0.E0,5.E-1,7.5E-1,8.75E-1,1.E0),
.UNSPECIFIED.);
#5139=B_SPLINE_CURVE_WITH_KNOTS('',3,(#5132,#5133,#5134,#5135,#5136,#5137,
#5138),.UNSPECIFIED.,.F.,.F.,(4,1,1,1,4),(0.E0,1.25E-1,2.5E-1,5.E-1,1.E0),
.UNSPECIFIED.);
#5147=B_SPLINE_CURVE_WITH_KNOTS('',3,(#5140,#5141,#5142,#5143,#5144,#5145,
#5146),.UNSPECIFIED.,.F.,.F.,(4,1,1,1,4),(0.E0,5.E-1,7.5E-1,8.75E-1,1.E0),
.UNSPECIFIED.);
#5168=CIRCLE('',#5167,1.5E-1);
#5205=CIRCLE('',#5204,1.359822825107E0);
#5210=CIRCLE('',#5209,1.359822825107E0);
#5215=CIRCLE('',#5214,3.E-1);
#5220=CIRCLE('',#5219,3.E-1);
#5225=CIRCLE('',#5224,1.359822825107E0);
#5230=CIRCLE('',#5229,1.359822825107E0);
#5235=CIRCLE('',#5234,1.059993042910E0);
#5240=CIRCLE('',#5239,1.059992163432E0);
#5245=CIRCLE('',#5244,1.059993042910E0);
#5277=B_SPLINE_CURVE_WITH_KNOTS('',3,(#5270,#5271,#5272,#5273,#5274,#5275,
#5276),.UNSPECIFIED.,.F.,.F.,(4,1,1,1,4),(0.E0,5.E-1,7.5E-1,8.75E-1,1.E0),
.UNSPECIFIED.);
#5298=CIRCLE('',#5297,1.5E-1);
#5334=B_SPLINE_CURVE_WITH_KNOTS('',3,(#5327,#5328,#5329,#5330,#5331,#5332,
#5333),.UNSPECIFIED.,.F.,.F.,(4,1,1,1,4),(0.E0,1.25E-1,2.5E-1,5.E-1,1.E0),
.UNSPECIFIED.);
#5355=CIRCLE('',#5354,1.5E-1);
#5383=B_SPLINE_CURVE_WITH_KNOTS('',3,(#5376,#5377,#5378,#5379,#5380,#5381,
#5382),.UNSPECIFIED.,.F.,.F.,(4,1,1,1,4),(0.E0,1.25E-1,2.5E-1,5.E-1,1.E0),
.UNSPECIFIED.);
#5403=B_SPLINE_CURVE_WITH_KNOTS('',3,(#5396,#5397,#5398,#5399,#5400,#5401,
#5402),.UNSPECIFIED.,.F.,.F.,(4,1,1,1,4),(0.E0,5.E-1,7.5E-1,8.75E-1,1.E0),
.UNSPECIFIED.);
#5415=B_SPLINE_CURVE_WITH_KNOTS('',3,(#5408,#5409,#5410,#5411,#5412,#5413,
#5414),.UNSPECIFIED.,.F.,.F.,(4,1,1,1,4),(0.E0,1.25E-1,2.5E-1,5.E-1,1.E0),
.UNSPECIFIED.);
#5436=CIRCLE('',#5435,1.5E-1);
#5472=B_SPLINE_CURVE_WITH_KNOTS('',3,(#5465,#5466,#5467,#5468,#5469,#5470,
#5471),.UNSPECIFIED.,.F.,.F.,(4,1,1,1,4),(0.E0,5.E-1,7.5E-1,8.75E-1,1.E0),
.UNSPECIFIED.);
#5484=B_SPLINE_CURVE_WITH_KNOTS('',3,(#5477,#5478,#5479,#5480,#5481,#5482,
#5483),.UNSPECIFIED.,.F.,.F.,(4,1,1,1,4),(0.E0,1.25E-1,2.5E-1,5.E-1,1.E0),
.UNSPECIFIED.);
#5492=B_SPLINE_CURVE_WITH_KNOTS('',3,(#5485,#5486,#5487,#5488,#5489,#5490,
#5491),.UNSPECIFIED.,.F.,.F.,(4,1,1,1,4),(0.E0,5.E-1,7.5E-1,8.75E-1,1.E0),
.UNSPECIFIED.);
#5513=CIRCLE('',#5512,1.5E-1);
#5550=CIRCLE('',#5549,1.359822825107E0);
#5555=CIRCLE('',#5554,1.359822825107E0);
#5560=CIRCLE('',#5559,3.E-1);
#5565=CIRCLE('',#5564,3.E-1);
#5570=CIRCLE('',#5569,1.359822825107E0);
#5575=CIRCLE('',#5574,1.359822825107E0);
#5580=CIRCLE('',#5579,1.059993042910E0);
#5585=CIRCLE('',#5584,1.059992163432E0);
#5590=CIRCLE('',#5589,1.059993042910E0);
#5622=B_SPLINE_CURVE_WITH_KNOTS('',3,(#5615,#5616,#5617,#5618,#5619,#5620,
#5621),.UNSPECIFIED.,.F.,.F.,(4,1,1,1,4),(0.E0,5.E-1,7.5E-1,8.75E-1,1.E0),
.UNSPECIFIED.);
#5643=CIRCLE('',#5642,1.5E-1);
#5679=B_SPLINE_CURVE_WITH_KNOTS('',3,(#5672,#5673,#5674,#5675,#5676,#5677,
#5678),.UNSPECIFIED.,.F.,.F.,(4,1,1,1,4),(0.E0,1.25E-1,2.5E-1,5.E-1,1.E0),
.UNSPECIFIED.);
#5700=CIRCLE('',#5699,1.5E-1);
#5728=B_SPLINE_CURVE_WITH_KNOTS('',3,(#5721,#5722,#5723,#5724,#5725,#5726,
#5727),.UNSPECIFIED.,.F.,.F.,(4,1,1,1,4),(0.E0,1.25E-1,2.5E-1,5.E-1,1.E0),
.UNSPECIFIED.);
#5748=B_SPLINE_CURVE_WITH_KNOTS('',3,(#5741,#5742,#5743,#5744,#5745,#5746,
#5747),.UNSPECIFIED.,.F.,.F.,(4,1,1,1,4),(0.E0,5.E-1,7.5E-1,8.75E-1,1.E0),
.UNSPECIFIED.);
#5760=B_SPLINE_CURVE_WITH_KNOTS('',3,(#5753,#5754,#5755,#5756,#5757,#5758,
#5759),.UNSPECIFIED.,.F.,.F.,(4,1,1,1,4),(0.E0,1.25E-1,2.5E-1,5.E-1,1.E0),
.UNSPECIFIED.);
#5781=CIRCLE('',#5780,1.5E-1);
#5817=B_SPLINE_CURVE_WITH_KNOTS('',3,(#5810,#5811,#5812,#5813,#5814,#5815,
#5816),.UNSPECIFIED.,.F.,.F.,(4,1,1,1,4),(0.E0,5.E-1,7.5E-1,8.75E-1,1.E0),
.UNSPECIFIED.);
#5829=B_SPLINE_CURVE_WITH_KNOTS('',3,(#5822,#5823,#5824,#5825,#5826,#5827,
#5828),.UNSPECIFIED.,.F.,.F.,(4,1,1,1,4),(0.E0,1.25E-1,2.5E-1,5.E-1,1.E0),
.UNSPECIFIED.);
#5837=B_SPLINE_CURVE_WITH_KNOTS('',3,(#5830,#5831,#5832,#5833,#5834,#5835,
#5836),.UNSPECIFIED.,.F.,.F.,(4,1,1,1,4),(0.E0,5.E-1,7.5E-1,8.75E-1,1.E0),
.UNSPECIFIED.);
#5858=CIRCLE('',#5857,1.5E-1);
#5895=CIRCLE('',#5894,1.359822825107E0);
#5900=CIRCLE('',#5899,1.359822825107E0);
#5905=CIRCLE('',#5904,3.E-1);
#5910=CIRCLE('',#5909,1.359822825107E0);
#5915=CIRCLE('',#5914,1.359822825107E0);
#5920=CIRCLE('',#5919,3.E-1);
#5925=CIRCLE('',#5924,1.059993042910E0);
#5930=CIRCLE('',#5929,1.059993042913E0);
#5935=CIRCLE('',#5934,1.059993042913E0);
#5940=CIRCLE('',#5939,1.059993042910E0);
#5972=B_SPLINE_CURVE_WITH_KNOTS('',3,(#5965,#5966,#5967,#5968,#5969,#5970,
#5971),.UNSPECIFIED.,.F.,.F.,(4,1,1,1,4),(0.E0,5.E-1,7.5E-1,8.75E-1,1.E0),
.UNSPECIFIED.);
#5993=CIRCLE('',#5992,1.5E-1);
#6029=B_SPLINE_CURVE_WITH_KNOTS('',3,(#6022,#6023,#6024,#6025,#6026,#6027,
#6028),.UNSPECIFIED.,.F.,.F.,(4,1,1,1,4),(0.E0,1.25E-1,2.5E-1,5.E-1,1.E0),
.UNSPECIFIED.);
#6050=CIRCLE('',#6049,1.5E-1);
#6078=B_SPLINE_CURVE_WITH_KNOTS('',3,(#6071,#6072,#6073,#6074,#6075,#6076,
#6077),.UNSPECIFIED.,.F.,.F.,(4,1,1,1,4),(0.E0,5.E-1,7.5E-1,8.75E-1,1.E0),
.UNSPECIFIED.);
#6090=B_SPLINE_CURVE_WITH_KNOTS('',3,(#6083,#6084,#6085,#6086,#6087,#6088,
#6089),.UNSPECIFIED.,.F.,.F.,(4,1,1,1,4),(0.E0,1.25E-1,2.5E-1,5.E-1,1.E0),
.UNSPECIFIED.);
#6110=B_SPLINE_CURVE_WITH_KNOTS('',3,(#6103,#6104,#6105,#6106,#6107,#6108,
#6109),.UNSPECIFIED.,.F.,.F.,(4,1,1,1,4),(0.E0,1.25E-1,2.5E-1,5.E-1,1.E0),
.UNSPECIFIED.);
#6131=CIRCLE('',#6130,1.5E-1);
#6167=B_SPLINE_CURVE_WITH_KNOTS('',3,(#6160,#6161,#6162,#6163,#6164,#6165,
#6166),.UNSPECIFIED.,.F.,.F.,(4,1,1,1,4),(0.E0,5.E-1,7.5E-1,8.75E-1,1.E0),
.UNSPECIFIED.);
#6179=B_SPLINE_CURVE_WITH_KNOTS('',3,(#6172,#6173,#6174,#6175,#6176,#6177,
#6178),.UNSPECIFIED.,.F.,.F.,(4,1,1,1,4),(0.E0,1.25E-1,2.5E-1,5.E-1,1.E0),
.UNSPECIFIED.);
#6187=B_SPLINE_CURVE_WITH_KNOTS('',3,(#6180,#6181,#6182,#6183,#6184,#6185,
#6186),.UNSPECIFIED.,.F.,.F.,(4,1,1,1,4),(0.E0,5.E-1,7.5E-1,8.75E-1,1.E0),
.UNSPECIFIED.);
#6208=CIRCLE('',#6207,1.5E-1);
#6309=CIRCLE('',#6308,1.5E-1);
#6314=CIRCLE('',#6313,1.5E-1);
#6319=CIRCLE('',#6318,1.5E-1);
#6324=CIRCLE('',#6323,1.5E-1);
#6360=B_SPLINE_CURVE_WITH_KNOTS('',3,(#6353,#6354,#6355,#6356,#6357,#6358,
#6359),.UNSPECIFIED.,.F.,.F.,(4,1,1,1,4),(0.E0,5.E-1,7.5E-1,8.75E-1,1.E0),
.UNSPECIFIED.);
#6384=B_SPLINE_CURVE_WITH_KNOTS('',3,(#6377,#6378,#6379,#6380,#6381,#6382,
#6383),.UNSPECIFIED.,.F.,.F.,(4,1,1,1,4),(0.E0,1.25E-1,2.5E-1,5.E-1,1.E0),
.UNSPECIFIED.);
#6408=B_SPLINE_CURVE_WITH_KNOTS('',3,(#6401,#6402,#6403,#6404,#6405,#6406,
#6407),.UNSPECIFIED.,.F.,.F.,(4,1,1,1,4),(0.E0,5.E-1,7.5E-1,8.75E-1,1.E0),
.UNSPECIFIED.);
#6420=B_SPLINE_CURVE_WITH_KNOTS('',3,(#6413,#6414,#6415,#6416,#6417,#6418,
#6419),.UNSPECIFIED.,.F.,.F.,(4,1,1,1,4),(0.E0,1.25E-1,2.5E-1,5.E-1,1.E0),
.UNSPECIFIED.);
#6432=B_SPLINE_CURVE_WITH_KNOTS('',3,(#6425,#6426,#6427,#6428,#6429,#6430,
#6431),.UNSPECIFIED.,.F.,.F.,(4,1,1,1,4),(0.E0,1.25E-1,2.5E-1,5.E-1,1.E0),
.UNSPECIFIED.);
#6448=B_SPLINE_CURVE_WITH_KNOTS('',3,(#6441,#6442,#6443,#6444,#6445,#6446,
#6447),.UNSPECIFIED.,.F.,.F.,(4,1,1,1,4),(0.E0,1.25E-1,2.5E-1,5.E-1,1.E0),
.UNSPECIFIED.);
#6468=B_SPLINE_CURVE_WITH_KNOTS('',3,(#6461,#6462,#6463,#6464,#6465,#6466,
#6467),.UNSPECIFIED.,.F.,.F.,(4,1,1,1,4),(0.E0,5.E-1,7.5E-1,8.75E-1,1.E0),
.UNSPECIFIED.);
#6484=B_SPLINE_CURVE_WITH_KNOTS('',3,(#6477,#6478,#6479,#6480,#6481,#6482,
#6483),.UNSPECIFIED.,.F.,.F.,(4,1,1,1,4),(0.E0,5.E-1,7.5E-1,8.75E-1,1.E0),
.UNSPECIFIED.);
#6557=CIRCLE('',#6556,1.5E-1);
#6562=CIRCLE('',#6561,1.5E-1);
#6567=CIRCLE('',#6566,1.5E-1);
#6572=CIRCLE('',#6571,1.5E-1);
#6608=B_SPLINE_CURVE_WITH_KNOTS('',3,(#6601,#6602,#6603,#6604,#6605,#6606,
#6607),.UNSPECIFIED.,.F.,.F.,(4,1,1,1,4),(0.E0,5.E-1,7.5E-1,8.75E-1,1.E0),
.UNSPECIFIED.);
#6632=B_SPLINE_CURVE_WITH_KNOTS('',3,(#6625,#6626,#6627,#6628,#6629,#6630,
#6631),.UNSPECIFIED.,.F.,.F.,(4,1,1,1,4),(0.E0,1.25E-1,2.5E-1,5.E-1,1.E0),
.UNSPECIFIED.);
#6656=B_SPLINE_CURVE_WITH_KNOTS('',3,(#6649,#6650,#6651,#6652,#6653,#6654,
#6655),.UNSPECIFIED.,.F.,.F.,(4,1,1,1,4),(0.E0,5.E-1,7.5E-1,8.75E-1,1.E0),
.UNSPECIFIED.);
#6668=B_SPLINE_CURVE_WITH_KNOTS('',3,(#6661,#6662,#6663,#6664,#6665,#6666,
#6667),.UNSPECIFIED.,.F.,.F.,(4,1,1,1,4),(0.E0,1.25E-1,2.5E-1,5.E-1,1.E0),
.UNSPECIFIED.);
#6680=B_SPLINE_CURVE_WITH_KNOTS('',3,(#6673,#6674,#6675,#6676,#6677,#6678,
#6679),.UNSPECIFIED.,.F.,.F.,(4,1,1,1,4),(0.E0,1.25E-1,2.5E-1,5.E-1,1.E0),
.UNSPECIFIED.);
#6696=B_SPLINE_CURVE_WITH_KNOTS('',3,(#6689,#6690,#6691,#6692,#6693,#6694,
#6695),.UNSPECIFIED.,.F.,.F.,(4,1,1,1,4),(0.E0,1.25E-1,2.5E-1,5.E-1,1.E0),
.UNSPECIFIED.);
#6716=B_SPLINE_CURVE_WITH_KNOTS('',3,(#6709,#6710,#6711,#6712,#6713,#6714,
#6715),.UNSPECIFIED.,.F.,.F.,(4,1,1,1,4),(0.E0,5.E-1,7.5E-1,8.75E-1,1.E0),
.UNSPECIFIED.);
#6732=B_SPLINE_CURVE_WITH_KNOTS('',3,(#6725,#6726,#6727,#6728,#6729,#6730,
#6731),.UNSPECIFIED.,.F.,.F.,(4,1,1,1,4),(0.E0,5.E-1,7.5E-1,8.75E-1,1.E0),
.UNSPECIFIED.);
#6805=CIRCLE('',#6804,1.5E-1);
#6810=CIRCLE('',#6809,1.5E-1);
#6815=CIRCLE('',#6814,1.5E-1);
#6820=CIRCLE('',#6819,1.5E-1);
#6856=B_SPLINE_CURVE_WITH_KNOTS('',3,(#6849,#6850,#6851,#6852,#6853,#6854,
#6855),.UNSPECIFIED.,.F.,.F.,(4,1,1,1,4),(0.E0,5.E-1,7.5E-1,8.75E-1,1.E0),
.UNSPECIFIED.);
#6880=B_SPLINE_CURVE_WITH_KNOTS('',3,(#6873,#6874,#6875,#6876,#6877,#6878,
#6879),.UNSPECIFIED.,.F.,.F.,(4,1,1,1,4),(0.E0,1.25E-1,2.5E-1,5.E-1,1.E0),
.UNSPECIFIED.);
#6904=B_SPLINE_CURVE_WITH_KNOTS('',3,(#6897,#6898,#6899,#6900,#6901,#6902,
#6903),.UNSPECIFIED.,.F.,.F.,(4,1,1,1,4),(0.E0,5.E-1,7.5E-1,8.75E-1,1.E0),
.UNSPECIFIED.);
#6916=B_SPLINE_CURVE_WITH_KNOTS('',3,(#6909,#6910,#6911,#6912,#6913,#6914,
#6915),.UNSPECIFIED.,.F.,.F.,(4,1,1,1,4),(0.E0,1.25E-1,2.5E-1,5.E-1,1.E0),
.UNSPECIFIED.);
#6928=B_SPLINE_CURVE_WITH_KNOTS('',3,(#6921,#6922,#6923,#6924,#6925,#6926,
#6927),.UNSPECIFIED.,.F.,.F.,(4,1,1,1,4),(0.E0,1.25E-1,2.5E-1,5.E-1,1.E0),
.UNSPECIFIED.);
#6944=B_SPLINE_CURVE_WITH_KNOTS('',3,(#6937,#6938,#6939,#6940,#6941,#6942,
#6943),.UNSPECIFIED.,.F.,.F.,(4,1,1,1,4),(0.E0,1.25E-1,2.5E-1,5.E-1,1.E0),
.UNSPECIFIED.);
#6964=B_SPLINE_CURVE_WITH_KNOTS('',3,(#6957,#6958,#6959,#6960,#6961,#6962,
#6963),.UNSPECIFIED.,.F.,.F.,(4,1,1,1,4),(0.E0,5.E-1,7.5E-1,8.75E-1,1.E0),
.UNSPECIFIED.);
#6980=B_SPLINE_CURVE_WITH_KNOTS('',3,(#6973,#6974,#6975,#6976,#6977,#6978,
#6979),.UNSPECIFIED.,.F.,.F.,(4,1,1,1,4),(0.E0,5.E-1,7.5E-1,8.75E-1,1.E0),
.UNSPECIFIED.);
#9137=EDGE_CURVE('',#8918,#8714,#47,.T.);
#9139=EDGE_CURVE('',#8917,#8918,#3967,.T.);
#9141=EDGE_CURVE('',#8920,#8917,#3900,.T.);
#9143=EDGE_CURVE('',#7028,#8920,#3892,.T.);
#9145=EDGE_CURVE('',#7027,#7028,#4042,.T.);
#9147=EDGE_CURVE('',#7030,#7027,#4444,.T.);
#9149=EDGE_CURVE('',#7193,#7030,#4515,.T.);
#9151=EDGE_CURVE('',#7192,#7193,#4559,.T.);
#9153=EDGE_CURVE('',#8512,#7192,#4583,.T.);
#9155=EDGE_CURVE('',#8511,#8512,#4627,.T.);
#9157=EDGE_CURVE('',#8715,#8511,#4651,.T.);
#9159=EDGE_CURVE('',#8714,#8715,#4695,.T.);
#9163=ADVANCED_FACE('',(#9162),#9136,.T.);
#9169=EDGE_CURVE('',#9004,#8717,#51,.T.);
#9171=EDGE_CURVE('',#9004,#8918,#43,.T.);
#9174=EDGE_CURVE('',#8717,#8714,#4707,.T.);
#9178=ADVANCED_FACE('',(#9177),#9168,.T.);
#9184=EDGE_CURVE('',#9008,#7099,#67,.T.);
#9186=EDGE_CURVE('',#9007,#9008,#4026,.T.);
#9188=EDGE_CURVE('',#9004,#9007,#3987,.T.);
#9191=EDGE_CURVE('',#8717,#8727,#55,.T.);
#9193=EDGE_CURVE('',#8514,#8727,#4643,.T.);
#9195=EDGE_CURVE('',#8514,#8524,#59,.T.);
#9197=EDGE_CURVE('',#7195,#8524,#4575,.T.);
#9199=EDGE_CURVE('',#7195,#7205,#63,.T.);
#9201=EDGE_CURVE('',#7032,#7205,#4507,.T.);
#9203=EDGE_CURVE('',#7101,#7032,#4499,.T.);
#9205=EDGE_CURVE('',#7099,#7101,#4474,.T.);
#9209=ADVANCED_FACE('',(#9208),#9183,.F.);
#9215=EDGE_CURVE('',#9010,#7098,#783,.T.);
#9217=EDGE_CURVE('',#9008,#9010,#4030,.T.);
#9220=EDGE_CURVE('',#7098,#7099,#4470,.T.);
#9224=ADVANCED_FACE('',(#9223),#9214,.F.);
#9230=EDGE_CURVE('',#9017,#7077,#3537,.T.);
#9232=EDGE_CURVE('',#9010,#9017,#4001,.T.);
#9235=EDGE_CURVE('',#7077,#7098,#4466,.T.);
#9239=EDGE_CURVE('',#7701,#7702,#155,.T.);
#9241=EDGE_CURVE('',#7704,#7702,#1443,.T.);
#9243=EDGE_CURVE('',#7704,#7706,#159,.T.);
#9245=EDGE_CURVE('',#7706,#7708,#163,.T.);
#9247=EDGE_CURVE('',#7710,#7708,#1423,.T.);
#9249=EDGE_CURVE('',#7710,#7712,#167,.T.);
#9251=EDGE_CURVE('',#7714,#7712,#1407,.T.);
#9253=EDGE_CURVE('',#7714,#7716,#171,.T.);
#9255=EDGE_CURVE('',#7716,#7718,#175,.T.);
#9257=EDGE_CURVE('',#7701,#7718,#1387,.T.);
#9261=EDGE_CURVE('',#7677,#7678,#179,.T.);
#9263=EDGE_CURVE('',#7680,#7678,#1563,.T.);
#9265=EDGE_CURVE('',#7680,#7682,#183,.T.);
#9267=EDGE_CURVE('',#7684,#7682,#1547,.T.);
#9269=EDGE_CURVE('',#7684,#7686,#187,.T.);
#9271=EDGE_CURVE('',#7688,#7686,#1531,.T.);
#9273=EDGE_CURVE('',#7688,#7690,#191,.T.);
#9275=EDGE_CURVE('',#7692,#7690,#1515,.T.);
#9277=EDGE_CURVE('',#7692,#7694,#195,.T.);
#9279=EDGE_CURVE('',#7696,#7694,#1499,.T.);
#9281=EDGE_CURVE('',#7696,#7698,#199,.T.);
#9283=EDGE_CURVE('',#7677,#7698,#1483,.T.);
#9287=EDGE_CURVE('',#7523,#7524,#1603,.T.);
#9289=EDGE_CURVE('',#7523,#7526,#203,.T.);
#9291=EDGE_CURVE('',#7528,#7526,#2275,.T.);
#9293=EDGE_CURVE('',#7528,#7530,#207,.T.);
#9295=EDGE_CURVE('',#7530,#7532,#211,.T.);
#9297=EDGE_CURVE('',#7532,#7534,#215,.T.);
#9299=EDGE_CURVE('',#7534,#7536,#219,.T.);
#9301=EDGE_CURVE('',#7536,#7538,#223,.T.);
#9303=EDGE_CURVE('',#7538,#7540,#227,.T.);
#9305=EDGE_CURVE('',#7540,#7542,#231,.T.);
#9307=EDGE_CURVE('',#7542,#7544,#235,.T.);
#9309=EDGE_CURVE('',#7544,#7546,#239,.T.);
#9311=EDGE_CURVE('',#7546,#7548,#243,.T.);
#9313=EDGE_CURVE('',#7548,#7550,#247,.T.);
#9315=EDGE_CURVE('',#7552,#7550,#2219,.T.);
#9317=EDGE_CURVE('',#7554,#7552,#2207,.T.);
#9319=EDGE_CURVE('',#7554,#7556,#251,.T.);
#9321=EDGE_CURVE('',#7556,#7558,#255,.T.);
#9323=EDGE_CURVE('',#7558,#7560,#259,.T.);
#9325=EDGE_CURVE('',#7560,#7562,#263,.T.);
#9327=EDGE_CURVE('',#7562,#7564,#267,.T.);
#9329=EDGE_CURVE('',#7564,#7566,#271,.T.);
#9331=EDGE_CURVE('',#7566,#7569,#275,.T.);
#9333=EDGE_CURVE('',#7569,#7570,#279,.T.);
#9335=EDGE_CURVE('',#7570,#7572,#283,.T.);
#9337=EDGE_CURVE('',#7572,#7574,#287,.T.);
#9339=EDGE_CURVE('',#7574,#7576,#291,.T.);
#9341=EDGE_CURVE('',#7578,#7576,#2151,.T.);
#9343=EDGE_CURVE('',#7578,#7579,#296,.T.);
#9345=EDGE_CURVE('',#7579,#7581,#300,.T.);
#9347=EDGE_CURVE('',#7581,#7583,#304,.T.);
#9349=EDGE_CURVE('',#7583,#7585,#308,.T.);
#9351=EDGE_CURVE('',#7585,#7587,#312,.T.);
#9353=EDGE_CURVE('',#7589,#7587,#2119,.T.);
#9355=EDGE_CURVE('',#7591,#7589,#2107,.T.);
#9357=EDGE_CURVE('',#7591,#7593,#316,.T.);
#9359=EDGE_CURVE('',#7593,#7595,#320,.T.);
#9361=EDGE_CURVE('',#7595,#7597,#324,.T.);
#9363=EDGE_CURVE('',#7599,#7597,#2083,.T.);
#9365=EDGE_CURVE('',#7601,#7599,#2071,.T.);
#9367=EDGE_CURVE('',#7601,#7603,#328,.T.);
#9369=EDGE_CURVE('',#7605,#7603,#2055,.T.);
#9371=EDGE_CURVE('',#7607,#7605,#2043,.T.);
#9373=EDGE_CURVE('',#7607,#7609,#332,.T.);
#9375=EDGE_CURVE('',#7609,#7611,#336,.T.);
#9377=EDGE_CURVE('',#7611,#7613,#340,.T.);
#9379=EDGE_CURVE('',#7613,#7615,#344,.T.);
#9381=EDGE_CURVE('',#7615,#7617,#348,.T.);
#9383=EDGE_CURVE('',#7617,#7619,#352,.T.);
#9385=EDGE_CURVE('',#7621,#7619,#2007,.T.);
#9387=EDGE_CURVE('',#7621,#7623,#356,.T.);
#9389=EDGE_CURVE('',#7623,#7625,#360,.T.);
#9391=EDGE_CURVE('',#7625,#7627,#364,.T.);
#9393=EDGE_CURVE('',#7627,#7629,#368,.T.);
#9395=EDGE_CURVE('',#7629,#7631,#372,.T.);
#9397=EDGE_CURVE('',#7631,#7633,#376,.T.);
#9399=EDGE_CURVE('',#7635,#7633,#1971,.T.);
#9401=EDGE_CURVE('',#7635,#7636,#381,.T.);
#9403=EDGE_CURVE('',#7636,#7638,#385,.T.);
#9405=EDGE_CURVE('',#7638,#7640,#389,.T.);
#9407=EDGE_CURVE('',#7640,#7642,#393,.T.);
#9409=EDGE_CURVE('',#7642,#7645,#397,.T.);
#9411=EDGE_CURVE('',#7645,#7646,#401,.T.);
#9413=EDGE_CURVE('',#7646,#7648,#405,.T.);
#9415=EDGE_CURVE('',#7648,#7650,#409,.T.);
#9417=EDGE_CURVE('',#7650,#7652,#413,.T.);
#9419=EDGE_CURVE('',#7654,#7652,#1679,.T.);
#9421=EDGE_CURVE('',#7656,#7654,#1667,.T.);
#9423=EDGE_CURVE('',#7656,#7658,#417,.T.);
#9425=EDGE_CURVE('',#7658,#7660,#421,.T.);
#9427=EDGE_CURVE('',#7660,#7662,#425,.T.);
#9429=EDGE_CURVE('',#7662,#7664,#429,.T.);
#9431=EDGE_CURVE('',#7666,#7664,#1639,.T.);
#9433=EDGE_CURVE('',#7668,#7666,#1627,.T.);
#9435=EDGE_CURVE('',#7668,#7670,#433,.T.);
#9437=EDGE_CURVE('',#7670,#7672,#437,.T.);
#9439=EDGE_CURVE('',#7672,#7674,#441,.T.);
#9441=EDGE_CURVE('',#7674,#7524,#445,.T.);
#9445=EDGE_CURVE('',#7452,#7453,#449,.T.);
#9447=EDGE_CURVE('',#7455,#7453,#2463,.T.);
#9449=EDGE_CURVE('',#7455,#7457,#453,.T.);
#9451=EDGE_CURVE('',#7457,#7459,#457,.T.);
#9453=EDGE_CURVE('',#7459,#7461,#461,.T.);
#9455=EDGE_CURVE('',#7461,#7463,#465,.T.);
#9457=EDGE_CURVE('',#7463,#7465,#469,.T.);
#9459=EDGE_CURVE('',#7465,#7467,#473,.T.);
#9461=EDGE_CURVE('',#7467,#7469,#477,.T.);
#9463=EDGE_CURVE('',#7469,#7471,#481,.T.);
#9465=EDGE_CURVE('',#7471,#7473,#485,.T.);
#9467=EDGE_CURVE('',#7473,#7475,#489,.T.);
#9469=EDGE_CURVE('',#7475,#7477,#493,.T.);
#9471=EDGE_CURVE('',#7479,#7477,#2407,.T.);
#9473=EDGE_CURVE('',#7481,#7479,#2395,.T.);
#9475=EDGE_CURVE('',#7481,#7483,#497,.T.);
#9477=EDGE_CURVE('',#7483,#7485,#501,.T.);
#9479=EDGE_CURVE('',#7485,#7487,#505,.T.);
#9481=EDGE_CURVE('',#7487,#7489,#509,.T.);
#9483=EDGE_CURVE('',#7489,#7491,#513,.T.);
#9485=EDGE_CURVE('',#7491,#7493,#517,.T.);
#9487=EDGE_CURVE('',#7495,#7493,#2359,.T.);
#9489=EDGE_CURVE('',#7495,#7497,#521,.T.);
#9491=EDGE_CURVE('',#7497,#7499,#525,.T.);
#9493=EDGE_CURVE('',#7499,#7501,#529,.T.);
#9495=EDGE_CURVE('',#7501,#7503,#533,.T.);
#9497=EDGE_CURVE('',#7503,#7505,#537,.T.);
#9499=EDGE_CURVE('',#7505,#7507,#541,.T.);
#9501=EDGE_CURVE('',#7507,#7509,#545,.T.);
#9503=EDGE_CURVE('',#7509,#7511,#549,.T.);
#9505=EDGE_CURVE('',#7511,#7513,#553,.T.);
#9507=EDGE_CURVE('',#7515,#7513,#2311,.T.);
#9509=EDGE_CURVE('',#7515,#7516,#558,.T.);
#9511=EDGE_CURVE('',#7516,#7518,#562,.T.);
#9513=EDGE_CURVE('',#7518,#7520,#566,.T.);
#9515=EDGE_CURVE('',#7520,#7452,#570,.T.);
#9519=EDGE_CURVE('',#7333,#7334,#574,.T.);
#9521=EDGE_CURVE('',#7336,#7334,#3233,.T.);
#9523=EDGE_CURVE('',#7338,#7336,#3221,.T.);
#9525=EDGE_CURVE('',#7338,#7340,#578,.T.);
#9527=EDGE_CURVE('',#7340,#7342,#582,.T.);
#9529=EDGE_CURVE('',#7342,#7344,#586,.T.);
#9531=EDGE_CURVE('',#7344,#7346,#590,.T.);
#9533=EDGE_CURVE('',#7346,#7348,#594,.T.);
#9535=EDGE_CURVE('',#7348,#7350,#598,.T.);
#9537=EDGE_CURVE('',#7350,#7352,#602,.T.);
#9539=EDGE_CURVE('',#7352,#7354,#606,.T.);
#9541=EDGE_CURVE('',#7354,#7356,#610,.T.);
#9543=EDGE_CURVE('',#7356,#7358,#614,.T.);
#9545=EDGE_CURVE('',#7358,#7360,#618,.T.);
#9547=EDGE_CURVE('',#7360,#7362,#622,.T.);
#9549=EDGE_CURVE('',#7362,#7364,#626,.T.);
#9551=EDGE_CURVE('',#7364,#7366,#630,.T.);
#9553=EDGE_CURVE('',#7366,#7368,#634,.T.);
#9555=EDGE_CURVE('',#7368,#7370,#638,.T.);
#9557=EDGE_CURVE('',#7370,#7372,#642,.T.);
#9559=EDGE_CURVE('',#7372,#7374,#646,.T.);
#9561=EDGE_CURVE('',#7374,#7376,#650,.T.);
#9563=EDGE_CURVE('',#7376,#7378,#654,.T.);
#9565=EDGE_CURVE('',#7378,#7380,#658,.T.);
#9567=EDGE_CURVE('',#7382,#7380,#3125,.T.);
#9569=EDGE_CURVE('',#7382,#7384,#662,.T.);
#9571=EDGE_CURVE('',#7384,#7386,#666,.T.);
#9573=EDGE_CURVE('',#7386,#7388,#670,.T.);
#9575=EDGE_CURVE('',#7388,#7390,#674,.T.);
#9577=EDGE_CURVE('',#7390,#7392,#678,.T.);
#9579=EDGE_CURVE('',#7394,#7392,#3093,.T.);
#9581=EDGE_CURVE('',#7394,#7396,#682,.T.);
#9583=EDGE_CURVE('',#7396,#7398,#686,.T.);
#9585=EDGE_CURVE('',#7398,#7400,#690,.T.);
#9587=EDGE_CURVE('',#7400,#7402,#694,.T.);
#9589=EDGE_CURVE('',#7402,#7404,#698,.T.);
#9591=EDGE_CURVE('',#7404,#7406,#702,.T.);
#9593=EDGE_CURVE('',#7408,#7406,#3057,.T.);
#9595=EDGE_CURVE('',#7408,#7410,#706,.T.);
#9597=EDGE_CURVE('',#7412,#7410,#3041,.T.);
#9599=EDGE_CURVE('',#7412,#7414,#710,.T.);
#9601=EDGE_CURVE('',#7414,#7416,#714,.T.);
#9603=EDGE_CURVE('',#7416,#7418,#718,.T.);
#9605=EDGE_CURVE('',#7418,#7420,#722,.T.);
#9607=EDGE_CURVE('',#7420,#7422,#726,.T.);
#9609=EDGE_CURVE('',#7424,#7422,#3009,.T.);
#9611=EDGE_CURVE('',#7426,#7424,#2997,.T.);
#9613=EDGE_CURVE('',#7428,#7426,#2985,.T.);
#9615=EDGE_CURVE('',#7428,#7430,#730,.T.);
#9617=EDGE_CURVE('',#7430,#7432,#734,.T.);
#9619=EDGE_CURVE('',#7432,#7434,#738,.T.);
#9621=EDGE_CURVE('',#7434,#7436,#742,.T.);
#9623=EDGE_CURVE('',#7438,#7436,#2957,.T.);
#9625=EDGE_CURVE('',#7438,#7439,#747,.T.);
#9627=EDGE_CURVE('',#7439,#7441,#751,.T.);
#9629=EDGE_CURVE('',#7441,#7443,#755,.T.);
#9631=EDGE_CURVE('',#7443,#7445,#759,.T.);
#9633=EDGE_CURVE('',#7445,#7447,#763,.T.);
#9635=EDGE_CURVE('',#7447,#7449,#767,.T.);
#9637=EDGE_CURVE('',#7449,#7333,#771,.T.);
#9641=EDGE_CURVE('',#7082,#7083,#775,.T.);
#9643=EDGE_CURVE('',#7083,#7085,#779,.T.);
#9645=EDGE_CURVE('',#7087,#7085,#3465,.T.);
#9647=EDGE_CURVE('',#7089,#7087,#3457,.T.);
#9649=EDGE_CURVE('',#7082,#7089,#3449,.T.);
#9653=EDGE_CURVE('',#7721,#7722,#787,.T.);
#9655=EDGE_CURVE('',#7724,#7721,#999,.T.);
#9657=EDGE_CURVE('',#7726,#7724,#987,.T.);
#9659=EDGE_CURVE('',#7728,#7726,#975,.T.);
#9661=EDGE_CURVE('',#7728,#7730,#71,.T.);
#9663=EDGE_CURVE('',#7732,#7730,#959,.T.);
#9665=EDGE_CURVE('',#7734,#7732,#947,.T.);
#9667=EDGE_CURVE('',#7736,#7734,#935,.T.);
#9669=EDGE_CURVE('',#7736,#7738,#75,.T.);
#9671=EDGE_CURVE('',#7738,#7740,#79,.T.);
#9673=EDGE_CURVE('',#7740,#7742,#83,.T.);
#9675=EDGE_CURVE('',#7742,#7744,#87,.T.);
#9677=EDGE_CURVE('',#7744,#7746,#91,.T.);
#9679=EDGE_CURVE('',#7746,#7748,#95,.T.);
#9681=EDGE_CURVE('',#7748,#7750,#99,.T.);
#9683=EDGE_CURVE('',#7750,#7752,#103,.T.);
#9685=EDGE_CURVE('',#7752,#7754,#107,.T.);
#9687=EDGE_CURVE('',#7754,#7756,#111,.T.);
#9689=EDGE_CURVE('',#7758,#7756,#883,.T.);
#9691=EDGE_CURVE('',#7760,#7758,#871,.T.);
#9693=EDGE_CURVE('',#7762,#7760,#859,.T.);
#9695=EDGE_CURVE('',#7764,#7762,#847,.T.);
#9697=EDGE_CURVE('',#7764,#7766,#115,.T.);
#9699=EDGE_CURVE('',#7766,#7768,#119,.T.);
#9701=EDGE_CURVE('',#7768,#7770,#123,.T.);
#9703=EDGE_CURVE('',#7770,#7772,#127,.T.);
#9705=EDGE_CURVE('',#7772,#7774,#131,.T.);
#9707=EDGE_CURVE('',#7774,#7776,#135,.T.);
#9709=EDGE_CURVE('',#7776,#7778,#139,.T.);
#9711=EDGE_CURVE('',#7778,#7780,#143,.T.);
#9713=EDGE_CURVE('',#7780,#7782,#147,.T.);
#9715=EDGE_CURVE('',#7782,#7784,#151,.T.);
#9717=EDGE_CURVE('',#7722,#7784,#795,.T.);
#9721=ADVANCED_FACE('',(#9238,#9260,#9286,#9444,#9518,#9640,#9652,#9720),#9229,
.F.);
#9728=EDGE_CURVE('',#8281,#7722,#803,.T.);
#9730=EDGE_CURVE('',#8281,#8282,#791,.T.);
#9732=EDGE_CURVE('',#7721,#8282,#1003,.T.);
#9736=ADVANCED_FACE('',(#9735),#9726,.T.);
#9743=EDGE_CURVE('',#8284,#7784,#807,.T.);
#9745=EDGE_CURVE('',#8284,#8281,#799,.T.);
#9750=ADVANCED_FACE('',(#9749),#9741,.T.);
#9757=EDGE_CURVE('',#8286,#7782,#811,.T.);
#9759=EDGE_CURVE('',#8284,#8286,#1015,.T.);
#9764=ADVANCED_FACE('',(#9763),#9755,.T.);
#9771=EDGE_CURVE('',#8288,#7780,#815,.T.);
#9773=EDGE_CURVE('',#8286,#8288,#1019,.T.);
#9778=ADVANCED_FACE('',(#9777),#9769,.T.);
#9785=EDGE_CURVE('',#8290,#7778,#819,.T.);
#9787=EDGE_CURVE('',#8288,#8290,#1023,.T.);
#9792=ADVANCED_FACE('',(#9791),#9783,.T.);
#9799=EDGE_CURVE('',#8292,#7776,#823,.T.);
#9801=EDGE_CURVE('',#8290,#8292,#1027,.T.);
#9806=ADVANCED_FACE('',(#9805),#9797,.T.);
#9813=EDGE_CURVE('',#8294,#7774,#827,.T.);
#9815=EDGE_CURVE('',#8292,#8294,#1031,.T.);
#9820=ADVANCED_FACE('',(#9819),#9811,.T.);
#9827=EDGE_CURVE('',#8296,#7772,#831,.T.);
#9829=EDGE_CURVE('',#8294,#8296,#1035,.T.);
#9834=ADVANCED_FACE('',(#9833),#9825,.F.);
#9841=EDGE_CURVE('',#8298,#7770,#835,.T.);
#9843=EDGE_CURVE('',#8296,#8298,#1039,.T.);
#9848=ADVANCED_FACE('',(#9847),#9839,.F.);
#9855=EDGE_CURVE('',#8300,#7768,#839,.T.);
#9857=EDGE_CURVE('',#8298,#8300,#1043,.T.);
#9862=ADVANCED_FACE('',(#9861),#9853,.F.);
#9869=EDGE_CURVE('',#8302,#7766,#843,.T.);
#9871=EDGE_CURVE('',#8300,#8302,#1047,.T.);
#9876=ADVANCED_FACE('',(#9875),#9867,.F.);
#9883=EDGE_CURVE('',#8304,#7764,#855,.T.);
#9885=EDGE_CURVE('',#8302,#8304,#1051,.T.);
#9890=ADVANCED_FACE('',(#9889),#9881,.F.);
#9897=EDGE_CURVE('',#8306,#7762,#867,.T.);
#9899=EDGE_CURVE('',#8306,#8304,#851,.T.);
#9904=ADVANCED_FACE('',(#9903),#9895,.F.);
#9911=EDGE_CURVE('',#8308,#7760,#879,.T.);
#9913=EDGE_CURVE('',#8308,#8306,#863,.T.);
#9918=ADVANCED_FACE('',(#9917),#9909,.F.);
#9925=EDGE_CURVE('',#8310,#7758,#891,.T.);
#9927=EDGE_CURVE('',#8310,#8308,#875,.T.);
#9932=ADVANCED_FACE('',(#9931),#9923,.F.);
#9939=EDGE_CURVE('',#8312,#7756,#895,.T.);
#9941=EDGE_CURVE('',#8312,#8310,#887,.T.);
#9946=ADVANCED_FACE('',(#9945),#9937,.F.);
#9953=EDGE_CURVE('',#8314,#7754,#899,.T.);
#9955=EDGE_CURVE('',#8312,#8314,#1055,.T.);
#9960=ADVANCED_FACE('',(#9959),#9951,.F.);
#9967=EDGE_CURVE('',#8316,#7752,#903,.T.);
#9969=EDGE_CURVE('',#8314,#8316,#1059,.T.);
#9974=ADVANCED_FACE('',(#9973),#9965,.F.);
#9981=EDGE_CURVE('',#8318,#7750,#907,.T.);
#9983=EDGE_CURVE('',#8316,#8318,#1063,.T.);
#9988=ADVANCED_FACE('',(#9987),#9979,.F.);
#9995=EDGE_CURVE('',#8320,#7748,#911,.T.);
#9997=EDGE_CURVE('',#8318,#8320,#1067,.T.);
#10002=ADVANCED_FACE('',(#10001),#9993,.F.);
#10009=EDGE_CURVE('',#8322,#7746,#915,.T.);
#10011=EDGE_CURVE('',#8320,#8322,#1071,.T.);
#10016=ADVANCED_FACE('',(#10015),#10007,.F.);
#10023=EDGE_CURVE('',#8324,#7744,#919,.T.);
#10025=EDGE_CURVE('',#8322,#8324,#1075,.T.);
#10030=ADVANCED_FACE('',(#10029),#10021,.F.);
#10037=EDGE_CURVE('',#8326,#7742,#923,.T.);
#10039=EDGE_CURVE('',#8324,#8326,#1079,.T.);
#10044=ADVANCED_FACE('',(#10043),#10035,.F.);
#10051=EDGE_CURVE('',#8328,#7740,#927,.T.);
#10053=EDGE_CURVE('',#8326,#8328,#1083,.T.);
#10058=ADVANCED_FACE('',(#10057),#10049,.F.);
#10065=EDGE_CURVE('',#8330,#7738,#931,.T.);
#10067=EDGE_CURVE('',#8328,#8330,#1087,.T.);
#10072=ADVANCED_FACE('',(#10071),#10063,.F.);
#10079=EDGE_CURVE('',#8332,#7736,#943,.T.);
#10081=EDGE_CURVE('',#8330,#8332,#1091,.T.);
#10086=ADVANCED_FACE('',(#10085),#10077,.F.);
#10093=EDGE_CURVE('',#8334,#7734,#955,.T.);
#10095=EDGE_CURVE('',#8334,#8332,#939,.T.);
#10100=ADVANCED_FACE('',(#10099),#10091,.F.);
#10107=EDGE_CURVE('',#8336,#7732,#967,.T.);
#10109=EDGE_CURVE('',#8336,#8334,#951,.T.);
#10114=ADVANCED_FACE('',(#10113),#10105,.F.);
#10121=EDGE_CURVE('',#8338,#7730,#971,.T.);
#10123=EDGE_CURVE('',#8338,#8336,#963,.T.);
#10128=ADVANCED_FACE('',(#10127),#10119,.F.);
#10135=EDGE_CURVE('',#8340,#7728,#983,.T.);
#10137=EDGE_CURVE('',#8338,#8340,#1095,.T.);
#10142=ADVANCED_FACE('',(#10141),#10133,.T.);
#10149=EDGE_CURVE('',#8342,#7726,#995,.T.);
#10151=EDGE_CURVE('',#8342,#8340,#979,.T.);
#10156=ADVANCED_FACE('',(#10155),#10147,.T.);
#10163=EDGE_CURVE('',#8344,#7724,#1011,.T.);
#10165=EDGE_CURVE('',#8344,#8342,#991,.T.);
#10170=ADVANCED_FACE('',(#10169),#10161,.T.);
#10178=EDGE_CURVE('',#8282,#8344,#1007,.T.);
#10183=ADVANCED_FACE('',(#10182),#10175,.T.);
#10224=EDGE_CURVE('',#8347,#8348,#1163,.T.);
#10226=EDGE_CURVE('',#8347,#8350,#1099,.T.);
#10228=EDGE_CURVE('',#8352,#8350,#1375,.T.);
#10230=EDGE_CURVE('',#8354,#8352,#1363,.T.);
#10232=EDGE_CURVE('',#8356,#8354,#1351,.T.);
#10234=EDGE_CURVE('',#8356,#8358,#1103,.T.);
#10236=EDGE_CURVE('',#8358,#8360,#1107,.T.);
#10238=EDGE_CURVE('',#8360,#8362,#1111,.T.);
#10240=EDGE_CURVE('',#8362,#8364,#1115,.T.);
#10242=EDGE_CURVE('',#8364,#8366,#1119,.T.);
#10244=EDGE_CURVE('',#8366,#8368,#1123,.T.);
#10246=EDGE_CURVE('',#8368,#8370,#1127,.T.);
#10248=EDGE_CURVE('',#8370,#8372,#1131,.T.);
#10250=EDGE_CURVE('',#8372,#8374,#1135,.T.);
#10252=EDGE_CURVE('',#8374,#8376,#1139,.T.);
#10254=EDGE_CURVE('',#8378,#8376,#1299,.T.);
#10256=EDGE_CURVE('',#8380,#8378,#1287,.T.);
#10258=EDGE_CURVE('',#8380,#8382,#1143,.T.);
#10260=EDGE_CURVE('',#8382,#8384,#1147,.T.);
#10262=EDGE_CURVE('',#8384,#8386,#1151,.T.);
#10264=EDGE_CURVE('',#8386,#8388,#1155,.T.);
#10266=EDGE_CURVE('',#8390,#8388,#1259,.T.);
#10268=EDGE_CURVE('',#8392,#8390,#1247,.T.);
#10270=EDGE_CURVE('',#8348,#8392,#1235,.T.);
#10274=ADVANCED_FACE('',(#10223,#10273),#10188,.F.);
#10280=EDGE_CURVE('',#7787,#7788,#1159,.T.);
#10282=EDGE_CURVE('',#8347,#7788,#1383,.T.);
#10285=EDGE_CURVE('',#7787,#8348,#1231,.T.);
#10289=ADVANCED_FACE('',(#10288),#10279,.F.);
#10296=EDGE_CURVE('',#7790,#7787,#1227,.T.);
#10298=EDGE_CURVE('',#7792,#7790,#1243,.T.);
#10300=EDGE_CURVE('',#7794,#7792,#1255,.T.);
#10302=EDGE_CURVE('',#7794,#7796,#1167,.T.);
#10304=EDGE_CURVE('',#7796,#7798,#1171,.T.);
#10306=EDGE_CURVE('',#7798,#7800,#1175,.T.);
#10308=EDGE_CURVE('',#7800,#7802,#1179,.T.);
#10310=EDGE_CURVE('',#7804,#7802,#1283,.T.);
#10312=EDGE_CURVE('',#7806,#7804,#1295,.T.);
#10314=EDGE_CURVE('',#7806,#7808,#1183,.T.);
#10316=EDGE_CURVE('',#7808,#7810,#1187,.T.);
#10318=EDGE_CURVE('',#7810,#7812,#1191,.T.);
#10320=EDGE_CURVE('',#7812,#7814,#1195,.T.);
#10322=EDGE_CURVE('',#7814,#7816,#1199,.T.);
#10324=EDGE_CURVE('',#7816,#7818,#1203,.T.);
#10326=EDGE_CURVE('',#7818,#7820,#1207,.T.);
#10328=EDGE_CURVE('',#7820,#7822,#1211,.T.);
#10330=EDGE_CURVE('',#7822,#7824,#1215,.T.);
#10332=EDGE_CURVE('',#7824,#7826,#1219,.T.);
#10334=EDGE_CURVE('',#7828,#7826,#1347,.T.);
#10336=EDGE_CURVE('',#7830,#7828,#1359,.T.);
#10338=EDGE_CURVE('',#7832,#7830,#1371,.T.);
#10340=EDGE_CURVE('',#7832,#7788,#1223,.T.);
#10344=ADVANCED_FACE('',(#10343),#10294,.F.);
#10353=EDGE_CURVE('',#8392,#7790,#1239,.T.);
#10357=ADVANCED_FACE('',(#10356),#10349,.F.);
#10366=EDGE_CURVE('',#8390,#7792,#1251,.T.);
#10370=ADVANCED_FACE('',(#10369),#10362,.F.);
#10379=EDGE_CURVE('',#8388,#7794,#1263,.T.);
#10383=ADVANCED_FACE('',(#10382),#10375,.F.);
#10392=EDGE_CURVE('',#8386,#7796,#1267,.T.);
#10396=ADVANCED_FACE('',(#10395),#10388,.F.);
#10405=EDGE_CURVE('',#8384,#7798,#1271,.T.);
#10409=ADVANCED_FACE('',(#10408),#10401,.F.);
#10418=EDGE_CURVE('',#8382,#7800,#1275,.T.);
#10422=ADVANCED_FACE('',(#10421),#10414,.T.);
#10431=EDGE_CURVE('',#8380,#7802,#1279,.T.);
#10435=ADVANCED_FACE('',(#10434),#10427,.T.);
#10444=EDGE_CURVE('',#8378,#7804,#1291,.T.);
#10448=ADVANCED_FACE('',(#10447),#10440,.T.);
#10457=EDGE_CURVE('',#8376,#7806,#1303,.T.);
#10461=ADVANCED_FACE('',(#10460),#10453,.T.);
#10470=EDGE_CURVE('',#8374,#7808,#1307,.T.);
#10474=ADVANCED_FACE('',(#10473),#10466,.T.);
#10483=EDGE_CURVE('',#8372,#7810,#1311,.T.);
#10487=ADVANCED_FACE('',(#10486),#10479,.T.);
#10496=EDGE_CURVE('',#8370,#7812,#1315,.T.);
#10500=ADVANCED_FACE('',(#10499),#10492,.T.);
#10509=EDGE_CURVE('',#8368,#7814,#1319,.T.);
#10513=ADVANCED_FACE('',(#10512),#10505,.T.);
#10522=EDGE_CURVE('',#8366,#7816,#1323,.T.);
#10526=ADVANCED_FACE('',(#10525),#10518,.T.);
#10535=EDGE_CURVE('',#8364,#7818,#1327,.T.);
#10539=ADVANCED_FACE('',(#10538),#10531,.T.);
#10548=EDGE_CURVE('',#8362,#7820,#1331,.T.);
#10552=ADVANCED_FACE('',(#10551),#10544,.T.);
#10561=EDGE_CURVE('',#8360,#7822,#1335,.T.);
#10565=ADVANCED_FACE('',(#10564),#10557,.T.);
#10574=EDGE_CURVE('',#8358,#7824,#1339,.T.);
#10578=ADVANCED_FACE('',(#10577),#10570,.T.);
#10587=EDGE_CURVE('',#8356,#7826,#1343,.T.);
#10591=ADVANCED_FACE('',(#10590),#10583,.T.);
#10600=EDGE_CURVE('',#8354,#7828,#1355,.T.);
#10604=ADVANCED_FACE('',(#10603),#10596,.T.);
#10613=EDGE_CURVE('',#8352,#7830,#1367,.T.);
#10617=ADVANCED_FACE('',(#10616),#10609,.T.);
#10626=EDGE_CURVE('',#8350,#7832,#1379,.T.);
#10630=ADVANCED_FACE('',(#10629),#10622,.T.);
#10642=ADVANCED_FACE('',(#10641),#10635,.F.);
#10649=EDGE_CURVE('',#8262,#7701,#1395,.T.);
#10651=EDGE_CURVE('',#8261,#8262,#1459,.T.);
#10653=EDGE_CURVE('',#7702,#8261,#1447,.T.);
#10657=ADVANCED_FACE('',(#10656),#10647,.F.);
#10664=EDGE_CURVE('',#8264,#7718,#1399,.T.);
#10666=EDGE_CURVE('',#8264,#8262,#1391,.T.);
#10671=ADVANCED_FACE('',(#10670),#10662,.F.);
#10678=EDGE_CURVE('',#8266,#7716,#1403,.T.);
#10680=EDGE_CURVE('',#8264,#8266,#1463,.T.);
#10685=ADVANCED_FACE('',(#10684),#10676,.T.);
#10692=EDGE_CURVE('',#8268,#7714,#1415,.T.);
#10694=EDGE_CURVE('',#8266,#8268,#1467,.T.);
#10699=ADVANCED_FACE('',(#10698),#10690,.F.);
#10706=EDGE_CURVE('',#8270,#7712,#1419,.T.);
#10708=EDGE_CURVE('',#8270,#8268,#1411,.T.);
#10713=ADVANCED_FACE('',(#10712),#10704,.F.);
#10720=EDGE_CURVE('',#8272,#7710,#1431,.T.);
#10722=EDGE_CURVE('',#8270,#8272,#1471,.T.);
#10727=ADVANCED_FACE('',(#10726),#10718,.T.);
#10734=EDGE_CURVE('',#8274,#7708,#1435,.T.);
#10736=EDGE_CURVE('',#8274,#8272,#1427,.T.);
#10741=ADVANCED_FACE('',(#10740),#10732,.T.);
#10748=EDGE_CURVE('',#8276,#7706,#1439,.T.);
#10750=EDGE_CURVE('',#8274,#8276,#1475,.T.);
#10755=ADVANCED_FACE('',(#10754),#10746,.F.);
#10762=EDGE_CURVE('',#8278,#7704,#1455,.T.);
#10764=EDGE_CURVE('',#8276,#8278,#1479,.T.);
#10769=ADVANCED_FACE('',(#10768),#10760,.T.);
#10777=EDGE_CURVE('',#8261,#8278,#1451,.T.);
#10782=ADVANCED_FACE('',(#10781),#10774,.T.);
#10800=ADVANCED_FACE('',(#10799),#10787,.F.);
#10807=EDGE_CURVE('',#8238,#7677,#1491,.T.);
#10809=EDGE_CURVE('',#8237,#8238,#1579,.T.);
#10811=EDGE_CURVE('',#7678,#8237,#1567,.T.);
#10815=ADVANCED_FACE('',(#10814),#10805,.F.);
#10822=EDGE_CURVE('',#8240,#7698,#1495,.T.);
#10824=EDGE_CURVE('',#8240,#8238,#1487,.T.);
#10829=ADVANCED_FACE('',(#10828),#10820,.F.);
#10836=EDGE_CURVE('',#8242,#7696,#1507,.T.);
#10838=EDGE_CURVE('',#8240,#8242,#1583,.T.);
#10843=ADVANCED_FACE('',(#10842),#10834,.F.);
#10850=EDGE_CURVE('',#8244,#7694,#1511,.T.);
#10852=EDGE_CURVE('',#8244,#8242,#1503,.T.);
#10857=ADVANCED_FACE('',(#10856),#10848,.T.);
#10864=EDGE_CURVE('',#8246,#7692,#1523,.T.);
#10866=EDGE_CURVE('',#8244,#8246,#1587,.T.);
#10871=ADVANCED_FACE('',(#10870),#10862,.F.);
#10878=EDGE_CURVE('',#8248,#7690,#1527,.T.);
#10880=EDGE_CURVE('',#8248,#8246,#1519,.T.);
#10885=ADVANCED_FACE('',(#10884),#10876,.F.);
#10892=EDGE_CURVE('',#8250,#7688,#1539,.T.);
#10894=EDGE_CURVE('',#8248,#8250,#1591,.T.);
#10899=ADVANCED_FACE('',(#10898),#10890,.F.);
#10906=EDGE_CURVE('',#8252,#7686,#1543,.T.);
#10908=EDGE_CURVE('',#8252,#8250,#1535,.T.);
#10913=ADVANCED_FACE('',(#10912),#10904,.T.);
#10920=EDGE_CURVE('',#8254,#7684,#1555,.T.);
#10922=EDGE_CURVE('',#8252,#8254,#1595,.T.);
#10927=ADVANCED_FACE('',(#10926),#10918,.F.);
#10934=EDGE_CURVE('',#8256,#7682,#1559,.T.);
#10936=EDGE_CURVE('',#8256,#8254,#1551,.T.);
#10941=ADVANCED_FACE('',(#10940),#10932,.F.);
#10948=EDGE_CURVE('',#8258,#7680,#1575,.T.);
#10950=EDGE_CURVE('',#8256,#8258,#1599,.T.);
#10955=ADVANCED_FACE('',(#10954),#10946,.T.);
#10963=EDGE_CURVE('',#8237,#8258,#1571,.T.);
#10968=ADVANCED_FACE('',(#10967),#10960,.T.);
#10988=ADVANCED_FACE('',(#10987),#10973,.F.);
#10995=EDGE_CURVE('',#8081,#7524,#1611,.T.);
#10997=EDGE_CURVE('',#8081,#8082,#1607,.T.);
#10999=EDGE_CURVE('',#7523,#8082,#2287,.T.);
#11003=ADVANCED_FACE('',(#11002),#10993,.T.);
#11010=EDGE_CURVE('',#8084,#7674,#1615,.T.);
#11012=EDGE_CURVE('',#8081,#8084,#1711,.T.);
#11017=ADVANCED_FACE('',(#11016),#11008,.T.);
#11024=EDGE_CURVE('',#8086,#7672,#1619,.T.);
#11026=EDGE_CURVE('',#8084,#8086,#1715,.T.);
#11031=ADVANCED_FACE('',(#11030),#11022,.T.);
#11038=EDGE_CURVE('',#8088,#7670,#1623,.T.);
#11040=EDGE_CURVE('',#8086,#8088,#1719,.T.);
#11045=ADVANCED_FACE('',(#11044),#11036,.F.);
#11052=EDGE_CURVE('',#8090,#7668,#1635,.T.);
#11054=EDGE_CURVE('',#8088,#8090,#1723,.T.);
#11059=ADVANCED_FACE('',(#11058),#11050,.F.);
#11066=EDGE_CURVE('',#8092,#7666,#1647,.T.);
#11068=EDGE_CURVE('',#8092,#8090,#1631,.T.);
#11073=ADVANCED_FACE('',(#11072),#11064,.F.);
#11080=EDGE_CURVE('',#8094,#7664,#1651,.T.);
#11082=EDGE_CURVE('',#8094,#8092,#1643,.T.);
#11087=ADVANCED_FACE('',(#11086),#11078,.F.);
#11094=EDGE_CURVE('',#8096,#7662,#1655,.T.);
#11096=EDGE_CURVE('',#8094,#8096,#1727,.T.);
#11101=ADVANCED_FACE('',(#11100),#11092,.F.);
#11108=EDGE_CURVE('',#8098,#7660,#1659,.T.);
#11110=EDGE_CURVE('',#8096,#8098,#1731,.T.);
#11115=ADVANCED_FACE('',(#11114),#11106,.F.);
#11122=EDGE_CURVE('',#8100,#7658,#1663,.T.);
#11124=EDGE_CURVE('',#8098,#8100,#1735,.T.);
#11129=ADVANCED_FACE('',(#11128),#11120,.F.);
#11136=EDGE_CURVE('',#8102,#7656,#1675,.T.);
#11138=EDGE_CURVE('',#8100,#8102,#1739,.T.);
#11143=ADVANCED_FACE('',(#11142),#11134,.F.);
#11150=EDGE_CURVE('',#8104,#7654,#1687,.T.);
#11152=EDGE_CURVE('',#8104,#8102,#1671,.T.);
#11157=ADVANCED_FACE('',(#11156),#11148,.F.);
#11164=EDGE_CURVE('',#8106,#7652,#1691,.T.);
#11166=EDGE_CURVE('',#8106,#8104,#1683,.T.);
#11171=ADVANCED_FACE('',(#11170),#11162,.F.);
#11178=EDGE_CURVE('',#8108,#7650,#1695,.T.);
#11180=EDGE_CURVE('',#8106,#8108,#1743,.T.);
#11185=ADVANCED_FACE('',(#11184),#11176,.F.);
#11192=EDGE_CURVE('',#8110,#7648,#1699,.T.);
#11194=EDGE_CURVE('',#8108,#8110,#1747,.T.);
#11199=ADVANCED_FACE('',(#11198),#11190,.F.);
#11206=EDGE_CURVE('',#8112,#7646,#1703,.T.);
#11208=EDGE_CURVE('',#8110,#8112,#1751,.T.);
#11213=ADVANCED_FACE('',(#11212),#11204,.T.);
#11220=EDGE_CURVE('',#8114,#7645,#1707,.T.);
#11222=EDGE_CURVE('',#8112,#8114,#1755,.T.);
#11227=ADVANCED_FACE('',(#11226),#11218,.T.);
#11233=EDGE_CURVE('',#8114,#8117,#1759,.T.);
#11237=EDGE_CURVE('',#8117,#7642,#1955,.T.);
#11241=ADVANCED_FACE('',(#11240),#11232,.T.);
#11265=EDGE_CURVE('',#8117,#8118,#1763,.T.);
#11267=EDGE_CURVE('',#8118,#8120,#1767,.T.);
#11269=EDGE_CURVE('',#8120,#8122,#1771,.T.);
#11271=EDGE_CURVE('',#8122,#8124,#1775,.T.);
#11273=EDGE_CURVE('',#8126,#8124,#1975,.T.);
#11275=EDGE_CURVE('',#8126,#8128,#1779,.T.);
#11277=EDGE_CURVE('',#8128,#8130,#1783,.T.);
#11279=EDGE_CURVE('',#8130,#8132,#1787,.T.);
#11281=EDGE_CURVE('',#8132,#8134,#1791,.T.);
#11283=EDGE_CURVE('',#8134,#8136,#1795,.T.);
#11285=EDGE_CURVE('',#8136,#8138,#1799,.T.);
#11287=EDGE_CURVE('',#8140,#8138,#2011,.T.);
#11289=EDGE_CURVE('',#8140,#8142,#1803,.T.);
#11291=EDGE_CURVE('',#8142,#8144,#1807,.T.);
#11293=EDGE_CURVE('',#8144,#8146,#1811,.T.);
#11295=EDGE_CURVE('',#8146,#8148,#1815,.T.);
#11297=EDGE_CURVE('',#8148,#8150,#1819,.T.);
#11299=EDGE_CURVE('',#8150,#8152,#1823,.T.);
#11301=EDGE_CURVE('',#8154,#8152,#2047,.T.);
#11303=EDGE_CURVE('',#8156,#8154,#2059,.T.);
#11305=EDGE_CURVE('',#8156,#8158,#1827,.T.);
#11307=EDGE_CURVE('',#8160,#8158,#2075,.T.);
#11309=EDGE_CURVE('',#8162,#8160,#2087,.T.);
#11311=EDGE_CURVE('',#8162,#8164,#1831,.T.);
#11313=EDGE_CURVE('',#8164,#8166,#1835,.T.);
#11315=EDGE_CURVE('',#8166,#8168,#1839,.T.);
#11317=EDGE_CURVE('',#8170,#8168,#2111,.T.);
#11319=EDGE_CURVE('',#8172,#8170,#2123,.T.);
#11321=EDGE_CURVE('',#8172,#8174,#1843,.T.);
#11323=EDGE_CURVE('',#8174,#8176,#1847,.T.);
#11325=EDGE_CURVE('',#8176,#8178,#1851,.T.);
#11327=EDGE_CURVE('',#8178,#8180,#1855,.T.);
#11329=EDGE_CURVE('',#8180,#8182,#1859,.T.);
#11331=EDGE_CURVE('',#8184,#8182,#2155,.T.);
#11333=EDGE_CURVE('',#8184,#8186,#1863,.T.);
#11335=EDGE_CURVE('',#8186,#8188,#1867,.T.);
#11337=EDGE_CURVE('',#8188,#8190,#1871,.T.);
#11339=EDGE_CURVE('',#8190,#8192,#1875,.T.);
#11341=EDGE_CURVE('',#8192,#8195,#1879,.T.);
#11343=EDGE_CURVE('',#8195,#8196,#1883,.T.);
#11345=EDGE_CURVE('',#8196,#8198,#1887,.T.);
#11347=EDGE_CURVE('',#8198,#8200,#1891,.T.);
#11349=EDGE_CURVE('',#8200,#8202,#1895,.T.);
#11351=EDGE_CURVE('',#8202,#8204,#1899,.T.);
#11353=EDGE_CURVE('',#8204,#8206,#1903,.T.);
#11355=EDGE_CURVE('',#8208,#8206,#2211,.T.);
#11357=EDGE_CURVE('',#8210,#8208,#2223,.T.);
#11359=EDGE_CURVE('',#8210,#8212,#1907,.T.);
#11361=EDGE_CURVE('',#8212,#8214,#1911,.T.);
#11363=EDGE_CURVE('',#8214,#8216,#1915,.T.);
#11365=EDGE_CURVE('',#8216,#8218,#1919,.T.);
#11367=EDGE_CURVE('',#8218,#8220,#1923,.T.);
#11369=EDGE_CURVE('',#8220,#8222,#1927,.T.);
#11371=EDGE_CURVE('',#8222,#8224,#1931,.T.);
#11373=EDGE_CURVE('',#8224,#8226,#1935,.T.);
#11375=EDGE_CURVE('',#8226,#8228,#1939,.T.);
#11377=EDGE_CURVE('',#8228,#8230,#1943,.T.);
#11379=EDGE_CURVE('',#8230,#8232,#1947,.T.);
#11381=EDGE_CURVE('',#8234,#8232,#2279,.T.);
#11383=EDGE_CURVE('',#8234,#8082,#1951,.T.);
#11387=ADVANCED_FACE('',(#11386),#11246,.F.);
#11394=EDGE_CURVE('',#8118,#7640,#1959,.T.);
#11400=ADVANCED_FACE('',(#11399),#11392,.T.);
#11407=EDGE_CURVE('',#8120,#7638,#1963,.T.);
#11413=ADVANCED_FACE('',(#11412),#11405,.T.);
#11420=EDGE_CURVE('',#8122,#7636,#1967,.T.);
#11426=ADVANCED_FACE('',(#11425),#11418,.F.);
#11433=EDGE_CURVE('',#8124,#7635,#1979,.T.);
#11439=ADVANCED_FACE('',(#11438),#11431,.F.);
#11446=EDGE_CURVE('',#8126,#7633,#1983,.T.);
#11452=ADVANCED_FACE('',(#11451),#11444,.F.);
#11459=EDGE_CURVE('',#8128,#7631,#1987,.T.);
#11465=ADVANCED_FACE('',(#11464),#11457,.F.);
#11472=EDGE_CURVE('',#8130,#7629,#1991,.T.);
#11478=ADVANCED_FACE('',(#11477),#11470,.F.);
#11485=EDGE_CURVE('',#8132,#7627,#1995,.T.);
#11491=ADVANCED_FACE('',(#11490),#11483,.F.);
#11498=EDGE_CURVE('',#8134,#7625,#1999,.T.);
#11504=ADVANCED_FACE('',(#11503),#11496,.F.);
#11511=EDGE_CURVE('',#8136,#7623,#2003,.T.);
#11517=ADVANCED_FACE('',(#11516),#11509,.F.);
#11524=EDGE_CURVE('',#8138,#7621,#2015,.T.);
#11530=ADVANCED_FACE('',(#11529),#11522,.F.);
#11537=EDGE_CURVE('',#8140,#7619,#2019,.T.);
#11543=ADVANCED_FACE('',(#11542),#11535,.F.);
#11550=EDGE_CURVE('',#8142,#7617,#2023,.T.);
#11556=ADVANCED_FACE('',(#11555),#11548,.F.);
#11563=EDGE_CURVE('',#8144,#7615,#2027,.T.);
#11569=ADVANCED_FACE('',(#11568),#11561,.F.);
#11576=EDGE_CURVE('',#8146,#7613,#2031,.T.);
#11582=ADVANCED_FACE('',(#11581),#11574,.F.);
#11589=EDGE_CURVE('',#8148,#7611,#2035,.T.);
#11595=ADVANCED_FACE('',(#11594),#11587,.T.);
#11602=EDGE_CURVE('',#8150,#7609,#2039,.T.);
#11608=ADVANCED_FACE('',(#11607),#11600,.T.);
#11615=EDGE_CURVE('',#8152,#7607,#2051,.T.);
#11621=ADVANCED_FACE('',(#11620),#11613,.T.);
#11628=EDGE_CURVE('',#8154,#7605,#2063,.T.);
#11634=ADVANCED_FACE('',(#11633),#11626,.T.);
#11641=EDGE_CURVE('',#8156,#7603,#2067,.T.);
#11647=ADVANCED_FACE('',(#11646),#11639,.T.);
#11654=EDGE_CURVE('',#8158,#7601,#2079,.T.);
#11660=ADVANCED_FACE('',(#11659),#11652,.T.);
#11667=EDGE_CURVE('',#8160,#7599,#2091,.T.);
#11673=ADVANCED_FACE('',(#11672),#11665,.F.);
#11680=EDGE_CURVE('',#8162,#7597,#2095,.T.);
#11686=ADVANCED_FACE('',(#11685),#11678,.F.);
#11693=EDGE_CURVE('',#8164,#7595,#2099,.T.);
#11699=ADVANCED_FACE('',(#11698),#11691,.F.);
#11706=EDGE_CURVE('',#8166,#7593,#2103,.T.);
#11712=ADVANCED_FACE('',(#11711),#11704,.T.);
#11719=EDGE_CURVE('',#8168,#7591,#2115,.T.);
#11725=ADVANCED_FACE('',(#11724),#11717,.T.);
#11732=EDGE_CURVE('',#8170,#7589,#2127,.T.);
#11738=ADVANCED_FACE('',(#11737),#11730,.T.);
#11745=EDGE_CURVE('',#8172,#7587,#2131,.T.);
#11751=ADVANCED_FACE('',(#11750),#11743,.T.);
#11758=EDGE_CURVE('',#8174,#7585,#2135,.T.);
#11764=ADVANCED_FACE('',(#11763),#11756,.T.);
#11771=EDGE_CURVE('',#8176,#7583,#2139,.T.);
#11777=ADVANCED_FACE('',(#11776),#11769,.T.);
#11784=EDGE_CURVE('',#8178,#7581,#2143,.T.);
#11790=ADVANCED_FACE('',(#11789),#11782,.T.);
#11797=EDGE_CURVE('',#8180,#7579,#2147,.T.);
#11803=ADVANCED_FACE('',(#11802),#11795,.T.);
#11810=EDGE_CURVE('',#8182,#7578,#2159,.T.);
#11816=ADVANCED_FACE('',(#11815),#11808,.T.);
#11823=EDGE_CURVE('',#8184,#7576,#2163,.T.);
#11829=ADVANCED_FACE('',(#11828),#11821,.T.);
#11836=EDGE_CURVE('',#8186,#7574,#2167,.T.);
#11842=ADVANCED_FACE('',(#11841),#11834,.T.);
#11849=EDGE_CURVE('',#8188,#7572,#2171,.T.);
#11855=ADVANCED_FACE('',(#11854),#11847,.T.);
#11862=EDGE_CURVE('',#8190,#7570,#2175,.T.);
#11868=ADVANCED_FACE('',(#11867),#11860,.F.);
#11875=EDGE_CURVE('',#8192,#7569,#2179,.T.);
#11881=ADVANCED_FACE('',(#11880),#11873,.F.);
#11890=EDGE_CURVE('',#8195,#7566,#2183,.T.);
#11894=ADVANCED_FACE('',(#11893),#11886,.F.);
#11901=EDGE_CURVE('',#8196,#7564,#2187,.T.);
#11907=ADVANCED_FACE('',(#11906),#11899,.F.);
#11914=EDGE_CURVE('',#8198,#7562,#2191,.T.);
#11920=ADVANCED_FACE('',(#11919),#11912,.F.);
#11927=EDGE_CURVE('',#8200,#7560,#2195,.T.);
#11933=ADVANCED_FACE('',(#11932),#11925,.F.);
#11940=EDGE_CURVE('',#8202,#7558,#2199,.T.);
#11946=ADVANCED_FACE('',(#11945),#11938,.T.);
#11953=EDGE_CURVE('',#8204,#7556,#2203,.T.);
#11959=ADVANCED_FACE('',(#11958),#11951,.T.);
#11966=EDGE_CURVE('',#8206,#7554,#2215,.T.);
#11972=ADVANCED_FACE('',(#11971),#11964,.T.);
#11979=EDGE_CURVE('',#8208,#7552,#2227,.T.);
#11985=ADVANCED_FACE('',(#11984),#11977,.T.);
#11992=EDGE_CURVE('',#8210,#7550,#2231,.T.);
#11998=ADVANCED_FACE('',(#11997),#11990,.T.);
#12005=EDGE_CURVE('',#8212,#7548,#2235,.T.);
#12011=ADVANCED_FACE('',(#12010),#12003,.T.);
#12018=EDGE_CURVE('',#8214,#7546,#2239,.T.);
#12024=ADVANCED_FACE('',(#12023),#12016,.T.);
#12031=EDGE_CURVE('',#8216,#7544,#2243,.T.);
#12037=ADVANCED_FACE('',(#12036),#12029,.T.);
#12044=EDGE_CURVE('',#8218,#7542,#2247,.T.);
#12050=ADVANCED_FACE('',(#12049),#12042,.T.);
#12057=EDGE_CURVE('',#8220,#7540,#2251,.T.);
#12063=ADVANCED_FACE('',(#12062),#12055,.T.);
#12070=EDGE_CURVE('',#8222,#7538,#2255,.T.);
#12076=ADVANCED_FACE('',(#12075),#12068,.T.);
#12083=EDGE_CURVE('',#8224,#7536,#2259,.T.);
#12089=ADVANCED_FACE('',(#12088),#12081,.T.);
#12096=EDGE_CURVE('',#8226,#7534,#2263,.T.);
#12102=ADVANCED_FACE('',(#12101),#12094,.T.);
#12109=EDGE_CURVE('',#8228,#7532,#2267,.T.);
#12115=ADVANCED_FACE('',(#12114),#12107,.T.);
#12122=EDGE_CURVE('',#8230,#7530,#2271,.T.);
#12128=ADVANCED_FACE('',(#12127),#12120,.F.);
#12135=EDGE_CURVE('',#8232,#7528,#2283,.T.);
#12141=ADVANCED_FACE('',(#12140),#12133,.F.);
#12148=EDGE_CURVE('',#8234,#7526,#2291,.T.);
#12154=ADVANCED_FACE('',(#12153),#12146,.F.);
#12166=ADVANCED_FACE('',(#12165),#12159,.F.);
#12173=EDGE_CURVE('',#8010,#7452,#2295,.T.);
#12175=EDGE_CURVE('',#8009,#8010,#2479,.T.);
#12177=EDGE_CURVE('',#7453,#8009,#2467,.T.);
#12181=ADVANCED_FACE('',(#12180),#12171,.T.);
#12188=EDGE_CURVE('',#8012,#7520,#2299,.T.);
#12190=EDGE_CURVE('',#8010,#8012,#2483,.T.);
#12195=ADVANCED_FACE('',(#12194),#12186,.T.);
#12202=EDGE_CURVE('',#8014,#7518,#2303,.T.);
#12204=EDGE_CURVE('',#8012,#8014,#2487,.T.);
#12209=ADVANCED_FACE('',(#12208),#12200,.T.);
#12216=EDGE_CURVE('',#8016,#7516,#2307,.T.);
#12218=EDGE_CURVE('',#8014,#8016,#2491,.T.);
#12223=ADVANCED_FACE('',(#12222),#12214,.F.);
#12230=EDGE_CURVE('',#8018,#7515,#2319,.T.);
#12232=EDGE_CURVE('',#8016,#8018,#2495,.T.);
#12237=ADVANCED_FACE('',(#12236),#12228,.F.);
#12244=EDGE_CURVE('',#8020,#7513,#2323,.T.);
#12246=EDGE_CURVE('',#8020,#8018,#2315,.T.);
#12251=ADVANCED_FACE('',(#12250),#12242,.F.);
#12258=EDGE_CURVE('',#8022,#7511,#2327,.T.);
#12260=EDGE_CURVE('',#8020,#8022,#2499,.T.);
#12265=ADVANCED_FACE('',(#12264),#12256,.F.);
#12272=EDGE_CURVE('',#8024,#7509,#2331,.T.);
#12274=EDGE_CURVE('',#8022,#8024,#2503,.T.);
#12279=ADVANCED_FACE('',(#12278),#12270,.F.);
#12286=EDGE_CURVE('',#8026,#7507,#2335,.T.);
#12288=EDGE_CURVE('',#8024,#8026,#2507,.T.);
#12293=ADVANCED_FACE('',(#12292),#12284,.F.);
#12300=EDGE_CURVE('',#8028,#7505,#2339,.T.);
#12302=EDGE_CURVE('',#8026,#8028,#2511,.T.);
#12307=ADVANCED_FACE('',(#12306),#12298,.F.);
#12314=EDGE_CURVE('',#8030,#7503,#2343,.T.);
#12316=EDGE_CURVE('',#8028,#8030,#2515,.T.);
#12321=ADVANCED_FACE('',(#12320),#12312,.F.);
#12328=EDGE_CURVE('',#8032,#7501,#2347,.T.);
#12330=EDGE_CURVE('',#8030,#8032,#2519,.T.);
#12335=ADVANCED_FACE('',(#12334),#12326,.F.);
#12342=EDGE_CURVE('',#8034,#7499,#2351,.T.);
#12344=EDGE_CURVE('',#8032,#8034,#2523,.T.);
#12349=ADVANCED_FACE('',(#12348),#12340,.F.);
#12356=EDGE_CURVE('',#8036,#7497,#2355,.T.);
#12358=EDGE_CURVE('',#8034,#8036,#2527,.T.);
#12363=ADVANCED_FACE('',(#12362),#12354,.F.);
#12370=EDGE_CURVE('',#8038,#7495,#2367,.T.);
#12372=EDGE_CURVE('',#8036,#8038,#2531,.T.);
#12377=ADVANCED_FACE('',(#12376),#12368,.F.);
#12384=EDGE_CURVE('',#8040,#7493,#2371,.T.);
#12386=EDGE_CURVE('',#8040,#8038,#2363,.T.);
#12391=ADVANCED_FACE('',(#12390),#12382,.F.);
#12398=EDGE_CURVE('',#8042,#7491,#2375,.T.);
#12400=EDGE_CURVE('',#8040,#8042,#2535,.T.);
#12405=ADVANCED_FACE('',(#12404),#12396,.F.);
#12412=EDGE_CURVE('',#8044,#7489,#2379,.T.);
#12414=EDGE_CURVE('',#8042,#8044,#2539,.T.);
#12419=ADVANCED_FACE('',(#12418),#12410,.F.);
#12426=EDGE_CURVE('',#8046,#7487,#2383,.T.);
#12428=EDGE_CURVE('',#8044,#8046,#2543,.T.);
#12433=ADVANCED_FACE('',(#12432),#12424,.F.);
#12440=EDGE_CURVE('',#8048,#7485,#2387,.T.);
#12442=EDGE_CURVE('',#8046,#8048,#2547,.T.);
#12447=ADVANCED_FACE('',(#12446),#12438,.T.);
#12454=EDGE_CURVE('',#8050,#7483,#2391,.T.);
#12456=EDGE_CURVE('',#8048,#8050,#2551,.T.);
#12461=ADVANCED_FACE('',(#12460),#12452,.T.);
#12468=EDGE_CURVE('',#8052,#7481,#2403,.T.);
#12470=EDGE_CURVE('',#8050,#8052,#2555,.T.);
#12475=ADVANCED_FACE('',(#12474),#12466,.T.);
#12482=EDGE_CURVE('',#8054,#7479,#2415,.T.);
#12484=EDGE_CURVE('',#8054,#8052,#2399,.T.);
#12489=ADVANCED_FACE('',(#12488),#12480,.T.);
#12496=EDGE_CURVE('',#8056,#7477,#2419,.T.);
#12498=EDGE_CURVE('',#8056,#8054,#2411,.T.);
#12503=ADVANCED_FACE('',(#12502),#12494,.T.);
#12510=EDGE_CURVE('',#8058,#7475,#2423,.T.);
#12512=EDGE_CURVE('',#8056,#8058,#2559,.T.);
#12517=ADVANCED_FACE('',(#12516),#12508,.T.);
#12524=EDGE_CURVE('',#8060,#7473,#2427,.T.);
#12526=EDGE_CURVE('',#8058,#8060,#2563,.T.);
#12531=ADVANCED_FACE('',(#12530),#12522,.T.);
#12538=EDGE_CURVE('',#8062,#7471,#2431,.T.);
#12540=EDGE_CURVE('',#8060,#8062,#2567,.T.);
#12545=ADVANCED_FACE('',(#12544),#12536,.T.);
#12552=EDGE_CURVE('',#8064,#7469,#2435,.T.);
#12554=EDGE_CURVE('',#8062,#8064,#2571,.T.);
#12559=ADVANCED_FACE('',(#12558),#12550,.T.);
#12566=EDGE_CURVE('',#8066,#7467,#2439,.T.);
#12568=EDGE_CURVE('',#8064,#8066,#2575,.T.);
#12573=ADVANCED_FACE('',(#12572),#12564,.T.);
#12580=EDGE_CURVE('',#8068,#7465,#2443,.T.);
#12582=EDGE_CURVE('',#8066,#8068,#2579,.T.);
#12587=ADVANCED_FACE('',(#12586),#12578,.T.);
#12594=EDGE_CURVE('',#8070,#7463,#2447,.T.);
#12596=EDGE_CURVE('',#8068,#8070,#2583,.T.);
#12601=ADVANCED_FACE('',(#12600),#12592,.T.);
#12608=EDGE_CURVE('',#8072,#7461,#2451,.T.);
#12610=EDGE_CURVE('',#8070,#8072,#2587,.T.);
#12615=ADVANCED_FACE('',(#12614),#12606,.T.);
#12622=EDGE_CURVE('',#8074,#7459,#2455,.T.);
#12624=EDGE_CURVE('',#8072,#8074,#2591,.T.);
#12629=ADVANCED_FACE('',(#12628),#12620,.T.);
#12636=EDGE_CURVE('',#8076,#7457,#2459,.T.);
#12638=EDGE_CURVE('',#8074,#8076,#2595,.T.);
#12643=ADVANCED_FACE('',(#12642),#12634,.T.);
#12650=EDGE_CURVE('',#8078,#7455,#2475,.T.);
#12652=EDGE_CURVE('',#8076,#8078,#2599,.T.);
#12657=ADVANCED_FACE('',(#12656),#12648,.T.);
#12665=EDGE_CURVE('',#8009,#8078,#2471,.T.);
#12670=ADVANCED_FACE('',(#12669),#12662,.T.);
#12714=EDGE_CURVE('',#7886,#7834,#2603,.T.);
#12716=EDGE_CURVE('',#7834,#7836,#2607,.T.);
#12718=EDGE_CURVE('',#7836,#7838,#2611,.T.);
#12720=EDGE_CURVE('',#7838,#7840,#2615,.T.);
#12722=EDGE_CURVE('',#7840,#7842,#2619,.T.);
#12724=EDGE_CURVE('',#7842,#7844,#2624,.T.);
#12726=EDGE_CURVE('',#7844,#7846,#2629,.T.);
#12728=EDGE_CURVE('',#7846,#7848,#2633,.T.);
#12730=EDGE_CURVE('',#7848,#7850,#2637,.T.);
#12732=EDGE_CURVE('',#7850,#7852,#2641,.T.);
#12734=EDGE_CURVE('',#7852,#7854,#2645,.T.);
#12736=EDGE_CURVE('',#7854,#7856,#2649,.T.);
#12738=EDGE_CURVE('',#7856,#7858,#2653,.T.);
#12740=EDGE_CURVE('',#7858,#7860,#2657,.T.);
#12742=EDGE_CURVE('',#7860,#7862,#2661,.T.);
#12744=EDGE_CURVE('',#7862,#7864,#2665,.T.);
#12746=EDGE_CURVE('',#7864,#7866,#2669,.T.);
#12748=EDGE_CURVE('',#7866,#7868,#2673,.T.);
#12750=EDGE_CURVE('',#7868,#7870,#2677,.T.);
#12752=EDGE_CURVE('',#7870,#7872,#2681,.T.);
#12754=EDGE_CURVE('',#7872,#7874,#2685,.T.);
#12756=EDGE_CURVE('',#7874,#7876,#2689,.T.);
#12758=EDGE_CURVE('',#7876,#7878,#2693,.T.);
#12760=EDGE_CURVE('',#7878,#7880,#2697,.T.);
#12762=EDGE_CURVE('',#7880,#7882,#2701,.T.);
#12764=EDGE_CURVE('',#7882,#7884,#2705,.T.);
#12766=EDGE_CURVE('',#7884,#7886,#2709,.T.);
#12770=ADVANCED_FACE('',(#12713,#12769),#12675,.F.);
#12776=EDGE_CURVE('',#7279,#7280,#2713,.T.);
#12778=EDGE_CURVE('',#7834,#7279,#2925,.T.);
#12781=EDGE_CURVE('',#7280,#7886,#2805,.T.);
#12785=ADVANCED_FACE('',(#12784),#12775,.F.);
#12792=EDGE_CURVE('',#7280,#7282,#2717,.T.);
#12794=EDGE_CURVE('',#7284,#7282,#2813,.T.);
#12796=EDGE_CURVE('',#7284,#7286,#2721,.T.);
#12798=EDGE_CURVE('',#7286,#7288,#2725,.T.);
#12800=EDGE_CURVE('',#7288,#7290,#2729,.T.);
#12802=EDGE_CURVE('',#7290,#7292,#2733,.T.);
#12804=EDGE_CURVE('',#7294,#7292,#2837,.T.);
#12806=EDGE_CURVE('',#7294,#7296,#2737,.T.);
#12808=EDGE_CURVE('',#7296,#7298,#2741,.T.);
#12810=EDGE_CURVE('',#7298,#7300,#2745,.T.);
#12812=EDGE_CURVE('',#7300,#7302,#2749,.T.);
#12814=EDGE_CURVE('',#7302,#7304,#2753,.T.);
#12816=EDGE_CURVE('',#7304,#7306,#2757,.T.);
#12818=EDGE_CURVE('',#7306,#7308,#2761,.T.);
#12820=EDGE_CURVE('',#7308,#7310,#2765,.T.);
#12822=EDGE_CURVE('',#7312,#7310,#2877,.T.);
#12824=EDGE_CURVE('',#7312,#7314,#2769,.T.);
#12826=EDGE_CURVE('',#7314,#7316,#2773,.T.);
#12828=EDGE_CURVE('',#7316,#7318,#2777,.T.);
#12830=EDGE_CURVE('',#7318,#7320,#2781,.T.);
#12832=EDGE_CURVE('',#7320,#7322,#2785,.T.);
#12834=EDGE_CURVE('',#7324,#7322,#2905,.T.);
#12836=EDGE_CURVE('',#7324,#7326,#2789,.T.);
#12838=EDGE_CURVE('',#7326,#7328,#2793,.T.);
#12840=EDGE_CURVE('',#7328,#7330,#2797,.T.);
#12842=EDGE_CURVE('',#7330,#7279,#2801,.T.);
#12846=ADVANCED_FACE('',(#12845),#12790,.F.);
#12855=EDGE_CURVE('',#7884,#7282,#2809,.T.);
#12859=ADVANCED_FACE('',(#12858),#12851,.F.);
#12868=EDGE_CURVE('',#7882,#7284,#2817,.T.);
#12872=ADVANCED_FACE('',(#12871),#12864,.F.);
#12881=EDGE_CURVE('',#7880,#7286,#2821,.T.);
#12885=ADVANCED_FACE('',(#12884),#12877,.F.);
#12894=EDGE_CURVE('',#7878,#7288,#2825,.T.);
#12898=ADVANCED_FACE('',(#12897),#12890,.F.);
#12907=EDGE_CURVE('',#7876,#7290,#2829,.T.);
#12911=ADVANCED_FACE('',(#12910),#12903,.T.);
#12920=EDGE_CURVE('',#7874,#7292,#2833,.T.);
#12924=ADVANCED_FACE('',(#12923),#12916,.T.);
#12933=EDGE_CURVE('',#7872,#7294,#2841,.T.);
#12937=ADVANCED_FACE('',(#12936),#12929,.T.);
#12946=EDGE_CURVE('',#7870,#7296,#2845,.T.);
#12950=ADVANCED_FACE('',(#12949),#12942,.T.);
#12959=EDGE_CURVE('',#7868,#7298,#2849,.T.);
#12963=ADVANCED_FACE('',(#12962),#12955,.T.);
#12972=EDGE_CURVE('',#7866,#7300,#2853,.T.);
#12976=ADVANCED_FACE('',(#12975),#12968,.T.);
#12985=EDGE_CURVE('',#7864,#7302,#2857,.T.);
#12989=ADVANCED_FACE('',(#12988),#12981,.T.);
#12998=EDGE_CURVE('',#7862,#7304,#2861,.T.);
#13002=ADVANCED_FACE('',(#13001),#12994,.T.);
#13011=EDGE_CURVE('',#7860,#7306,#2865,.T.);
#13015=ADVANCED_FACE('',(#13014),#13007,.T.);
#13024=EDGE_CURVE('',#7858,#7308,#2869,.T.);
#13028=ADVANCED_FACE('',(#13027),#13020,.T.);
#13037=EDGE_CURVE('',#7856,#7310,#2873,.T.);
#13041=ADVANCED_FACE('',(#13040),#13033,.T.);
#13050=EDGE_CURVE('',#7854,#7312,#2881,.T.);
#13054=ADVANCED_FACE('',(#13053),#13046,.T.);
#13063=EDGE_CURVE('',#7852,#7314,#2885,.T.);
#13067=ADVANCED_FACE('',(#13066),#13059,.T.);
#13076=EDGE_CURVE('',#7850,#7316,#2889,.T.);
#13080=ADVANCED_FACE('',(#13079),#13072,.T.);
#13089=EDGE_CURVE('',#7848,#7318,#2893,.T.);
#13093=ADVANCED_FACE('',(#13092),#13085,.T.);
#13102=EDGE_CURVE('',#7846,#7320,#2897,.T.);
#13106=ADVANCED_FACE('',(#13105),#13098,.F.);
#13115=EDGE_CURVE('',#7844,#7322,#2901,.T.);
#13119=ADVANCED_FACE('',(#13118),#13111,.F.);
#13128=EDGE_CURVE('',#7842,#7324,#2909,.T.);
#13132=ADVANCED_FACE('',(#13131),#13124,.F.);
#13141=EDGE_CURVE('',#7840,#7326,#2913,.T.);
#13145=ADVANCED_FACE('',(#13144),#13137,.F.);
#13154=EDGE_CURVE('',#7838,#7328,#2917,.T.);
#13158=ADVANCED_FACE('',(#13157),#13150,.F.);
#13167=EDGE_CURVE('',#7836,#7330,#2921,.T.);
#13171=ADVANCED_FACE('',(#13170),#13163,.F.);
#13183=ADVANCED_FACE('',(#13182),#13176,.F.);
#13190=EDGE_CURVE('',#7890,#7333,#2929,.T.);
#13192=EDGE_CURVE('',#7889,#7890,#3249,.T.);
#13194=EDGE_CURVE('',#7334,#7889,#3237,.T.);
#13198=ADVANCED_FACE('',(#13197),#13188,.F.);
#13205=EDGE_CURVE('',#7892,#7449,#2933,.T.);
#13207=EDGE_CURVE('',#7890,#7892,#3253,.T.);
#13212=ADVANCED_FACE('',(#13211),#13203,.F.);
#13219=EDGE_CURVE('',#7894,#7447,#2937,.T.);
#13221=EDGE_CURVE('',#7892,#7894,#3257,.T.);
#13226=ADVANCED_FACE('',(#13225),#13217,.F.);
#13233=EDGE_CURVE('',#7896,#7445,#2941,.T.);
#13235=EDGE_CURVE('',#7894,#7896,#3261,.T.);
#13240=ADVANCED_FACE('',(#13239),#13231,.F.);
#13247=EDGE_CURVE('',#7898,#7443,#2945,.T.);
#13249=EDGE_CURVE('',#7896,#7898,#3265,.T.);
#13254=ADVANCED_FACE('',(#13253),#13245,.F.);
#13261=EDGE_CURVE('',#7900,#7441,#2949,.T.);
#13263=EDGE_CURVE('',#7898,#7900,#3269,.T.);
#13268=ADVANCED_FACE('',(#13267),#13259,.F.);
#13275=EDGE_CURVE('',#7902,#7439,#2953,.T.);
#13277=EDGE_CURVE('',#7900,#7902,#3273,.T.);
#13282=ADVANCED_FACE('',(#13281),#13273,.F.);
#13289=EDGE_CURVE('',#7904,#7438,#2965,.T.);
#13291=EDGE_CURVE('',#7902,#7904,#3277,.T.);
#13296=ADVANCED_FACE('',(#13295),#13287,.F.);
#13303=EDGE_CURVE('',#7906,#7436,#2969,.T.);
#13305=EDGE_CURVE('',#7906,#7904,#2961,.T.);
#13310=ADVANCED_FACE('',(#13309),#13301,.F.);
#13317=EDGE_CURVE('',#7908,#7434,#2973,.T.);
#13319=EDGE_CURVE('',#7906,#7908,#3281,.T.);
#13324=ADVANCED_FACE('',(#13323),#13315,.F.);
#13331=EDGE_CURVE('',#7910,#7432,#2977,.T.);
#13333=EDGE_CURVE('',#7908,#7910,#3285,.T.);
#13338=ADVANCED_FACE('',(#13337),#13329,.F.);
#13345=EDGE_CURVE('',#7912,#7430,#2981,.T.);
#13347=EDGE_CURVE('',#7910,#7912,#3289,.T.);
#13352=ADVANCED_FACE('',(#13351),#13343,.T.);
#13359=EDGE_CURVE('',#7914,#7428,#2993,.T.);
#13361=EDGE_CURVE('',#7912,#7914,#3293,.T.);
#13366=ADVANCED_FACE('',(#13365),#13357,.T.);
#13373=EDGE_CURVE('',#7916,#7426,#3005,.T.);
#13375=EDGE_CURVE('',#7916,#7914,#2989,.T.);
#13380=ADVANCED_FACE('',(#13379),#13371,.T.);
#13387=EDGE_CURVE('',#7918,#7424,#3017,.T.);
#13389=EDGE_CURVE('',#7918,#7916,#3001,.T.);
#13394=ADVANCED_FACE('',(#13393),#13385,.T.);
#13401=EDGE_CURVE('',#7920,#7422,#3021,.T.);
#13403=EDGE_CURVE('',#7920,#7918,#3013,.T.);
#13408=ADVANCED_FACE('',(#13407),#13399,.T.);
#13415=EDGE_CURVE('',#7922,#7420,#3025,.T.);
#13417=EDGE_CURVE('',#7920,#7922,#3297,.T.);
#13422=ADVANCED_FACE('',(#13421),#13413,.T.);
#13429=EDGE_CURVE('',#7924,#7418,#3029,.T.);
#13431=EDGE_CURVE('',#7922,#7924,#3301,.T.);
#13436=ADVANCED_FACE('',(#13435),#13427,.T.);
#13443=EDGE_CURVE('',#7926,#7416,#3033,.T.);
#13445=EDGE_CURVE('',#7924,#7926,#3305,.T.);
#13450=ADVANCED_FACE('',(#13449),#13441,.T.);
#13457=EDGE_CURVE('',#7928,#7414,#3037,.T.);
#13459=EDGE_CURVE('',#7926,#7928,#3309,.T.);
#13464=ADVANCED_FACE('',(#13463),#13455,.T.);
#13471=EDGE_CURVE('',#7930,#7412,#3049,.T.);
#13473=EDGE_CURVE('',#7928,#7930,#3313,.T.);
#13478=ADVANCED_FACE('',(#13477),#13469,.T.);
#13485=EDGE_CURVE('',#7932,#7410,#3053,.T.);
#13487=EDGE_CURVE('',#7932,#7930,#3045,.T.);
#13492=ADVANCED_FACE('',(#13491),#13483,.F.);
#13499=EDGE_CURVE('',#7934,#7408,#3065,.T.);
#13501=EDGE_CURVE('',#7932,#7934,#3317,.T.);
#13506=ADVANCED_FACE('',(#13505),#13497,.T.);
#13513=EDGE_CURVE('',#7936,#7406,#3069,.T.);
#13515=EDGE_CURVE('',#7936,#7934,#3061,.T.);
#13520=ADVANCED_FACE('',(#13519),#13511,.T.);
#13527=EDGE_CURVE('',#7938,#7404,#3073,.T.);
#13529=EDGE_CURVE('',#7936,#7938,#3321,.T.);
#13534=ADVANCED_FACE('',(#13533),#13525,.F.);
#13541=EDGE_CURVE('',#7940,#7402,#3077,.T.);
#13543=EDGE_CURVE('',#7938,#7940,#3325,.T.);
#13548=ADVANCED_FACE('',(#13547),#13539,.F.);
#13555=EDGE_CURVE('',#7942,#7400,#3081,.T.);
#13557=EDGE_CURVE('',#7940,#7942,#3329,.T.);
#13562=ADVANCED_FACE('',(#13561),#13553,.F.);
#13569=EDGE_CURVE('',#7944,#7398,#3085,.T.);
#13571=EDGE_CURVE('',#7942,#7944,#3333,.T.);
#13576=ADVANCED_FACE('',(#13575),#13567,.F.);
#13583=EDGE_CURVE('',#7946,#7396,#3089,.T.);
#13585=EDGE_CURVE('',#7944,#7946,#3337,.T.);
#13590=ADVANCED_FACE('',(#13589),#13581,.F.);
#13597=EDGE_CURVE('',#7948,#7394,#3101,.T.);
#13599=EDGE_CURVE('',#7946,#7948,#3341,.T.);
#13604=ADVANCED_FACE('',(#13603),#13595,.F.);
#13611=EDGE_CURVE('',#7950,#7392,#3105,.T.);
#13613=EDGE_CURVE('',#7950,#7948,#3097,.T.);
#13618=ADVANCED_FACE('',(#13617),#13609,.F.);
#13625=EDGE_CURVE('',#7952,#7390,#3109,.T.);
#13627=EDGE_CURVE('',#7950,#7952,#3345,.T.);
#13632=ADVANCED_FACE('',(#13631),#13623,.F.);
#13639=EDGE_CURVE('',#7954,#7388,#3113,.T.);
#13641=EDGE_CURVE('',#7952,#7954,#3349,.T.);
#13646=ADVANCED_FACE('',(#13645),#13637,.F.);
#13653=EDGE_CURVE('',#7956,#7386,#3117,.T.);
#13655=EDGE_CURVE('',#7954,#7956,#3353,.T.);
#13660=ADVANCED_FACE('',(#13659),#13651,.F.);
#13667=EDGE_CURVE('',#7958,#7384,#3121,.T.);
#13669=EDGE_CURVE('',#7956,#7958,#3357,.T.);
#13674=ADVANCED_FACE('',(#13673),#13665,.T.);
#13681=EDGE_CURVE('',#7960,#7382,#3133,.T.);
#13683=EDGE_CURVE('',#7958,#7960,#3361,.T.);
#13688=ADVANCED_FACE('',(#13687),#13679,.T.);
#13695=EDGE_CURVE('',#7962,#7380,#3137,.T.);
#13697=EDGE_CURVE('',#7962,#7960,#3129,.T.);
#13702=ADVANCED_FACE('',(#13701),#13693,.T.);
#13709=EDGE_CURVE('',#7964,#7378,#3141,.T.);
#13711=EDGE_CURVE('',#7962,#7964,#3365,.T.);
#13716=ADVANCED_FACE('',(#13715),#13707,.T.);
#13723=EDGE_CURVE('',#7966,#7376,#3145,.T.);
#13725=EDGE_CURVE('',#7964,#7966,#3369,.T.);
#13730=ADVANCED_FACE('',(#13729),#13721,.T.);
#13737=EDGE_CURVE('',#7968,#7374,#3149,.T.);
#13739=EDGE_CURVE('',#7966,#7968,#3373,.T.);
#13744=ADVANCED_FACE('',(#13743),#13735,.T.);
#13751=EDGE_CURVE('',#7970,#7372,#3153,.T.);
#13753=EDGE_CURVE('',#7968,#7970,#3377,.T.);
#13758=ADVANCED_FACE('',(#13757),#13749,.T.);
#13765=EDGE_CURVE('',#7972,#7370,#3157,.T.);
#13767=EDGE_CURVE('',#7970,#7972,#3381,.T.);
#13772=ADVANCED_FACE('',(#13771),#13763,.T.);
#13779=EDGE_CURVE('',#7974,#7368,#3161,.T.);
#13781=EDGE_CURVE('',#7972,#7974,#3385,.T.);
#13786=ADVANCED_FACE('',(#13785),#13777,.T.);
#13793=EDGE_CURVE('',#7976,#7366,#3165,.T.);
#13795=EDGE_CURVE('',#7974,#7976,#3389,.T.);
#13800=ADVANCED_FACE('',(#13799),#13791,.T.);
#13807=EDGE_CURVE('',#7978,#7364,#3169,.T.);
#13809=EDGE_CURVE('',#7976,#7978,#3393,.T.);
#13814=ADVANCED_FACE('',(#13813),#13805,.T.);
#13821=EDGE_CURVE('',#7980,#7362,#3173,.T.);
#13823=EDGE_CURVE('',#7978,#7980,#3397,.T.);
#13828=ADVANCED_FACE('',(#13827),#13819,.T.);
#13835=EDGE_CURVE('',#7982,#7360,#3177,.T.);
#13837=EDGE_CURVE('',#7980,#7982,#3401,.T.);
#13842=ADVANCED_FACE('',(#13841),#13833,.T.);
#13849=EDGE_CURVE('',#7984,#7358,#3181,.T.);
#13851=EDGE_CURVE('',#7982,#7984,#3405,.T.);
#13856=ADVANCED_FACE('',(#13855),#13847,.T.);
#13863=EDGE_CURVE('',#7986,#7356,#3185,.T.);
#13865=EDGE_CURVE('',#7984,#7986,#3409,.T.);
#13870=ADVANCED_FACE('',(#13869),#13861,.T.);
#13877=EDGE_CURVE('',#7988,#7354,#3189,.T.);
#13879=EDGE_CURVE('',#7986,#7988,#3413,.T.);
#13884=ADVANCED_FACE('',(#13883),#13875,.F.);
#13891=EDGE_CURVE('',#7990,#7352,#3193,.T.);
#13893=EDGE_CURVE('',#7988,#7990,#3417,.T.);
#13898=ADVANCED_FACE('',(#13897),#13889,.F.);
#13905=EDGE_CURVE('',#7992,#7350,#3197,.T.);
#13907=EDGE_CURVE('',#7990,#7992,#3421,.T.);
#13912=ADVANCED_FACE('',(#13911),#13903,.F.);
#13919=EDGE_CURVE('',#7994,#7348,#3201,.T.);
#13921=EDGE_CURVE('',#7992,#7994,#3425,.T.);
#13926=ADVANCED_FACE('',(#13925),#13917,.F.);
#13933=EDGE_CURVE('',#7996,#7346,#3205,.T.);
#13935=EDGE_CURVE('',#7994,#7996,#3429,.T.);
#13940=ADVANCED_FACE('',(#13939),#13931,.T.);
#13947=EDGE_CURVE('',#7998,#7344,#3209,.T.);
#13949=EDGE_CURVE('',#7996,#7998,#3433,.T.);
#13954=ADVANCED_FACE('',(#13953),#13945,.T.);
#13961=EDGE_CURVE('',#8000,#7342,#3213,.T.);
#13963=EDGE_CURVE('',#7998,#8000,#3437,.T.);
#13968=ADVANCED_FACE('',(#13967),#13959,.T.);
#13975=EDGE_CURVE('',#8002,#7340,#3217,.T.);
#13977=EDGE_CURVE('',#8000,#8002,#3441,.T.);
#13982=ADVANCED_FACE('',(#13981),#13973,.F.);
#13989=EDGE_CURVE('',#8004,#7338,#3229,.T.);
#13991=EDGE_CURVE('',#8002,#8004,#3445,.T.);
#13996=ADVANCED_FACE('',(#13995),#13987,.F.);
#14003=EDGE_CURVE('',#8006,#7336,#3245,.T.);
#14005=EDGE_CURVE('',#8006,#8004,#3225,.T.);
#14010=ADVANCED_FACE('',(#14009),#14001,.F.);
#14018=EDGE_CURVE('',#7889,#8006,#3241,.T.);
#14023=ADVANCED_FACE('',(#14022),#14015,.F.);
#14091=ADVANCED_FACE('',(#14090),#14028,.F.);
#14098=EDGE_CURVE('',#7105,#7082,#3453,.T.);
#14100=EDGE_CURVE('',#7113,#7105,#3481,.T.);
#14102=EDGE_CURVE('',#7083,#7113,#3473,.T.);
#14106=ADVANCED_FACE('',(#14105),#14096,.T.);
#14113=EDGE_CURVE('',#7107,#7089,#3461,.T.);
#14115=EDGE_CURVE('',#7105,#7107,#3485,.T.);
#14120=ADVANCED_FACE('',(#14119),#14111,.F.);
#14127=EDGE_CURVE('',#7109,#7087,#3469,.T.);
#14129=EDGE_CURVE('',#7107,#7109,#3489,.T.);
#14134=ADVANCED_FACE('',(#14133),#14125,.F.);
#14141=EDGE_CURVE('',#7111,#7085,#3477,.T.);
#14143=EDGE_CURVE('',#7109,#7111,#3493,.T.);
#14148=ADVANCED_FACE('',(#14147),#14139,.T.);
#14156=EDGE_CURVE('',#7111,#7113,#3497,.T.);
#14161=ADVANCED_FACE('',(#14160),#14153,.T.);
#14174=EDGE_CURVE('',#7116,#7117,#3513,.T.);
#14176=EDGE_CURVE('',#7116,#7119,#3501,.T.);
#14178=EDGE_CURVE('',#7119,#7117,#3505,.T.);
#14182=ADVANCED_FACE('',(#14173,#14181),#14166,.F.);
#14188=EDGE_CURVE('',#7092,#7093,#3509,.T.);
#14190=EDGE_CURVE('',#7116,#7093,#3533,.T.);
#14193=EDGE_CURVE('',#7092,#7117,#3525,.T.);
#14197=ADVANCED_FACE('',(#14196),#14187,.F.);
#14204=EDGE_CURVE('',#7092,#7095,#3517,.T.);
#14206=EDGE_CURVE('',#7095,#7093,#3521,.T.);
#14210=ADVANCED_FACE('',(#14209),#14202,.F.);
#14219=EDGE_CURVE('',#7119,#7095,#3529,.T.);
#14223=ADVANCED_FACE('',(#14222),#14215,.T.);
#14235=ADVANCED_FACE('',(#14234),#14228,.T.);
#14241=EDGE_CURVE('',#9014,#8798,#3557,.T.);
#14243=EDGE_CURVE('',#9013,#9014,#6240,.T.);
#14245=EDGE_CURVE('',#9018,#9013,#3757,.T.);
#14247=EDGE_CURVE('',#9017,#9018,#4005,.T.);
#14250=EDGE_CURVE('',#7054,#7077,#4495,.T.);
#14252=EDGE_CURVE('',#7054,#7051,#3541,.T.);
#14254=EDGE_CURVE('',#7079,#7051,#7016,.T.);
#14256=EDGE_CURVE('',#7274,#7079,#7024,.T.);
#14258=EDGE_CURVE('',#7249,#7274,#6792,.T.);
#14260=EDGE_CURVE('',#7249,#7246,#3545,.T.);
#14262=EDGE_CURVE('',#7276,#7246,#6768,.T.);
#14264=EDGE_CURVE('',#8593,#7276,#6776,.T.);
#14266=EDGE_CURVE('',#8568,#8593,#6544,.T.);
#14268=EDGE_CURVE('',#8568,#8565,#3549,.T.);
#14270=EDGE_CURVE('',#8595,#8565,#6520,.T.);
#14272=EDGE_CURVE('',#8796,#8595,#6528,.T.);
#14274=EDGE_CURVE('',#8771,#8796,#6296,.T.);
#14276=EDGE_CURVE('',#8771,#8768,#3553,.T.);
#14278=EDGE_CURVE('',#8798,#8768,#6280,.T.);
#14282=ADVANCED_FACE('',(#14281),#14240,.F.);
#14288=EDGE_CURVE('',#9032,#8831,#3561,.T.);
#14290=EDGE_CURVE('',#9014,#9032,#6244,.T.);
#14293=EDGE_CURVE('',#8831,#8798,#6276,.T.);
#14297=ADVANCED_FACE('',(#14296),#14287,.T.);
#14303=EDGE_CURVE('',#9034,#8829,#3585,.T.);
#14305=EDGE_CURVE('',#9032,#9034,#6248,.T.);
#14308=EDGE_CURVE('',#8829,#8831,#6272,.T.);
#14312=ADVANCED_FACE('',(#14311),#14302,.F.);
#14318=EDGE_CURVE('',#9036,#8827,#3749,.T.);
#14320=EDGE_CURVE('',#9034,#9036,#6252,.T.);
#14323=EDGE_CURVE('',#8827,#8829,#6268,.T.);
#14327=EDGE_CURVE('',#9021,#8781,#3589,.T.);
#14329=EDGE_CURVE('',#9021,#9022,#3566,.T.);
#14331=EDGE_CURVE('',#9024,#9022,#3629,.T.);
#14333=EDGE_CURVE('',#9024,#9026,#3571,.T.);
#14335=EDGE_CURVE('',#8776,#9026,#3605,.T.);
#14337=EDGE_CURVE('',#8776,#8777,#3576,.T.);
#14339=EDGE_CURVE('',#8779,#8777,#3733,.T.);
#14341=EDGE_CURVE('',#8779,#8781,#3581,.T.);
#14345=ADVANCED_FACE('',(#14326,#14344),#14317,.T.);
#14351=EDGE_CURVE('',#9037,#8783,#3593,.T.);
#14353=EDGE_CURVE('',#9021,#9037,#3637,.T.);
#14356=EDGE_CURVE('',#8783,#8781,#3745,.T.);
#14360=ADVANCED_FACE('',(#14359),#14350,.F.);
#14366=EDGE_CURVE('',#9047,#8794,#3597,.T.);
#14368=EDGE_CURVE('',#9038,#9047,#3661,.T.);
#14370=EDGE_CURVE('',#9037,#9038,#3645,.T.);
#14373=EDGE_CURVE('',#8782,#8783,#3741,.T.);
#14375=EDGE_CURVE('',#8794,#8782,#3717,.T.);
#14379=ADVANCED_FACE('',(#14378),#14365,.F.);
#14385=EDGE_CURVE('',#9049,#8792,#3601,.T.);
#14387=EDGE_CURVE('',#9047,#9049,#3665,.T.);
#14390=EDGE_CURVE('',#8792,#8794,#3713,.T.);
#14394=ADVANCED_FACE('',(#14393),#14384,.T.);
#14400=EDGE_CURVE('',#9040,#8789,#3609,.T.);
#14402=EDGE_CURVE('',#9043,#9040,#3621,.T.);
#14404=EDGE_CURVE('',#9049,#9043,#3669,.T.);
#14407=EDGE_CURVE('',#8790,#8792,#3709,.T.);
#14409=EDGE_CURVE('',#8789,#8790,#3689,.T.);
#14413=ADVANCED_FACE('',(#14412),#14399,.T.);
#14420=EDGE_CURVE('',#9040,#9026,#3613,.T.);
#14423=EDGE_CURVE('',#8776,#8789,#3681,.T.);
#14427=ADVANCED_FACE('',(#14426),#14418,.T.);
#14435=EDGE_CURVE('',#9042,#9024,#3625,.T.);
#14437=EDGE_CURVE('',#9043,#9042,#3677,.T.);
#14442=ADVANCED_FACE('',(#14441),#14432,.T.);
#14450=EDGE_CURVE('',#9045,#9022,#3633,.T.);
#14452=EDGE_CURVE('',#9042,#9045,#3649,.T.);
#14456=ADVANCED_FACE('',(#14455),#14447,.T.);
#14466=EDGE_CURVE('',#9045,#9038,#3657,.T.);
#14470=ADVANCED_FACE('',(#14469),#14461,.T.);
#14484=ADVANCED_FACE('',(#14483),#14475,.T.);
#14492=EDGE_CURVE('',#8787,#8790,#3705,.T.);
#14494=EDGE_CURVE('',#8787,#8777,#3693,.T.);
#14499=ADVANCED_FACE('',(#14498),#14489,.T.);
#14505=EDGE_CURVE('',#8785,#8787,#3697,.T.);
#14511=EDGE_CURVE('',#8782,#8785,#3725,.T.);
#14515=ADVANCED_FACE('',(#14514),#14504,.F.);
#14523=EDGE_CURVE('',#8785,#8779,#3729,.T.);
#14528=ADVANCED_FACE('',(#14527),#14520,.F.);
#14541=ADVANCED_FACE('',(#14540),#14533,.T.);
#14547=EDGE_CURVE('',#9028,#8769,#3761,.T.);
#14549=EDGE_CURVE('',#9036,#9028,#6256,.T.);
#14552=EDGE_CURVE('',#8769,#8827,#6264,.T.);
#14556=ADVANCED_FACE('',(#14555),#14546,.T.);
#14562=EDGE_CURVE('',#7040,#8995,#3753,.T.);
#14564=EDGE_CURVE('',#9018,#8995,#4009,.T.);
#14567=EDGE_CURVE('',#9028,#9013,#6236,.T.);
#14570=EDGE_CURVE('',#8768,#8769,#6260,.T.);
#14573=EDGE_CURVE('',#8773,#8771,#6292,.T.);
#14575=EDGE_CURVE('',#8566,#8773,#6492,.T.);
#14577=EDGE_CURVE('',#8565,#8566,#6500,.T.);
#14580=EDGE_CURVE('',#8570,#8568,#6540,.T.);
#14582=EDGE_CURVE('',#7247,#8570,#6740,.T.);
#14584=EDGE_CURVE('',#7246,#7247,#6748,.T.);
#14587=EDGE_CURVE('',#7251,#7249,#6788,.T.);
#14589=EDGE_CURVE('',#7052,#7251,#6988,.T.);
#14591=EDGE_CURVE('',#7051,#7052,#6996,.T.);
#14594=EDGE_CURVE('',#7040,#7054,#4491,.T.);
#14598=ADVANCED_FACE('',(#14597),#14561,.T.);
#14604=EDGE_CURVE('',#8988,#8764,#3782,.T.);
#14606=EDGE_CURVE('',#8987,#8988,#3940,.T.);
#14608=EDGE_CURVE('',#8982,#8987,#3924,.T.);
#14610=EDGE_CURVE('',#8982,#8980,#3765,.T.);
#14612=EDGE_CURVE('',#8980,#8984,#3769,.T.);
#14614=EDGE_CURVE('',#8984,#8990,#3773,.T.);
#14616=EDGE_CURVE('',#8992,#8990,#3971,.T.);
#14618=EDGE_CURVE('',#8996,#8992,#3991,.T.);
#14620=EDGE_CURVE('',#8995,#8996,#4013,.T.);
#14623=EDGE_CURVE('',#7039,#7040,#4487,.T.);
#14625=EDGE_CURVE('',#7034,#7039,#4452,.T.);
#14627=EDGE_CURVE('',#7034,#7036,#3777,.T.);
#14629=EDGE_CURVE('',#7042,#7036,#4436,.T.);
#14631=EDGE_CURVE('',#7044,#7042,#4428,.T.);
#14633=EDGE_CURVE('',#7128,#7044,#4050,.T.);
#14635=EDGE_CURVE('',#7048,#7128,#4070,.T.);
#14637=EDGE_CURVE('',#7047,#7048,#4424,.T.);
#14639=EDGE_CURVE('',#7239,#7047,#4413,.T.);
#14641=EDGE_CURVE('',#7238,#7239,#4397,.T.);
#14643=EDGE_CURVE('',#8430,#7238,#4116,.T.);
#14645=EDGE_CURVE('',#8432,#8430,#4124,.T.);
#14647=EDGE_CURVE('',#7243,#8432,#4148,.T.);
#14649=EDGE_CURVE('',#7242,#7243,#4393,.T.);
#14651=EDGE_CURVE('',#8558,#7242,#4378,.T.);
#14653=EDGE_CURVE('',#8557,#8558,#4362,.T.);
#14655=EDGE_CURVE('',#8633,#8557,#4190,.T.);
#14657=EDGE_CURVE('',#8635,#8633,#4198,.T.);
#14659=EDGE_CURVE('',#8562,#8635,#4222,.T.);
#14661=EDGE_CURVE('',#8561,#8562,#4358,.T.);
#14663=EDGE_CURVE('',#8761,#8561,#4343,.T.);
#14665=EDGE_CURVE('',#8760,#8761,#4327,.T.);
#14667=EDGE_CURVE('',#8836,#8760,#4264,.T.);
#14669=EDGE_CURVE('',#8838,#8836,#4272,.T.);
#14671=EDGE_CURVE('',#8765,#8838,#4296,.T.);
#14673=EDGE_CURVE('',#8764,#8765,#4323,.T.);
#14677=ADVANCED_FACE('',(#14676),#14603,.T.);
#14683=EDGE_CURVE('',#8998,#8757,#3792,.T.);
#14685=EDGE_CURVE('',#8988,#8998,#3947,.T.);
#14688=EDGE_CURVE('',#8757,#8764,#4319,.T.);
#14692=ADVANCED_FACE('',(#14691),#14682,.F.);
#14698=EDGE_CURVE('',#8743,#8940,#3787,.T.);
#14700=EDGE_CURVE('',#8998,#8940,#3955,.T.);
#14703=EDGE_CURVE('',#8743,#8757,#4304,.T.);
#14707=ADVANCED_FACE('',(#14706),#14697,.F.);
#14713=EDGE_CURVE('',#8934,#8755,#3876,.T.);
#14715=EDGE_CURVE('',#8932,#8934,#4720,.T.);
#14717=EDGE_CURVE('',#8932,#8928,#3796,.T.);
#14719=EDGE_CURVE('',#8928,#8926,#3800,.T.);
#14721=EDGE_CURVE('',#8936,#8926,#3916,.T.);
#14723=EDGE_CURVE('',#8938,#8936,#3936,.T.);
#14725=EDGE_CURVE('',#8940,#8938,#3959,.T.);
#14728=EDGE_CURVE('',#8742,#8743,#4300,.T.);
#14730=EDGE_CURVE('',#8745,#8742,#4288,.T.);
#14732=EDGE_CURVE('',#8747,#8745,#4280,.T.);
#14734=EDGE_CURVE('',#8749,#8747,#4260,.T.);
#14736=EDGE_CURVE('',#8751,#8749,#4252,.T.);
#14738=EDGE_CURVE('',#8540,#8751,#4239,.T.);
#14740=EDGE_CURVE('',#8539,#8540,#4226,.T.);
#14742=EDGE_CURVE('',#8542,#8539,#4214,.T.);
#14744=EDGE_CURVE('',#8544,#8542,#4206,.T.);
#14746=EDGE_CURVE('',#8546,#8544,#4186,.T.);
#14748=EDGE_CURVE('',#8548,#8546,#4178,.T.);
#14750=EDGE_CURVE('',#7221,#8548,#4165,.T.);
#14752=EDGE_CURVE('',#7220,#7221,#4152,.T.);
#14754=EDGE_CURVE('',#7223,#7220,#4140,.T.);
#14756=EDGE_CURVE('',#7225,#7223,#4132,.T.);
#14758=EDGE_CURVE('',#7227,#7225,#4112,.T.);
#14760=EDGE_CURVE('',#7229,#7227,#4104,.T.);
#14762=EDGE_CURVE('',#7145,#7229,#4091,.T.);
#14764=EDGE_CURVE('',#7144,#7145,#4078,.T.);
#14766=EDGE_CURVE('',#7129,#7144,#4062,.T.);
#14768=EDGE_CURVE('',#7129,#7133,#3804,.T.);
#14770=EDGE_CURVE('',#7133,#7141,#3808,.T.);
#14772=EDGE_CURVE('',#7141,#7138,#3812,.T.);
#14774=EDGE_CURVE('',#7147,#7138,#4843,.T.);
#14776=EDGE_CURVE('',#7231,#7147,#4834,.T.);
#14778=EDGE_CURVE('',#7217,#7231,#4822,.T.);
#14780=EDGE_CURVE('',#7217,#7212,#3816,.T.);
#14782=EDGE_CURVE('',#7233,#7212,#4805,.T.);
#14784=EDGE_CURVE('',#8550,#7233,#4796,.T.);
#14786=EDGE_CURVE('',#8536,#8550,#4784,.T.);
#14788=EDGE_CURVE('',#8536,#8531,#3820,.T.);
#14790=EDGE_CURVE('',#8552,#8531,#4767,.T.);
#14792=EDGE_CURVE('',#8753,#8552,#4758,.T.);
#14794=EDGE_CURVE('',#8739,#8753,#4746,.T.);
#14796=EDGE_CURVE('',#8739,#8734,#3824,.T.);
#14798=EDGE_CURVE('',#8755,#8734,#4729,.T.);
#14802=EDGE_CURVE('',#9053,#9057,#3829,.T.);
#14804=EDGE_CURVE('',#9057,#9053,#3834,.T.);
#14808=EDGE_CURVE('',#9073,#9077,#3839,.T.);
#14810=EDGE_CURVE('',#9077,#9073,#3844,.T.);
#14814=EDGE_CURVE('',#9093,#9097,#3849,.T.);
#14816=EDGE_CURVE('',#9097,#9093,#3854,.T.);
#14820=EDGE_CURVE('',#9116,#9112,#3859,.T.);
#14822=EDGE_CURVE('',#9112,#9116,#3864,.T.);
#14826=ADVANCED_FACE('',(#14801,#14807,#14813,#14819,#14825),#14712,.T.);
#14832=EDGE_CURVE('',#8735,#9123,#3868,.T.);
#14834=EDGE_CURVE('',#9123,#8931,#3872,.T.);
#14836=EDGE_CURVE('',#8934,#8931,#4712,.T.);
#14839=EDGE_CURVE('',#8735,#8755,#4725,.T.);
#14843=ADVANCED_FACE('',(#14842),#14831,.F.);
#14849=EDGE_CURVE('',#7135,#8922,#3880,.T.);
#14851=EDGE_CURVE('',#8922,#8928,#3884,.T.);
#14854=EDGE_CURVE('',#8931,#8932,#4716,.T.);
#14858=EDGE_CURVE('',#8734,#8735,#4733,.T.);
#14861=EDGE_CURVE('',#8738,#8739,#4742,.T.);
#14863=EDGE_CURVE('',#9103,#8738,#4754,.T.);
#14865=EDGE_CURVE('',#8532,#9103,#4750,.T.);
#14867=EDGE_CURVE('',#8531,#8532,#4771,.T.);
#14870=EDGE_CURVE('',#8535,#8536,#4780,.T.);
#14872=EDGE_CURVE('',#9083,#8535,#4792,.T.);
#14874=EDGE_CURVE('',#7213,#9083,#4788,.T.);
#14876=EDGE_CURVE('',#7212,#7213,#4809,.T.);
#14879=EDGE_CURVE('',#7216,#7217,#4818,.T.);
#14881=EDGE_CURVE('',#9063,#7216,#4830,.T.);
#14883=EDGE_CURVE('',#7139,#9063,#4826,.T.);
#14885=EDGE_CURVE('',#7138,#7139,#4847,.T.);
#14888=EDGE_CURVE('',#7141,#7135,#3888,.T.);
#14892=ADVANCED_FACE('',(#14891),#14848,.T.);
#14899=EDGE_CURVE('',#8922,#8920,#3896,.T.);
#14902=EDGE_CURVE('',#7028,#7135,#4046,.T.);
#14906=ADVANCED_FACE('',(#14905),#14897,.T.);
#14915=EDGE_CURVE('',#8924,#8917,#3904,.T.);
#14917=EDGE_CURVE('',#8926,#8924,#3908,.T.);
#14922=ADVANCED_FACE('',(#14921),#14911,.F.);
#14928=EDGE_CURVE('',#8924,#8980,#3912,.T.);
#14931=EDGE_CURVE('',#8984,#8917,#3963,.T.);
#14936=ADVANCED_FACE('',(#14935),#14927,.F.);
#14945=EDGE_CURVE('',#8936,#8982,#3920,.T.);
#14950=ADVANCED_FACE('',(#14949),#14941,.F.);
#14958=EDGE_CURVE('',#8987,#9000,#3928,.T.);
#14960=EDGE_CURVE('',#9000,#8938,#3932,.T.);
#14965=ADVANCED_FACE('',(#14964),#14955,.F.);
#14974=EDGE_CURVE('',#8998,#9000,#3951,.T.);
#14978=ADVANCED_FACE('',(#14977),#14970,.F.);
#14990=ADVANCED_FACE('',(#14989),#14983,.F.);
#14999=EDGE_CURVE('',#8990,#8918,#3975,.T.);
#15003=ADVANCED_FACE('',(#15002),#14995,.T.);
#15012=EDGE_CURVE('',#9003,#9004,#3983,.T.);
#15014=EDGE_CURVE('',#8992,#9003,#3997,.T.);
#15018=ADVANCED_FACE('',(#15017),#15008,.F.);
#15024=EDGE_CURVE('',#9030,#9003,#3979,.T.);
#15028=EDGE_CURVE('',#9030,#9007,#4022,.T.);
#15032=ADVANCED_FACE('',(#15031),#15023,.F.);
#15041=EDGE_CURVE('',#8996,#9030,#4018,.T.);
#15045=ADVANCED_FACE('',(#15044),#15037,.T.);
#15061=ADVANCED_FACE('',(#15060),#15050,.T.);
#15069=EDGE_CURVE('',#7133,#7131,#4034,.T.);
#15071=EDGE_CURVE('',#7131,#7027,#4038,.T.);
#15077=ADVANCED_FACE('',(#15076),#15066,.T.);
#15085=EDGE_CURVE('',#7128,#7129,#4058,.T.);
#15088=EDGE_CURVE('',#7044,#7131,#4054,.T.);
#15092=ADVANCED_FACE('',(#15091),#15082,.F.);
#15100=EDGE_CURVE('',#7151,#7144,#4074,.T.);
#15102=EDGE_CURVE('',#7151,#7048,#4066,.T.);
#15107=ADVANCED_FACE('',(#15106),#15097,.T.);
#15115=EDGE_CURVE('',#7145,#7149,#4082,.T.);
#15117=EDGE_CURVE('',#7149,#7151,#4086,.T.);
#15121=ADVANCED_FACE('',(#15120),#15112,.F.);
#15128=EDGE_CURVE('',#8426,#7229,#4100,.T.);
#15130=EDGE_CURVE('',#8426,#7149,#4096,.T.);
#15135=ADVANCED_FACE('',(#15134),#15126,.F.);
#15143=EDGE_CURVE('',#8428,#7227,#4108,.T.);
#15145=EDGE_CURVE('',#8426,#8428,#4408,.T.);
#15149=ADVANCED_FACE('',(#15148),#15140,.F.);
#15157=EDGE_CURVE('',#8430,#7225,#4128,.T.);
#15160=EDGE_CURVE('',#7238,#8428,#4120,.T.);
#15164=ADVANCED_FACE('',(#15163),#15154,.F.);
#15170=EDGE_CURVE('',#8432,#7223,#4136,.T.);
#15177=ADVANCED_FACE('',(#15176),#15169,.F.);
#15185=EDGE_CURVE('',#8434,#7220,#4160,.T.);
#15187=EDGE_CURVE('',#8434,#7243,#4144,.T.);
#15192=ADVANCED_FACE('',(#15191),#15182,.T.);
#15199=EDGE_CURVE('',#7221,#7235,#4156,.T.);
#15201=EDGE_CURVE('',#8434,#7235,#4382,.T.);
#15206=ADVANCED_FACE('',(#15205),#15197,.F.);
#15213=EDGE_CURVE('',#8629,#8548,#4174,.T.);
#15215=EDGE_CURVE('',#8629,#7235,#4170,.T.);
#15220=ADVANCED_FACE('',(#15219),#15211,.F.);
#15228=EDGE_CURVE('',#8631,#8546,#4182,.T.);
#15230=EDGE_CURVE('',#8629,#8631,#4373,.T.);
#15234=ADVANCED_FACE('',(#15233),#15225,.F.);
#15242=EDGE_CURVE('',#8633,#8544,#4202,.T.);
#15245=EDGE_CURVE('',#8557,#8631,#4194,.T.);
#15249=ADVANCED_FACE('',(#15248),#15239,.F.);
#15255=EDGE_CURVE('',#8635,#8542,#4210,.T.);
#15262=ADVANCED_FACE('',(#15261),#15254,.F.);
#15270=EDGE_CURVE('',#8637,#8539,#4234,.T.);
#15272=EDGE_CURVE('',#8637,#8562,#4218,.T.);
#15277=ADVANCED_FACE('',(#15276),#15267,.T.);
#15284=EDGE_CURVE('',#8540,#8554,#4230,.T.);
#15286=EDGE_CURVE('',#8637,#8554,#4347,.T.);
#15291=ADVANCED_FACE('',(#15290),#15282,.F.);
#15298=EDGE_CURVE('',#8832,#8751,#4248,.T.);
#15300=EDGE_CURVE('',#8832,#8554,#4244,.T.);
#15305=ADVANCED_FACE('',(#15304),#15296,.F.);
#15313=EDGE_CURVE('',#8834,#8749,#4256,.T.);
#15315=EDGE_CURVE('',#8832,#8834,#4338,.T.);
#15319=ADVANCED_FACE('',(#15318),#15310,.F.);
#15327=EDGE_CURVE('',#8836,#8747,#4276,.T.);
#15330=EDGE_CURVE('',#8760,#8834,#4268,.T.);
#15334=ADVANCED_FACE('',(#15333),#15324,.F.);
#15340=EDGE_CURVE('',#8838,#8745,#4284,.T.);
#15347=ADVANCED_FACE('',(#15346),#15339,.F.);
#15355=EDGE_CURVE('',#8840,#8742,#4308,.T.);
#15357=EDGE_CURVE('',#8840,#8765,#4292,.T.);
#15362=ADVANCED_FACE('',(#15361),#15352,.T.);
#15370=EDGE_CURVE('',#8840,#8757,#4312,.T.);
#15375=ADVANCED_FACE('',(#15374),#15367,.F.);
#15387=ADVANCED_FACE('',(#15386),#15380,.F.);
#15395=EDGE_CURVE('',#8761,#8832,#4334,.T.);
#15400=ADVANCED_FACE('',(#15399),#15392,.F.);
#15409=EDGE_CURVE('',#8554,#8561,#4354,.T.);
#15413=ADVANCED_FACE('',(#15412),#15405,.F.);
#15425=ADVANCED_FACE('',(#15424),#15418,.F.);
#15433=EDGE_CURVE('',#8558,#8629,#4369,.T.);
#15438=ADVANCED_FACE('',(#15437),#15430,.F.);
#15447=EDGE_CURVE('',#7235,#7242,#4389,.T.);
#15451=ADVANCED_FACE('',(#15450),#15443,.F.);
#15463=ADVANCED_FACE('',(#15462),#15456,.F.);
#15471=EDGE_CURVE('',#7239,#8426,#4404,.T.);
#15476=ADVANCED_FACE('',(#15475),#15468,.F.);
#15485=EDGE_CURVE('',#7149,#7047,#4420,.T.);
#15489=ADVANCED_FACE('',(#15488),#15481,.F.);
#15501=ADVANCED_FACE('',(#15500),#15494,.F.);
#15509=EDGE_CURVE('',#7042,#7027,#4432,.T.);
#15514=ADVANCED_FACE('',(#15513),#15506,.T.);
#15521=EDGE_CURVE('',#7036,#7030,#4440,.T.);
#15527=ADVANCED_FACE('',(#15526),#15519,.T.);
#15534=EDGE_CURVE('',#7033,#7034,#4462,.T.);
#15536=EDGE_CURVE('',#7032,#7033,#4503,.T.);
#15538=EDGE_CURVE('',#7032,#7030,#4448,.T.);
#15543=ADVANCED_FACE('',(#15542),#15532,.T.);
#15550=EDGE_CURVE('',#7103,#7039,#4483,.T.);
#15552=EDGE_CURVE('',#7103,#7033,#4456,.T.);
#15557=ADVANCED_FACE('',(#15556),#15548,.T.);
#15566=EDGE_CURVE('',#7101,#7103,#4478,.T.);
#15574=ADVANCED_FACE('',(#15573),#15562,.F.);
#15586=ADVANCED_FACE('',(#15585),#15579,.F.);
#15593=EDGE_CURVE('',#7205,#7193,#4511,.T.);
#15599=ADVANCED_FACE('',(#15598),#15591,.T.);
#15605=EDGE_CURVE('',#7207,#7205,#4527,.T.);
#15607=EDGE_CURVE('',#7201,#7207,#4541,.T.);
#15609=EDGE_CURVE('',#7201,#7198,#4519,.T.);
#15611=EDGE_CURVE('',#7198,#7193,#4523,.T.);
#15616=ADVANCED_FACE('',(#15615),#15604,.F.);
#15622=EDGE_CURVE('',#7207,#7209,#4545,.T.);
#15626=EDGE_CURVE('',#7195,#7209,#4531,.T.);
#15630=ADVANCED_FACE('',(#15629),#15621,.F.);
#15636=EDGE_CURVE('',#7203,#7201,#4535,.T.);
#15640=EDGE_CURVE('',#7209,#7203,#4551,.T.);
#15644=ADVANCED_FACE('',(#15643),#15635,.T.);
#15650=EDGE_CURVE('',#7198,#7199,#4563,.T.);
#15654=EDGE_CURVE('',#7203,#7199,#4555,.T.);
#15658=ADVANCED_FACE('',(#15657),#15649,.T.);
#15667=EDGE_CURVE('',#7199,#7192,#4567,.T.);
#15671=ADVANCED_FACE('',(#15670),#15663,.T.);
#15680=EDGE_CURVE('',#7195,#7192,#4571,.T.);
#15685=ADVANCED_FACE('',(#15684),#15676,.T.);
#15692=EDGE_CURVE('',#8524,#8512,#4579,.T.);
#15698=ADVANCED_FACE('',(#15697),#15690,.T.);
#15704=EDGE_CURVE('',#8526,#8524,#4595,.T.);
#15706=EDGE_CURVE('',#8520,#8526,#4609,.T.);
#15708=EDGE_CURVE('',#8520,#8517,#4587,.T.);
#15710=EDGE_CURVE('',#8517,#8512,#4591,.T.);
#15715=ADVANCED_FACE('',(#15714),#15703,.F.);
#15721=EDGE_CURVE('',#8526,#8528,#4613,.T.);
#15725=EDGE_CURVE('',#8514,#8528,#4599,.T.);
#15729=ADVANCED_FACE('',(#15728),#15720,.F.);
#15735=EDGE_CURVE('',#8522,#8520,#4603,.T.);
#15739=EDGE_CURVE('',#8528,#8522,#4619,.T.);
#15743=ADVANCED_FACE('',(#15742),#15734,.T.);
#15749=EDGE_CURVE('',#8517,#8518,#4631,.T.);
#15753=EDGE_CURVE('',#8522,#8518,#4623,.T.);
#15757=ADVANCED_FACE('',(#15756),#15748,.T.);
#15766=EDGE_CURVE('',#8518,#8511,#4635,.T.);
#15770=ADVANCED_FACE('',(#15769),#15762,.T.);
#15779=EDGE_CURVE('',#8514,#8511,#4639,.T.);
#15784=ADVANCED_FACE('',(#15783),#15775,.T.);
#15791=EDGE_CURVE('',#8727,#8715,#4647,.T.);
#15797=ADVANCED_FACE('',(#15796),#15789,.T.);
#15803=EDGE_CURVE('',#8729,#8727,#4663,.T.);
#15805=EDGE_CURVE('',#8723,#8729,#4677,.T.);
#15807=EDGE_CURVE('',#8723,#8720,#4655,.T.);
#15809=EDGE_CURVE('',#8720,#8715,#4659,.T.);
#15814=ADVANCED_FACE('',(#15813),#15802,.F.);
#15820=EDGE_CURVE('',#8729,#8731,#4681,.T.);
#15824=EDGE_CURVE('',#8717,#8731,#4667,.T.);
#15828=ADVANCED_FACE('',(#15827),#15819,.F.);
#15834=EDGE_CURVE('',#8725,#8723,#4671,.T.);
#15838=EDGE_CURVE('',#8731,#8725,#4687,.T.);
#15842=ADVANCED_FACE('',(#15841),#15833,.T.);
#15848=EDGE_CURVE('',#8720,#8721,#4699,.T.);
#15852=EDGE_CURVE('',#8725,#8721,#4691,.T.);
#15856=ADVANCED_FACE('',(#15855),#15847,.T.);
#15865=EDGE_CURVE('',#8721,#8714,#4703,.T.);
#15869=ADVANCED_FACE('',(#15868),#15861,.T.);
#15882=ADVANCED_FACE('',(#15881),#15874,.T.);
#15893=ADVANCED_FACE('',(#15892),#15887,.T.);
#15904=ADVANCED_FACE('',(#15903),#15898,.F.);
#15910=EDGE_CURVE('',#8753,#8738,#4738,.T.);
#15916=ADVANCED_FACE('',(#15915),#15909,.T.);
#15926=EDGE_CURVE('',#8532,#8552,#4763,.T.);
#15930=ADVANCED_FACE('',(#15929),#15921,.F.);
#15941=ADVANCED_FACE('',(#15940),#15935,.F.);
#15947=EDGE_CURVE('',#8550,#8535,#4776,.T.);
#15953=ADVANCED_FACE('',(#15952),#15946,.T.);
#15963=EDGE_CURVE('',#7213,#7233,#4801,.T.);
#15967=ADVANCED_FACE('',(#15966),#15958,.F.);
#15978=ADVANCED_FACE('',(#15977),#15972,.F.);
#15984=EDGE_CURVE('',#7231,#7216,#4814,.T.);
#15990=ADVANCED_FACE('',(#15989),#15983,.T.);
#16000=EDGE_CURVE('',#7139,#7147,#4839,.T.);
#16004=ADVANCED_FACE('',(#16003),#15995,.F.);
#16015=ADVANCED_FACE('',(#16014),#16009,.F.);
#16021=EDGE_CURVE('',#9052,#9053,#4851,.T.);
#16023=EDGE_CURVE('',#9065,#9052,#4885,.T.);
#16025=EDGE_CURVE('',#9056,#9065,#4880,.T.);
#16027=EDGE_CURVE('',#9056,#9057,#4855,.T.);
#16032=ADVANCED_FACE('',(#16031),#16020,.T.);
#16041=EDGE_CURVE('',#9069,#9056,#4865,.T.);
#16043=EDGE_CURVE('',#9052,#9069,#4860,.T.);
#16047=ADVANCED_FACE('',(#16046),#16037,.T.);
#16053=EDGE_CURVE('',#9059,#9052,#4870,.T.);
#16057=EDGE_CURVE('',#9061,#9056,#4875,.T.);
#16059=EDGE_CURVE('',#9059,#9061,#4895,.T.);
#16063=ADVANCED_FACE('',(#16062),#16052,.T.);
#16070=EDGE_CURVE('',#9067,#9059,#4890,.T.);
#16072=EDGE_CURVE('',#9061,#9067,#4900,.T.);
#16079=ADVANCED_FACE('',(#16078),#16068,.T.);
#16090=EDGE_CURVE('',#8438,#7163,#4904,.T.);
#16092=EDGE_CURVE('',#8437,#8438,#4997,.T.);
#16094=EDGE_CURVE('',#8440,#8437,#5022,.T.);
#16096=EDGE_CURVE('',#8444,#8440,#4973,.T.);
#16098=EDGE_CURVE('',#8443,#8444,#4940,.T.);
#16100=EDGE_CURVE('',#8446,#8443,#4965,.T.);
#16102=EDGE_CURVE('',#7155,#8446,#4920,.T.);
#16104=EDGE_CURVE('',#7154,#7155,#5103,.T.);
#16106=EDGE_CURVE('',#7157,#7154,#5082,.T.);
#16108=EDGE_CURVE('',#7159,#7157,#5188,.T.);
#16110=EDGE_CURVE('',#7161,#7159,#5155,.T.);
#16112=EDGE_CURVE('',#7163,#7161,#5180,.T.);
#16116=ADVANCED_FACE('',(#16089,#16115),#16084,.T.);
#16122=EDGE_CURVE('',#8464,#7169,#4908,.T.);
#16124=EDGE_CURVE('',#8438,#8464,#4981,.T.);
#16127=EDGE_CURVE('',#7169,#7163,#5151,.T.);
#16131=ADVANCED_FACE('',(#16130),#16121,.T.);
#16137=EDGE_CURVE('',#8471,#7171,#4912,.T.);
#16139=EDGE_CURVE('',#8465,#8471,#5042,.T.);
#16141=EDGE_CURVE('',#8464,#8465,#4989,.T.);
#16144=EDGE_CURVE('',#7168,#7169,#5147,.T.);
#16146=EDGE_CURVE('',#7171,#7168,#5119,.T.);
#16150=ADVANCED_FACE('',(#16149),#16136,.T.);
#16156=EDGE_CURVE('',#8450,#7167,#4916,.T.);
#16158=EDGE_CURVE('',#8471,#8450,#5046,.T.);
#16161=EDGE_CURVE('',#7167,#7171,#5115,.T.);
#16165=ADVANCED_FACE('',(#16164),#16155,.T.);
#16171=EDGE_CURVE('',#8448,#7187,#4924,.T.);
#16173=EDGE_CURVE('',#8447,#8448,#4932,.T.);
#16175=EDGE_CURVE('',#8450,#8447,#5050,.T.);
#16178=EDGE_CURVE('',#7166,#7167,#5111,.T.);
#16180=EDGE_CURVE('',#7187,#7166,#5070,.T.);
#16184=ADVANCED_FACE('',(#16183),#16170,.F.);
#16191=EDGE_CURVE('',#8448,#8446,#4936,.T.);
#16194=EDGE_CURVE('',#7155,#7187,#5062,.T.);
#16198=ADVANCED_FACE('',(#16197),#16189,.F.);
#16204=EDGE_CURVE('',#8444,#8452,#4944,.T.);
#16206=EDGE_CURVE('',#8454,#8444,#4977,.T.);
#16208=EDGE_CURVE('',#8447,#8454,#5058,.T.);
#16212=EDGE_CURVE('',#8456,#8446,#4961,.T.);
#16214=EDGE_CURVE('',#8452,#8456,#4953,.T.);
#16218=ADVANCED_FACE('',(#16217),#16203,.T.);
#16224=EDGE_CURVE('',#8458,#8452,#4948,.T.);
#16226=EDGE_CURVE('',#8443,#8458,#4969,.T.);
#16232=ADVANCED_FACE('',(#16231),#16223,.F.);
#16240=EDGE_CURVE('',#8458,#8456,#4957,.T.);
#16244=ADVANCED_FACE('',(#16243),#16237,.T.);
#16256=ADVANCED_FACE('',(#16255),#16249,.T.);
#16263=EDGE_CURVE('',#8460,#8440,#4993,.T.);
#16265=EDGE_CURVE('',#8454,#8460,#5030,.T.);
#16270=ADVANCED_FACE('',(#16269),#16261,.T.);
#16276=EDGE_CURVE('',#8438,#8462,#5001,.T.);
#16280=EDGE_CURVE('',#8460,#8465,#5038,.T.);
#16283=EDGE_CURVE('',#8467,#8440,#5018,.T.);
#16285=EDGE_CURVE('',#8462,#8467,#5010,.T.);
#16289=ADVANCED_FACE('',(#16288),#16275,.T.);
#16295=EDGE_CURVE('',#8469,#8462,#5005,.T.);
#16297=EDGE_CURVE('',#8437,#8469,#5026,.T.);
#16303=ADVANCED_FACE('',(#16302),#16294,.F.);
#16311=EDGE_CURVE('',#8469,#8467,#5014,.T.);
#16315=ADVANCED_FACE('',(#16314),#16308,.T.);
#16327=ADVANCED_FACE('',(#16326),#16320,.F.);
#16341=ADVANCED_FACE('',(#16340),#16332,.T.);
#16347=EDGE_CURVE('',#7183,#7157,#5078,.T.);
#16349=EDGE_CURVE('',#7185,#7183,#5091,.T.);
#16351=EDGE_CURVE('',#7155,#7185,#5107,.T.);
#16355=EDGE_CURVE('',#7181,#7166,#5139,.T.);
#16357=EDGE_CURVE('',#7181,#7157,#5074,.T.);
#16361=ADVANCED_FACE('',(#16360),#16346,.T.);
#16367=EDGE_CURVE('',#7183,#7189,#5086,.T.);
#16371=EDGE_CURVE('',#7189,#7154,#5099,.T.);
#16375=ADVANCED_FACE('',(#16374),#16366,.T.);
#16382=EDGE_CURVE('',#7185,#7189,#5095,.T.);
#16387=ADVANCED_FACE('',(#16386),#16380,.T.);
#16399=ADVANCED_FACE('',(#16398),#16392,.T.);
#16408=EDGE_CURVE('',#7168,#7175,#5127,.T.);
#16410=EDGE_CURVE('',#7175,#7181,#5131,.T.);
#16415=ADVANCED_FACE('',(#16414),#16404,.F.);
#16421=EDGE_CURVE('',#7159,#7173,#5159,.T.);
#16423=EDGE_CURVE('',#7175,#7159,#5192,.T.);
#16428=EDGE_CURVE('',#7177,#7163,#5176,.T.);
#16430=EDGE_CURVE('',#7173,#7177,#5168,.T.);
#16434=ADVANCED_FACE('',(#16433),#16420,.T.);
#16440=EDGE_CURVE('',#7179,#7173,#5163,.T.);
#16442=EDGE_CURVE('',#7161,#7179,#5184,.T.);
#16448=ADVANCED_FACE('',(#16447),#16439,.T.);
#16456=EDGE_CURVE('',#7179,#7177,#5172,.T.);
#16460=ADVANCED_FACE('',(#16459),#16453,.T.);
#16472=ADVANCED_FACE('',(#16471),#16465,.F.);
#16484=ADVANCED_FACE('',(#16483),#16477,.F.);
#16490=EDGE_CURVE('',#9072,#9073,#5196,.T.);
#16492=EDGE_CURVE('',#9085,#9072,#5230,.T.);
#16494=EDGE_CURVE('',#9076,#9085,#5225,.T.);
#16496=EDGE_CURVE('',#9076,#9077,#5200,.T.);
#16501=ADVANCED_FACE('',(#16500),#16489,.T.);
#16510=EDGE_CURVE('',#9089,#9076,#5210,.T.);
#16512=EDGE_CURVE('',#9072,#9089,#5205,.T.);
#16516=ADVANCED_FACE('',(#16515),#16506,.T.);
#16522=EDGE_CURVE('',#9079,#9072,#5215,.T.);
#16526=EDGE_CURVE('',#9081,#9076,#5220,.T.);
#16528=EDGE_CURVE('',#9079,#9081,#5240,.T.);
#16532=ADVANCED_FACE('',(#16531),#16521,.T.);
#16539=EDGE_CURVE('',#9087,#9079,#5235,.T.);
#16541=EDGE_CURVE('',#9081,#9087,#5245,.T.);
#16548=ADVANCED_FACE('',(#16547),#16537,.T.);
#16559=EDGE_CURVE('',#8641,#8483,#5249,.T.);
#16561=EDGE_CURVE('',#8640,#8641,#5342,.T.);
#16563=EDGE_CURVE('',#8643,#8640,#5367,.T.);
#16565=EDGE_CURVE('',#8647,#8643,#5318,.T.);
#16567=EDGE_CURVE('',#8646,#8647,#5285,.T.);
#16569=EDGE_CURVE('',#8649,#8646,#5310,.T.);
#16571=EDGE_CURVE('',#8475,#8649,#5265,.T.);
#16573=EDGE_CURVE('',#8474,#8475,#5448,.T.);
#16575=EDGE_CURVE('',#8477,#8474,#5427,.T.);
#16577=EDGE_CURVE('',#8479,#8477,#5533,.T.);
#16579=EDGE_CURVE('',#8481,#8479,#5500,.T.);
#16581=EDGE_CURVE('',#8483,#8481,#5525,.T.);
#16585=ADVANCED_FACE('',(#16558,#16584),#16553,.T.);
#16591=EDGE_CURVE('',#8667,#8489,#5253,.T.);
#16593=EDGE_CURVE('',#8641,#8667,#5326,.T.);
#16596=EDGE_CURVE('',#8489,#8483,#5496,.T.);
#16600=ADVANCED_FACE('',(#16599),#16590,.T.);
#16606=EDGE_CURVE('',#8674,#8487,#5257,.T.);
#16608=EDGE_CURVE('',#8668,#8674,#5387,.T.);
#16610=EDGE_CURVE('',#8667,#8668,#5334,.T.);
#16613=EDGE_CURVE('',#8488,#8489,#5492,.T.);
#16615=EDGE_CURVE('',#8487,#8488,#5464,.T.);
#16619=ADVANCED_FACE('',(#16618),#16605,.T.);
#16625=EDGE_CURVE('',#8653,#8486,#5261,.T.);
#16627=EDGE_CURVE('',#8674,#8653,#5391,.T.);
#16630=EDGE_CURVE('',#8486,#8487,#5460,.T.);
#16634=ADVANCED_FACE('',(#16633),#16624,.T.);
#16640=EDGE_CURVE('',#8651,#8505,#5269,.T.);
#16642=EDGE_CURVE('',#8650,#8651,#5277,.T.);
#16644=EDGE_CURVE('',#8653,#8650,#5395,.T.);
#16647=EDGE_CURVE('',#8506,#8486,#5456,.T.);
#16649=EDGE_CURVE('',#8505,#8506,#5415,.T.);
#16653=ADVANCED_FACE('',(#16652),#16639,.F.);
#16660=EDGE_CURVE('',#8651,#8649,#5281,.T.);
#16663=EDGE_CURVE('',#8475,#8505,#5407,.T.);
#16667=ADVANCED_FACE('',(#16666),#16658,.F.);
#16673=EDGE_CURVE('',#8647,#8655,#5289,.T.);
#16675=EDGE_CURVE('',#8657,#8647,#5322,.T.);
#16677=EDGE_CURVE('',#8650,#8657,#5403,.T.);
#16681=EDGE_CURVE('',#8659,#8649,#5306,.T.);
#16683=EDGE_CURVE('',#8655,#8659,#5298,.T.);
#16687=ADVANCED_FACE('',(#16686),#16672,.T.);
#16693=EDGE_CURVE('',#8661,#8655,#5293,.T.);
#16695=EDGE_CURVE('',#8646,#8661,#5314,.T.);
#16701=ADVANCED_FACE('',(#16700),#16692,.F.);
#16709=EDGE_CURVE('',#8661,#8659,#5302,.T.);
#16713=ADVANCED_FACE('',(#16712),#16706,.T.);
#16725=ADVANCED_FACE('',(#16724),#16718,.T.);
#16732=EDGE_CURVE('',#8663,#8643,#5338,.T.);
#16734=EDGE_CURVE('',#8657,#8663,#5375,.T.);
#16739=ADVANCED_FACE('',(#16738),#16730,.T.);
#16745=EDGE_CURVE('',#8641,#8665,#5346,.T.);
#16749=EDGE_CURVE('',#8663,#8668,#5383,.T.);
#16752=EDGE_CURVE('',#8670,#8643,#5363,.T.);
#16754=EDGE_CURVE('',#8665,#8670,#5355,.T.);
#16758=ADVANCED_FACE('',(#16757),#16744,.T.);
#16764=EDGE_CURVE('',#8672,#8665,#5350,.T.);
#16766=EDGE_CURVE('',#8640,#8672,#5371,.T.);
#16772=ADVANCED_FACE('',(#16771),#16763,.F.);
#16780=EDGE_CURVE('',#8672,#8670,#5359,.T.);
#16784=ADVANCED_FACE('',(#16783),#16777,.T.);
#16796=ADVANCED_FACE('',(#16795),#16789,.F.);
#16810=ADVANCED_FACE('',(#16809),#16801,.T.);
#16816=EDGE_CURVE('',#8501,#8477,#5423,.T.);
#16818=EDGE_CURVE('',#8503,#8501,#5436,.T.);
#16820=EDGE_CURVE('',#8475,#8503,#5452,.T.);
#16824=EDGE_CURVE('',#8499,#8506,#5484,.T.);
#16826=EDGE_CURVE('',#8499,#8477,#5419,.T.);
#16830=ADVANCED_FACE('',(#16829),#16815,.T.);
#16836=EDGE_CURVE('',#8501,#8508,#5431,.T.);
#16840=EDGE_CURVE('',#8508,#8474,#5444,.T.);
#16844=ADVANCED_FACE('',(#16843),#16835,.T.);
#16851=EDGE_CURVE('',#8503,#8508,#5440,.T.);
#16856=ADVANCED_FACE('',(#16855),#16849,.T.);
#16868=ADVANCED_FACE('',(#16867),#16861,.T.);
#16877=EDGE_CURVE('',#8488,#8493,#5472,.T.);
#16879=EDGE_CURVE('',#8493,#8499,#5476,.T.);
#16884=ADVANCED_FACE('',(#16883),#16873,.F.);
#16890=EDGE_CURVE('',#8479,#8491,#5504,.T.);
#16892=EDGE_CURVE('',#8493,#8479,#5537,.T.);
#16897=EDGE_CURVE('',#8495,#8483,#5521,.T.);
#16899=EDGE_CURVE('',#8491,#8495,#5513,.T.);
#16903=ADVANCED_FACE('',(#16902),#16889,.T.);
#16909=EDGE_CURVE('',#8497,#8491,#5508,.T.);
#16911=EDGE_CURVE('',#8481,#8497,#5529,.T.);
#16917=ADVANCED_FACE('',(#16916),#16908,.T.);
#16925=EDGE_CURVE('',#8497,#8495,#5517,.T.);
#16929=ADVANCED_FACE('',(#16928),#16922,.T.);
#16941=ADVANCED_FACE('',(#16940),#16934,.F.);
#16953=ADVANCED_FACE('',(#16952),#16946,.F.);
#16959=EDGE_CURVE('',#9092,#9093,#5541,.T.);
#16961=EDGE_CURVE('',#9105,#9092,#5575,.T.);
#16963=EDGE_CURVE('',#9096,#9105,#5570,.T.);
#16965=EDGE_CURVE('',#9096,#9097,#5545,.T.);
#16970=ADVANCED_FACE('',(#16969),#16958,.T.);
#16979=EDGE_CURVE('',#9109,#9096,#5555,.T.);
#16981=EDGE_CURVE('',#9092,#9109,#5550,.T.);
#16985=ADVANCED_FACE('',(#16984),#16975,.T.);
#16991=EDGE_CURVE('',#9099,#9092,#5560,.T.);
#16995=EDGE_CURVE('',#9101,#9096,#5565,.T.);
#16997=EDGE_CURVE('',#9099,#9101,#5585,.T.);
#17001=ADVANCED_FACE('',(#17000),#16990,.T.);
#17008=EDGE_CURVE('',#9107,#9099,#5580,.T.);
#17010=EDGE_CURVE('',#9101,#9107,#5590,.T.);
#17017=ADVANCED_FACE('',(#17016),#17006,.T.);
#17028=EDGE_CURVE('',#8844,#8686,#5594,.T.);
#17030=EDGE_CURVE('',#8843,#8844,#5687,.T.);
#17032=EDGE_CURVE('',#8846,#8843,#5712,.T.);
#17034=EDGE_CURVE('',#8850,#8846,#5663,.T.);
#17036=EDGE_CURVE('',#8849,#8850,#5630,.T.);
#17038=EDGE_CURVE('',#8852,#8849,#5655,.T.);
#17040=EDGE_CURVE('',#8678,#8852,#5610,.T.);
#17042=EDGE_CURVE('',#8677,#8678,#5793,.T.);
#17044=EDGE_CURVE('',#8680,#8677,#5772,.T.);
#17046=EDGE_CURVE('',#8682,#8680,#5878,.T.);
#17048=EDGE_CURVE('',#8684,#8682,#5845,.T.);
#17050=EDGE_CURVE('',#8686,#8684,#5870,.T.);
#17054=ADVANCED_FACE('',(#17027,#17053),#17022,.T.);
#17060=EDGE_CURVE('',#8870,#8692,#5598,.T.);
#17062=EDGE_CURVE('',#8844,#8870,#5671,.T.);
#17065=EDGE_CURVE('',#8692,#8686,#5841,.T.);
#17069=ADVANCED_FACE('',(#17068),#17059,.T.);
#17075=EDGE_CURVE('',#8877,#8690,#5602,.T.);
#17077=EDGE_CURVE('',#8871,#8877,#5732,.T.);
#17079=EDGE_CURVE('',#8870,#8871,#5679,.T.);
#17082=EDGE_CURVE('',#8691,#8692,#5837,.T.);
#17084=EDGE_CURVE('',#8690,#8691,#5809,.T.);
#17088=ADVANCED_FACE('',(#17087),#17074,.T.);
#17094=EDGE_CURVE('',#8856,#8689,#5606,.T.);
#17096=EDGE_CURVE('',#8877,#8856,#5736,.T.);
#17099=EDGE_CURVE('',#8689,#8690,#5805,.T.);
#17103=ADVANCED_FACE('',(#17102),#17093,.T.);
#17109=EDGE_CURVE('',#8854,#8708,#5614,.T.);
#17111=EDGE_CURVE('',#8853,#8854,#5622,.T.);
#17113=EDGE_CURVE('',#8856,#8853,#5740,.T.);
#17116=EDGE_CURVE('',#8709,#8689,#5801,.T.);
#17118=EDGE_CURVE('',#8708,#8709,#5760,.T.);
#17122=ADVANCED_FACE('',(#17121),#17108,.F.);
#17129=EDGE_CURVE('',#8854,#8852,#5626,.T.);
#17132=EDGE_CURVE('',#8678,#8708,#5752,.T.);
#17136=ADVANCED_FACE('',(#17135),#17127,.F.);
#17142=EDGE_CURVE('',#8850,#8858,#5634,.T.);
#17144=EDGE_CURVE('',#8860,#8850,#5667,.T.);
#17146=EDGE_CURVE('',#8853,#8860,#5748,.T.);
#17150=EDGE_CURVE('',#8862,#8852,#5651,.T.);
#17152=EDGE_CURVE('',#8858,#8862,#5643,.T.);
#17156=ADVANCED_FACE('',(#17155),#17141,.T.);
#17162=EDGE_CURVE('',#8864,#8858,#5638,.T.);
#17164=EDGE_CURVE('',#8849,#8864,#5659,.T.);
#17170=ADVANCED_FACE('',(#17169),#17161,.F.);
#17178=EDGE_CURVE('',#8864,#8862,#5647,.T.);
#17182=ADVANCED_FACE('',(#17181),#17175,.T.);
#17194=ADVANCED_FACE('',(#17193),#17187,.T.);
#17201=EDGE_CURVE('',#8866,#8846,#5683,.T.);
#17203=EDGE_CURVE('',#8860,#8866,#5720,.T.);
#17208=ADVANCED_FACE('',(#17207),#17199,.T.);
#17214=EDGE_CURVE('',#8844,#8868,#5691,.T.);
#17218=EDGE_CURVE('',#8866,#8871,#5728,.T.);
#17221=EDGE_CURVE('',#8873,#8846,#5708,.T.);
#17223=EDGE_CURVE('',#8868,#8873,#5700,.T.);
#17227=ADVANCED_FACE('',(#17226),#17213,.T.);
#17233=EDGE_CURVE('',#8875,#8868,#5695,.T.);
#17235=EDGE_CURVE('',#8843,#8875,#5716,.T.);
#17241=ADVANCED_FACE('',(#17240),#17232,.F.);
#17249=EDGE_CURVE('',#8875,#8873,#5704,.T.);
#17253=ADVANCED_FACE('',(#17252),#17246,.T.);
#17265=ADVANCED_FACE('',(#17264),#17258,.F.);
#17279=ADVANCED_FACE('',(#17278),#17270,.T.);
#17285=EDGE_CURVE('',#8704,#8680,#5768,.T.);
#17287=EDGE_CURVE('',#8706,#8704,#5781,.T.);
#17289=EDGE_CURVE('',#8678,#8706,#5797,.T.);
#17293=EDGE_CURVE('',#8702,#8709,#5829,.T.);
#17295=EDGE_CURVE('',#8702,#8680,#5764,.T.);
#17299=ADVANCED_FACE('',(#17298),#17284,.T.);
#17305=EDGE_CURVE('',#8704,#8711,#5776,.T.);
#17309=EDGE_CURVE('',#8711,#8677,#5789,.T.);
#17313=ADVANCED_FACE('',(#17312),#17304,.T.);
#17320=EDGE_CURVE('',#8706,#8711,#5785,.T.);
#17325=ADVANCED_FACE('',(#17324),#17318,.T.);
#17337=ADVANCED_FACE('',(#17336),#17330,.T.);
#17346=EDGE_CURVE('',#8691,#8696,#5817,.T.);
#17348=EDGE_CURVE('',#8696,#8702,#5821,.T.);
#17353=ADVANCED_FACE('',(#17352),#17342,.F.);
#17359=EDGE_CURVE('',#8682,#8694,#5849,.T.);
#17361=EDGE_CURVE('',#8696,#8682,#5882,.T.);
#17366=EDGE_CURVE('',#8698,#8686,#5866,.T.);
#17368=EDGE_CURVE('',#8694,#8698,#5858,.T.);
#17372=ADVANCED_FACE('',(#17371),#17358,.T.);
#17378=EDGE_CURVE('',#8700,#8694,#5853,.T.);
#17380=EDGE_CURVE('',#8684,#8700,#5874,.T.);
#17386=ADVANCED_FACE('',(#17385),#17377,.T.);
#17394=EDGE_CURVE('',#8700,#8698,#5862,.T.);
#17398=ADVANCED_FACE('',(#17397),#17391,.T.);
#17410=ADVANCED_FACE('',(#17409),#17403,.F.);
#17422=ADVANCED_FACE('',(#17421),#17415,.F.);
#17428=EDGE_CURVE('',#9112,#9113,#5886,.T.);
#17431=EDGE_CURVE('',#9116,#9117,#5890,.T.);
#17433=EDGE_CURVE('',#9125,#9117,#5915,.T.);
#17435=EDGE_CURVE('',#9113,#9125,#5910,.T.);
#17439=ADVANCED_FACE('',(#17438),#17427,.T.);
#17446=EDGE_CURVE('',#9129,#9113,#5900,.T.);
#17448=EDGE_CURVE('',#9117,#9129,#5895,.T.);
#17454=ADVANCED_FACE('',(#17453),#17444,.T.);
#17460=EDGE_CURVE('',#9113,#9119,#5905,.T.);
#17462=EDGE_CURVE('',#9131,#9119,#5935,.T.);
#17464=EDGE_CURVE('',#9121,#9131,#5930,.T.);
#17466=EDGE_CURVE('',#9117,#9121,#5920,.T.);
#17472=ADVANCED_FACE('',(#17471),#17459,.T.);
#17482=EDGE_CURVE('',#9127,#9121,#5925,.T.);
#17484=EDGE_CURVE('',#9119,#9127,#5940,.T.);
#17488=ADVANCED_FACE('',(#17487),#17477,.T.);
#17500=EDGE_CURVE('',#8944,#8889,#5944,.T.);
#17502=EDGE_CURVE('',#8943,#8944,#6062,.T.);
#17504=EDGE_CURVE('',#8946,#8943,#6041,.T.);
#17506=EDGE_CURVE('',#8948,#8946,#6013,.T.);
#17508=EDGE_CURVE('',#8950,#8948,#5980,.T.);
#17510=EDGE_CURVE('',#8952,#8950,#6005,.T.);
#17512=EDGE_CURVE('',#8881,#8952,#5960,.T.);
#17514=EDGE_CURVE('',#8880,#8881,#6143,.T.);
#17516=EDGE_CURVE('',#8883,#8880,#6122,.T.);
#17518=EDGE_CURVE('',#8885,#8883,#6228,.T.);
#17520=EDGE_CURVE('',#8887,#8885,#6195,.T.);
#17522=EDGE_CURVE('',#8889,#8887,#6220,.T.);
#17526=ADVANCED_FACE('',(#17499,#17525),#17493,.T.);
#17532=EDGE_CURVE('',#8957,#8895,#5948,.T.);
#17534=EDGE_CURVE('',#8944,#8957,#6021,.T.);
#17537=EDGE_CURVE('',#8895,#8889,#6191,.T.);
#17541=ADVANCED_FACE('',(#17540),#17531,.T.);
#17547=EDGE_CURVE('',#8956,#8893,#5952,.T.);
#17549=EDGE_CURVE('',#8955,#8956,#6094,.T.);
#17551=EDGE_CURVE('',#8957,#8955,#6029,.T.);
#17554=EDGE_CURVE('',#8894,#8895,#6187,.T.);
#17556=EDGE_CURVE('',#8893,#8894,#6159,.T.);
#17560=ADVANCED_FACE('',(#17559),#17546,.T.);
#17566=EDGE_CURVE('',#8960,#8892,#5956,.T.);
#17568=EDGE_CURVE('',#8956,#8960,#6098,.T.);
#17571=EDGE_CURVE('',#8892,#8893,#6155,.T.);
#17575=ADVANCED_FACE('',(#17574),#17565,.T.);
#17581=EDGE_CURVE('',#8966,#8911,#5964,.T.);
#17583=EDGE_CURVE('',#8961,#8966,#5972,.T.);
#17585=EDGE_CURVE('',#8960,#8961,#6070,.T.);
#17588=EDGE_CURVE('',#8912,#8892,#6151,.T.);
#17590=EDGE_CURVE('',#8911,#8912,#6110,.T.);
#17594=ADVANCED_FACE('',(#17593),#17580,.F.);
#17601=EDGE_CURVE('',#8966,#8952,#5976,.T.);
#17604=EDGE_CURVE('',#8881,#8911,#6102,.T.);
#17608=ADVANCED_FACE('',(#17607),#17599,.F.);
#17614=EDGE_CURVE('',#8948,#8963,#5984,.T.);
#17616=EDGE_CURVE('',#8965,#8948,#6017,.T.);
#17618=EDGE_CURVE('',#8961,#8965,#6078,.T.);
#17622=EDGE_CURVE('',#8968,#8952,#6001,.T.);
#17624=EDGE_CURVE('',#8963,#8968,#5993,.T.);
#17628=ADVANCED_FACE('',(#17627),#17613,.T.);
#17634=EDGE_CURVE('',#8970,#8963,#5988,.T.);
#17636=EDGE_CURVE('',#8950,#8970,#6009,.T.);
#17642=ADVANCED_FACE('',(#17641),#17633,.F.);
#17650=EDGE_CURVE('',#8970,#8968,#5997,.T.);
#17654=ADVANCED_FACE('',(#17653),#17647,.T.);
#17666=ADVANCED_FACE('',(#17665),#17659,.T.);
#17673=EDGE_CURVE('',#8972,#8946,#6033,.T.);
#17675=EDGE_CURVE('',#8965,#8972,#6082,.T.);
#17680=ADVANCED_FACE('',(#17679),#17671,.T.);
#17686=EDGE_CURVE('',#8974,#8946,#6037,.T.);
#17688=EDGE_CURVE('',#8976,#8974,#6050,.T.);
#17690=EDGE_CURVE('',#8944,#8976,#6066,.T.);
#17694=EDGE_CURVE('',#8972,#8955,#6090,.T.);
#17699=ADVANCED_FACE('',(#17698),#17685,.T.);
#17705=EDGE_CURVE('',#8974,#8978,#6045,.T.);
#17709=EDGE_CURVE('',#8978,#8943,#6058,.T.);
#17713=ADVANCED_FACE('',(#17712),#17704,.F.);
#17720=EDGE_CURVE('',#8976,#8978,#6054,.T.);
#17725=ADVANCED_FACE('',(#17724),#17718,.T.);
#17737=ADVANCED_FACE('',(#17736),#17730,.F.);
#17751=ADVANCED_FACE('',(#17750),#17742,.T.);
#17757=EDGE_CURVE('',#8907,#8883,#6118,.T.);
#17759=EDGE_CURVE('',#8909,#8907,#6131,.T.);
#17761=EDGE_CURVE('',#8881,#8909,#6147,.T.);
#17765=EDGE_CURVE('',#8905,#8912,#6179,.T.);
#17767=EDGE_CURVE('',#8905,#8883,#6114,.T.);
#17771=ADVANCED_FACE('',(#17770),#17756,.T.);
#17777=EDGE_CURVE('',#8907,#8914,#6126,.T.);
#17781=EDGE_CURVE('',#8914,#8880,#6139,.T.);
#17785=ADVANCED_FACE('',(#17784),#17776,.T.);
#17792=EDGE_CURVE('',#8909,#8914,#6135,.T.);
#17797=ADVANCED_FACE('',(#17796),#17790,.T.);
#17809=ADVANCED_FACE('',(#17808),#17802,.T.);
#17818=EDGE_CURVE('',#8894,#8899,#6167,.T.);
#17820=EDGE_CURVE('',#8899,#8905,#6171,.T.);
#17825=ADVANCED_FACE('',(#17824),#17814,.F.);
#17831=EDGE_CURVE('',#8885,#8897,#6199,.T.);
#17833=EDGE_CURVE('',#8899,#8885,#6232,.T.);
#17838=EDGE_CURVE('',#8901,#8889,#6216,.T.);
#17840=EDGE_CURVE('',#8897,#8901,#6208,.T.);
#17844=ADVANCED_FACE('',(#17843),#17830,.T.);
#17850=EDGE_CURVE('',#8903,#8897,#6203,.T.);
#17852=EDGE_CURVE('',#8887,#8903,#6224,.T.);
#17858=ADVANCED_FACE('',(#17857),#17849,.T.);
#17866=EDGE_CURVE('',#8903,#8901,#6212,.T.);
#17870=ADVANCED_FACE('',(#17869),#17863,.T.);
#17882=ADVANCED_FACE('',(#17881),#17875,.F.);
#17894=ADVANCED_FACE('',(#17893),#17887,.F.);
#17908=ADVANCED_FACE('',(#17907),#17899,.F.);
#17922=ADVANCED_FACE('',(#17921),#17913,.T.);
#17928=EDGE_CURVE('',#8801,#8802,#6284,.T.);
#17930=EDGE_CURVE('',#8802,#8773,#6288,.T.);
#17934=EDGE_CURVE('',#8796,#8812,#6300,.T.);
#17936=EDGE_CURVE('',#8812,#8801,#6304,.T.);
#17940=ADVANCED_FACE('',(#17939),#17927,.F.);
#17946=EDGE_CURVE('',#8802,#8624,#6496,.T.);
#17949=EDGE_CURVE('',#8801,#8626,#6328,.T.);
#17951=EDGE_CURVE('',#8624,#8626,#6508,.T.);
#17955=EDGE_CURVE('',#8805,#8578,#6332,.T.);
#17957=EDGE_CURVE('',#8805,#8806,#6309,.T.);
#17959=EDGE_CURVE('',#8808,#8806,#6372,.T.);
#17961=EDGE_CURVE('',#8808,#8810,#6314,.T.);
#17963=EDGE_CURVE('',#8573,#8810,#6348,.T.);
#17965=EDGE_CURVE('',#8573,#8574,#6319,.T.);
#17967=EDGE_CURVE('',#8576,#8574,#6476,.T.);
#17969=EDGE_CURVE('',#8576,#8578,#6324,.T.);
#17973=ADVANCED_FACE('',(#17954,#17972),#17945,.T.);
#17979=EDGE_CURVE('',#8822,#8580,#6336,.T.);
#17981=EDGE_CURVE('',#8805,#8822,#6376,.T.);
#17984=EDGE_CURVE('',#8580,#8578,#6488,.T.);
#17988=ADVANCED_FACE('',(#17987),#17978,.F.);
#17994=EDGE_CURVE('',#8825,#8591,#6340,.T.);
#17996=EDGE_CURVE('',#8823,#8825,#6392,.T.);
#17998=EDGE_CURVE('',#8822,#8823,#6384,.T.);
#18001=EDGE_CURVE('',#8579,#8580,#6484,.T.);
#18003=EDGE_CURVE('',#8591,#8579,#6460,.T.);
#18007=ADVANCED_FACE('',(#18006),#17993,.F.);
#18013=EDGE_CURVE('',#8816,#8589,#6344,.T.);
#18015=EDGE_CURVE('',#8825,#8816,#6396,.T.);
#18018=EDGE_CURVE('',#8589,#8591,#6456,.T.);
#18022=ADVANCED_FACE('',(#18021),#18012,.T.);
#18028=EDGE_CURVE('',#8814,#8586,#6352,.T.);
#18030=EDGE_CURVE('',#8813,#8814,#6360,.T.);
#18032=EDGE_CURVE('',#8816,#8813,#6400,.T.);
#18035=EDGE_CURVE('',#8587,#8589,#6452,.T.);
#18037=EDGE_CURVE('',#8586,#8587,#6432,.T.);
#18041=ADVANCED_FACE('',(#18040),#18027,.T.);
#18048=EDGE_CURVE('',#8814,#8810,#6364,.T.);
#18051=EDGE_CURVE('',#8573,#8586,#6424,.T.);
#18055=ADVANCED_FACE('',(#18054),#18046,.T.);
#18061=EDGE_CURVE('',#8818,#8808,#6368,.T.);
#18063=EDGE_CURVE('',#8813,#8818,#6408,.T.);
#18070=ADVANCED_FACE('',(#18069),#18060,.T.);
#18076=EDGE_CURVE('',#8820,#8806,#6388,.T.);
#18078=EDGE_CURVE('',#8818,#8820,#6412,.T.);
#18084=ADVANCED_FACE('',(#18083),#18075,.T.);
#18092=EDGE_CURVE('',#8820,#8823,#6420,.T.);
#18098=ADVANCED_FACE('',(#18097),#18089,.T.);
#18112=ADVANCED_FACE('',(#18111),#18103,.T.);
#18120=EDGE_CURVE('',#8584,#8587,#6448,.T.);
#18122=EDGE_CURVE('',#8584,#8574,#6436,.T.);
#18127=ADVANCED_FACE('',(#18126),#18117,.T.);
#18133=EDGE_CURVE('',#8582,#8584,#6440,.T.);
#18139=EDGE_CURVE('',#8579,#8582,#6468,.T.);
#18143=ADVANCED_FACE('',(#18142),#18132,.F.);
#18151=EDGE_CURVE('',#8582,#8576,#6472,.T.);
#18156=ADVANCED_FACE('',(#18155),#18148,.F.);
#18169=ADVANCED_FACE('',(#18168),#18161,.T.);
#18178=EDGE_CURVE('',#8566,#8624,#6504,.T.);
#18182=ADVANCED_FACE('',(#18181),#18174,.T.);
#18191=EDGE_CURVE('',#8626,#8628,#6512,.T.);
#18193=EDGE_CURVE('',#8628,#8595,#6516,.T.);
#18198=ADVANCED_FACE('',(#18197),#18187,.T.);
#18206=EDGE_CURVE('',#8812,#8628,#6524,.T.);
#18211=ADVANCED_FACE('',(#18210),#18203,.F.);
#18223=ADVANCED_FACE('',(#18222),#18216,.T.);
#18229=EDGE_CURVE('',#8598,#8599,#6532,.T.);
#18231=EDGE_CURVE('',#8599,#8570,#6536,.T.);
#18235=EDGE_CURVE('',#8593,#8609,#6548,.T.);
#18237=EDGE_CURVE('',#8609,#8598,#6552,.T.);
#18241=ADVANCED_FACE('',(#18240),#18228,.F.);
#18247=EDGE_CURVE('',#8599,#8421,#6744,.T.);
#18250=EDGE_CURVE('',#8598,#8423,#6576,.T.);
#18252=EDGE_CURVE('',#8421,#8423,#6756,.T.);
#18256=EDGE_CURVE('',#8602,#7259,#6580,.T.);
#18258=EDGE_CURVE('',#8602,#8603,#6557,.T.);
#18260=EDGE_CURVE('',#8605,#8603,#6620,.T.);
#18262=EDGE_CURVE('',#8605,#8607,#6562,.T.);
#18264=EDGE_CURVE('',#7254,#8607,#6596,.T.);
#18266=EDGE_CURVE('',#7254,#7255,#6567,.T.);
#18268=EDGE_CURVE('',#7257,#7255,#6724,.T.);
#18270=EDGE_CURVE('',#7257,#7259,#6572,.T.);
#18274=ADVANCED_FACE('',(#18255,#18273),#18246,.T.);
#18280=EDGE_CURVE('',#8619,#7261,#6584,.T.);
#18282=EDGE_CURVE('',#8602,#8619,#6624,.T.);
#18285=EDGE_CURVE('',#7261,#7259,#6736,.T.);
#18289=ADVANCED_FACE('',(#18288),#18279,.F.);
#18295=EDGE_CURVE('',#8622,#7272,#6588,.T.);
#18297=EDGE_CURVE('',#8620,#8622,#6640,.T.);
#18299=EDGE_CURVE('',#8619,#8620,#6632,.T.);
#18302=EDGE_CURVE('',#7260,#7261,#6732,.T.);
#18304=EDGE_CURVE('',#7272,#7260,#6708,.T.);
#18308=ADVANCED_FACE('',(#18307),#18294,.F.);
#18314=EDGE_CURVE('',#8613,#7270,#6592,.T.);
#18316=EDGE_CURVE('',#8622,#8613,#6644,.T.);
#18319=EDGE_CURVE('',#7270,#7272,#6704,.T.);
#18323=ADVANCED_FACE('',(#18322),#18313,.T.);
#18329=EDGE_CURVE('',#8611,#7267,#6600,.T.);
#18331=EDGE_CURVE('',#8610,#8611,#6608,.T.);
#18333=EDGE_CURVE('',#8613,#8610,#6648,.T.);
#18336=EDGE_CURVE('',#7268,#7270,#6700,.T.);
#18338=EDGE_CURVE('',#7267,#7268,#6680,.T.);
#18342=ADVANCED_FACE('',(#18341),#18328,.T.);
#18349=EDGE_CURVE('',#8611,#8607,#6612,.T.);
#18352=EDGE_CURVE('',#7254,#7267,#6672,.T.);
#18356=ADVANCED_FACE('',(#18355),#18347,.T.);
#18362=EDGE_CURVE('',#8615,#8605,#6616,.T.);
#18364=EDGE_CURVE('',#8610,#8615,#6656,.T.);
#18371=ADVANCED_FACE('',(#18370),#18361,.T.);
#18377=EDGE_CURVE('',#8617,#8603,#6636,.T.);
#18379=EDGE_CURVE('',#8615,#8617,#6660,.T.);
#18385=ADVANCED_FACE('',(#18384),#18376,.T.);
#18393=EDGE_CURVE('',#8617,#8620,#6668,.T.);
#18399=ADVANCED_FACE('',(#18398),#18390,.T.);
#18413=ADVANCED_FACE('',(#18412),#18404,.T.);
#18421=EDGE_CURVE('',#7265,#7268,#6696,.T.);
#18423=EDGE_CURVE('',#7265,#7255,#6684,.T.);
#18428=ADVANCED_FACE('',(#18427),#18418,.T.);
#18434=EDGE_CURVE('',#7263,#7265,#6688,.T.);
#18440=EDGE_CURVE('',#7260,#7263,#6716,.T.);
#18444=ADVANCED_FACE('',(#18443),#18433,.F.);
#18452=EDGE_CURVE('',#7263,#7257,#6720,.T.);
#18457=ADVANCED_FACE('',(#18456),#18449,.F.);
#18470=ADVANCED_FACE('',(#18469),#18462,.T.);
#18479=EDGE_CURVE('',#7247,#8421,#6752,.T.);
#18483=ADVANCED_FACE('',(#18482),#18475,.T.);
#18492=EDGE_CURVE('',#8423,#8425,#6760,.T.);
#18494=EDGE_CURVE('',#8425,#7276,#6764,.T.);
#18499=ADVANCED_FACE('',(#18498),#18488,.T.);
#18507=EDGE_CURVE('',#8609,#8425,#6772,.T.);
#18512=ADVANCED_FACE('',(#18511),#18504,.F.);
#18524=ADVANCED_FACE('',(#18523),#18517,.T.);
#18530=EDGE_CURVE('',#8395,#8396,#6780,.T.);
#18532=EDGE_CURVE('',#8396,#7251,#6784,.T.);
#18536=EDGE_CURVE('',#7274,#8406,#6796,.T.);
#18538=EDGE_CURVE('',#8406,#8395,#6800,.T.);
#18542=ADVANCED_FACE('',(#18541),#18529,.F.);
#18548=EDGE_CURVE('',#8396,#7121,#6992,.T.);
#18551=EDGE_CURVE('',#8395,#7123,#6824,.T.);
#18553=EDGE_CURVE('',#7121,#7123,#7004,.T.);
#18557=EDGE_CURVE('',#8399,#7062,#6828,.T.);
#18559=EDGE_CURVE('',#8399,#8400,#6805,.T.);
#18561=EDGE_CURVE('',#8402,#8400,#6868,.T.);
#18563=EDGE_CURVE('',#8402,#8404,#6810,.T.);
#18565=EDGE_CURVE('',#7057,#8404,#6844,.T.);
#18567=EDGE_CURVE('',#7057,#7058,#6815,.T.);
#18569=EDGE_CURVE('',#7060,#7058,#6972,.T.);
#18571=EDGE_CURVE('',#7060,#7062,#6820,.T.);
#18575=ADVANCED_FACE('',(#18556,#18574),#18547,.T.);
#18581=EDGE_CURVE('',#8416,#7064,#6832,.T.);
#18583=EDGE_CURVE('',#8399,#8416,#6872,.T.);
#18586=EDGE_CURVE('',#7064,#7062,#6984,.T.);
#18590=ADVANCED_FACE('',(#18589),#18580,.F.);
#18596=EDGE_CURVE('',#8419,#7075,#6836,.T.);
#18598=EDGE_CURVE('',#8417,#8419,#6888,.T.);
#18600=EDGE_CURVE('',#8416,#8417,#6880,.T.);
#18603=EDGE_CURVE('',#7063,#7064,#6980,.T.);
#18605=EDGE_CURVE('',#7075,#7063,#6956,.T.);
#18609=ADVANCED_FACE('',(#18608),#18595,.F.);
#18615=EDGE_CURVE('',#8410,#7073,#6840,.T.);
#18617=EDGE_CURVE('',#8419,#8410,#6892,.T.);
#18620=EDGE_CURVE('',#7073,#7075,#6952,.T.);
#18624=ADVANCED_FACE('',(#18623),#18614,.T.);
#18630=EDGE_CURVE('',#8408,#7070,#6848,.T.);
#18632=EDGE_CURVE('',#8407,#8408,#6856,.T.);
#18634=EDGE_CURVE('',#8410,#8407,#6896,.T.);
#18637=EDGE_CURVE('',#7071,#7073,#6948,.T.);
#18639=EDGE_CURVE('',#7070,#7071,#6928,.T.);
#18643=ADVANCED_FACE('',(#18642),#18629,.T.);
#18650=EDGE_CURVE('',#8408,#8404,#6860,.T.);
#18653=EDGE_CURVE('',#7057,#7070,#6920,.T.);
#18657=ADVANCED_FACE('',(#18656),#18648,.T.);
#18663=EDGE_CURVE('',#8412,#8402,#6864,.T.);
#18665=EDGE_CURVE('',#8407,#8412,#6904,.T.);
#18672=ADVANCED_FACE('',(#18671),#18662,.T.);
#18678=EDGE_CURVE('',#8414,#8400,#6884,.T.);
#18680=EDGE_CURVE('',#8412,#8414,#6908,.T.);
#18686=ADVANCED_FACE('',(#18685),#18677,.T.);
#18694=EDGE_CURVE('',#8414,#8417,#6916,.T.);
#18700=ADVANCED_FACE('',(#18699),#18691,.T.);
#18714=ADVANCED_FACE('',(#18713),#18705,.T.);
#18722=EDGE_CURVE('',#7068,#7071,#6944,.T.);
#18724=EDGE_CURVE('',#7068,#7058,#6932,.T.);
#18729=ADVANCED_FACE('',(#18728),#18719,.T.);
#18735=EDGE_CURVE('',#7066,#7068,#6936,.T.);
#18741=EDGE_CURVE('',#7063,#7066,#6964,.T.);
#18745=ADVANCED_FACE('',(#18744),#18734,.F.);
#18753=EDGE_CURVE('',#7066,#7060,#6968,.T.);
#18758=ADVANCED_FACE('',(#18757),#18750,.F.);
#18771=ADVANCED_FACE('',(#18770),#18763,.T.);
#18780=EDGE_CURVE('',#7052,#7121,#7000,.T.);
#18784=ADVANCED_FACE('',(#18783),#18776,.T.);
#18793=EDGE_CURVE('',#7123,#7125,#7008,.T.);
#18795=EDGE_CURVE('',#7125,#7079,#7012,.T.);
#18800=ADVANCED_FACE('',(#18799),#18789,.T.);
#18808=EDGE_CURVE('',#8406,#7125,#7020,.T.);
#18813=ADVANCED_FACE('',(#18812),#18805,.F.);
#18825=ADVANCED_FACE('',(#18824),#18818,.T.);
#18857=(LENGTH_UNIT()NAMED_UNIT(*)SI_UNIT(.MILLI.,.METRE.));
#18858=(NAMED_UNIT(*)PLANE_ANGLE_UNIT()SI_UNIT($,.RADIAN.));
#18861=(NAMED_UNIT(*)SI_UNIT($,.STERADIAN.)SOLID_ANGLE_UNIT());
#18863=(GEOMETRIC_REPRESENTATION_CONTEXT(3)GLOBAL_UNCERTAINTY_ASSIGNED_CONTEXT((
#18862))GLOBAL_UNIT_ASSIGNED_CONTEXT((#18857,#18860,#18861))REPRESENTATION_CONTEXT('ID1','3'));
#18864=ADVANCED_BREP_SHAPE_REPRESENTATION('',(#18827),#18863);
#18871=PRODUCT_DEFINITION('part definition','',#18870,#18867);
#18872=PRODUCT_DEFINITION_SHAPE('','SHAPE FOR PRT0018.',#18871);
#18873=SHAPE_ASPECT('','solid data associated with PRT0018',#18872,.F.);
#18874=PROPERTY_DEFINITION('',
'shape for solid data with which properties are associated',#18873);
#18875=SHAPE_REPRESENTATION('',(#18827),#18863);
#18876=SHAPE_DEFINITION_REPRESENTATION(#18874,#18875);
#18877=(LENGTH_UNIT()NAMED_UNIT(*)SI_UNIT(.MILLI.,.METRE.));
#18881=PROPERTY_DEFINITION('geometric validation property','area of PRT0018',
#18873);
#18882=REPRESENTATION('surface area',(#18880),#18863);
#18883=PROPERTY_DEFINITION_REPRESENTATION(#18881,#18882);
#18884=(LENGTH_UNIT()NAMED_UNIT(*)SI_UNIT(.MILLI.,.METRE.));
#18888=PROPERTY_DEFINITION('geometric validation property','volume of PRT0018',
#18873);
#18889=REPRESENTATION('volume',(#18887),#18863);
#18890=PROPERTY_DEFINITION_REPRESENTATION(#18888,#18889);
#18892=PROPERTY_DEFINITION('geometric validation property',
'centroid of PRT0018',#18873);
#18893=REPRESENTATION('centroid',(#18891),#18863);
#18894=PROPERTY_DEFINITION_REPRESENTATION(#18892,#18893);
#18895=(LENGTH_UNIT()NAMED_UNIT(*)SI_UNIT(.MILLI.,.METRE.));
#18899=PROPERTY_DEFINITION('geometric validation property','area of PRT0018',
#18872);
#18900=REPRESENTATION('surface area',(#18898),#18863);
#18901=PROPERTY_DEFINITION_REPRESENTATION(#18899,#18900);
#18902=(LENGTH_UNIT()NAMED_UNIT(*)SI_UNIT(.MILLI.,.METRE.));
#18906=PROPERTY_DEFINITION('geometric validation property','volume of PRT0018',
#18872);
#18907=REPRESENTATION('volume',(#18905),#18863);
#18908=PROPERTY_DEFINITION_REPRESENTATION(#18906,#18907);
#18910=PROPERTY_DEFINITION('geometric validation property',
'centroid of PRT0018',#18872);
#18911=REPRESENTATION('centroid',(#18909),#18863);
#18912=PROPERTY_DEFINITION_REPRESENTATION(#18910,#18911);
#18913=SHAPE_DEFINITION_REPRESENTATION(#18872,#18864);
ENDSEC;
END-ISO-10303-21;
